n,wer,per,hallucination_rate,wer_no_halluc,singer_id
77,0.17061312567070536,0.11598317674537698,0.012987012987012988,0.15970014048216202,EN-Tenor-1
118,0.11845663526770377,0.06826436476909409,0.00847457627118644,0.10237506804776961,EN-Alto-1
233,0.09457863577453059,0.05730300465937342,0.0,0.09457863577453059,EN-Alto-2
