n,wer,per,hallucination_rate,wer_no_halluc,technique
91,0.1815339227556422,0.10616005525863861,0.02197802197802198,0.1519054715816117,vibrato
68,0.11010585723534975,0.0639998457593311,0.0,0.11010585723534975,breathy
105,0.10494000363031959,0.0706338721463831,0.0,0.10494000363031959,pharyngeal
68,0.10233253434432935,0.07025006985529593,0.0,0.10233253434432935,glissando
96,0.07466476869097721,0.043035248667501635,0.0,0.07466476869097721,mixed_falsetto
