n,wer,per,hallucination_rate,wer_no_halluc
428,0.11484092470490417,0.0708820087331335,0.004672897196261682,0.10833783045469246
