n,wer,per,hallucination_rate,wer_no_halluc,technique
105,0.8161982664065718,0.7115616957911506,0.009523809523809525,0.1028924805066349,pharyngeal
91,0.18486426313051701,0.10600858394820327,0.02197802197802198,0.15531065106603423,vibrato
68,0.10811492054046569,0.06004091109773198,0.0,0.10811492054046569,breathy
96,0.08500140041991444,0.04865083436018792,0.0,0.08500140041991444,mixed_falsetto
68,0.0848647901002693,0.05822727943028242,0.0,0.0848647901002693,glissando
