n,wer,per,hallucination_rate,wer_no_halluc
428,0.2892668707510486,0.22680718750429985,0.007009345794392523,0.10777934277987963
