n,wer,per,hallucination_rate,wer_no_halluc,singer_id
233,0.4138754134668505,0.34553910338799276,0.004291845493562232,0.0923834971455869,EN-Alto-2
77,0.17753348699107507,0.11775566414021169,0.012987012987012988,0.16671155918832606,EN-Tenor-1
118,0.11612856648610084,0.06352270359018394,0.00847457627118644,0.10002710124239231,EN-Alto-1
