n,wer,per,hallucination_rate,wer_no_halluc
428,0.11336816193524968,0.06893139537687631,0.004672897196261682,0.1068581533058377
