n,wer,per,hallucination_rate,wer_no_halluc,technique
91,0.18278196167846766,0.10689461389587118,0.02197802197802198,0.1531815563229276,vibrato
68,0.10664149071951265,0.06037970547838517,0.0,0.10664149071951265,breathy
105,0.1010150148313812,0.06581129043779328,0.0,0.1010150148313812,pharyngeal
68,0.0960700043047095,0.06362924903844293,0.0,0.0960700043047095,glissando
96,0.07809850600629348,0.0461711766006894,0.0,0.07809850600629348,mixed_falsetto
