n,wer,per,hallucination_rate,wer_no_halluc,singer_id
77,0.16400314515537323,0.11122019791351793,0.012987012987012988,0.15300318653899658,EN-Tenor-1
118,0.11804457458579473,0.06561794207750028,0.00847457627118644,0.10195948547969041,EN-Alto-1
233,0.09426640055879544,0.05663418376316373,0.0,0.09426640055879544,EN-Alto-2
