n,wer,per,hallucination_rate,wer_no_halluc,technique
1047,0.18682206500693127,0.1402663947768475,0.027698185291308502,0.09314471381438857,pharyngeal
675,0.1852316792276916,0.13554968828995123,0.04296296296296296,0.08276107626141899,breathy
906,0.1405950577805176,0.09400146156507116,0.011037527593818985,0.10077655024086563,vibrato
675,0.1263810584424495,0.08445537271444743,0.02074074074074074,0.08210121446345191,glissando
631,0.08754741016690323,0.053273615058877274,0.004754358161648178,0.08152037701862562,mixed_falsetto
