n,wer,per,hallucination_rate,wer_no_halluc
3934,0.14960926236758187,0.10527282836538751,0.021606507371631927,0.0893854150355361
