n,wer,per,hallucination_rate,wer_no_halluc,singer_id
1059,0.22712005951253644,0.16604989781872573,0.03871576959395656,0.09494113853614838,EN-Alto-1
756,0.18930678330170025,0.13850464391802256,0.006613756613756613,0.11777531492599032,EN-Tenor-1
2119,0.09670918685899277,0.06304245124935294,0.018404907975460124,0.07641592400603878,EN-Alto-2
