utt_id,technique,variant,singer_id,cos_to_source,shift_norm,shift_alignment
EN-Alto-1__breathy__technique__all_is_found__0000_v0,breathy,0,EN-Alto-1,0.6644018292427063,0.8192657828330994,0.011669508181512356
EN-Alto-1__breathy__technique__all_is_found__0000_v1,breathy,1,EN-Alto-1,0.6326132416725159,0.8571894764900208,0.03886015713214874
EN-Alto-1__breathy__technique__all_is_found__0000_v2,breathy,2,EN-Alto-1,0.5785630345344543,0.9180816411972046,0.07464462518692017
EN-Alto-1__breathy__technique__all_is_found__0001_v0,breathy,0,EN-Alto-1,0.7119314670562744,0.7590369582176208,0.0204449649900198
EN-Alto-1__breathy__technique__all_is_found__0001_v1,breathy,1,EN-Alto-1,0.666721522808075,0.8164293766021729,0.056451600044965744
EN-Alto-1__breathy__technique__all_is_found__0001_v2,breathy,2,EN-Alto-1,0.6242389678955078,0.8669036626815796,0.08622154593467712
EN-Alto-1__breathy__technique__all_is_found__0002_v0,breathy,0,EN-Alto-1,0.779604971408844,0.6639202237129211,0.07437663525342941
EN-Alto-1__breathy__technique__all_is_found__0002_v1,breathy,1,EN-Alto-1,0.7806075811386108,0.6624084711074829,0.13382576406002045
EN-Alto-1__breathy__technique__all_is_found__0002_v2,breathy,2,EN-Alto-1,0.7682918310165405,0.6807470321655273,0.17798379063606262
EN-Alto-1__breathy__technique__all_is_found__0003_v0,breathy,0,EN-Alto-1,0.7538986206054688,0.7015717029571533,0.11290981620550156
EN-Alto-1__breathy__technique__all_is_found__0003_v1,breathy,1,EN-Alto-1,0.7336205244064331,0.7299034595489502,0.12995903193950653
EN-Alto-1__breathy__technique__all_is_found__0003_v2,breathy,2,EN-Alto-1,0.7050499320030212,0.7680497169494629,0.14062568545341492
EN-Alto-1__breathy__technique__all_is_found__0004_v0,breathy,0,EN-Alto-1,0.6731550097465515,0.8085110187530518,0.11594109982252121
EN-Alto-1__breathy__technique__all_is_found__0004_v1,breathy,1,EN-Alto-1,0.6559205651283264,0.8295534253120422,0.14184387028217316
EN-Alto-1__breathy__technique__all_is_found__0004_v2,breathy,2,EN-Alto-1,0.6423749923706055,0.8457246422767639,0.18127304315567017
EN-Alto-1__breathy__technique__all_is_found__0005_v0,breathy,0,EN-Alto-1,0.7495278120040894,0.7077743411064148,0.1430988758802414
EN-Alto-1__breathy__technique__all_is_found__0005_v1,breathy,1,EN-Alto-1,0.7500125169754028,0.7070892453193665,0.21786940097808838
EN-Alto-1__breathy__technique__all_is_found__0005_v2,breathy,2,EN-Alto-1,0.7261388897895813,0.7400825619697571,0.24801480770111084
EN-Alto-1__breathy__technique__all_is_found__0006_v0,breathy,0,EN-Alto-1,0.6291559338569641,0.8612132668495178,-0.20576876401901245
EN-Alto-1__breathy__technique__all_is_found__0006_v1,breathy,1,EN-Alto-1,0.5956596732139587,0.8992667198181152,-0.2052675485610962
EN-Alto-1__breathy__technique__all_is_found__0006_v2,breathy,2,EN-Alto-1,0.5315784811973572,0.9679065346717834,-0.20004813373088837
EN-Alto-1__breathy__technique__all_is_found__0007_v0,breathy,0,EN-Alto-1,0.7923884391784668,0.6443781852722168,0.06998642534017563
EN-Alto-1__breathy__technique__all_is_found__0007_v1,breathy,1,EN-Alto-1,0.7704440355300903,0.6775780320167542,0.0979282334446907
EN-Alto-1__breathy__technique__all_is_found__0007_v2,breathy,2,EN-Alto-1,0.7488049268722534,0.7087949514389038,0.11035555601119995
EN-Alto-1__breathy__technique__all_is_found__0008_v0,breathy,0,EN-Alto-1,0.7458513379096985,0.712949812412262,-0.022637486457824707
EN-Alto-1__breathy__technique__all_is_found__0008_v1,breathy,1,EN-Alto-1,0.7092366814613342,0.7625790238380432,-0.028680484741926193
EN-Alto-1__breathy__technique__all_is_found__0008_v2,breathy,2,EN-Alto-1,0.6548425555229187,0.8308520317077637,-0.0163026824593544
EN-Alto-1__breathy__technique__all_is_found__0009_v0,breathy,0,EN-Alto-1,0.8075281381607056,0.6204385161399841,0.08955951780080795
EN-Alto-1__breathy__technique__all_is_found__0009_v1,breathy,1,EN-Alto-1,0.7995907664299011,0.6331024169921875,0.12435511499643326
EN-Alto-1__breathy__technique__all_is_found__0009_v2,breathy,2,EN-Alto-1,0.7819168567657471,0.6604290008544922,0.11378403007984161
EN-Alto-1__breathy__technique__all_is_found__0010_v0,breathy,0,EN-Alto-1,0.6527855396270752,0.8333240151405334,-0.0073379105888307095
EN-Alto-1__breathy__technique__all_is_found__0010_v1,breathy,1,EN-Alto-1,0.6316673755645752,0.8582921028137207,0.04209019988775253
EN-Alto-1__breathy__technique__all_is_found__0010_v2,breathy,2,EN-Alto-1,0.5771197080612183,0.9196524620056152,0.09871138632297516
EN-Alto-1__breathy__technique__all_is_found__0011_v0,breathy,0,EN-Alto-1,0.7757641077041626,0.6696804761886597,0.08316688239574432
EN-Alto-1__breathy__technique__all_is_found__0011_v1,breathy,1,EN-Alto-1,0.7372943162918091,0.7248527407646179,0.0451308898627758
EN-Alto-1__breathy__technique__all_is_found__0011_v2,breathy,2,EN-Alto-1,0.6917120218276978,0.7852234840393066,0.02708013355731964
EN-Alto-1__breathy__technique__all_is_found__0012_v0,breathy,0,EN-Alto-1,0.6925971508026123,0.7840956449508667,0.06401512771844864
EN-Alto-1__breathy__technique__all_is_found__0012_v1,breathy,1,EN-Alto-1,0.689516007900238,0.7880151867866516,0.1010255366563797
EN-Alto-1__breathy__technique__all_is_found__0012_v2,breathy,2,EN-Alto-1,0.662182092666626,0.8219708204269409,0.1233648732304573
EN-Alto-1__breathy__technique__all_is_found__0013_v0,breathy,0,EN-Alto-1,0.8247709274291992,0.5919951796531677,0.1581912785768509
EN-Alto-1__breathy__technique__all_is_found__0013_v1,breathy,1,EN-Alto-1,0.8178203701972961,0.6036218404769897,0.23705200850963593
EN-Alto-1__breathy__technique__all_is_found__0013_v2,breathy,2,EN-Alto-1,0.8183413743972778,0.6027581095695496,0.24895638227462769
EN-Alto-1__breathy__technique__god_is_a_girl__0000_v0,breathy,0,EN-Alto-1,0.7714712023735046,0.6760604977607727,0.17151577770709991
EN-Alto-1__breathy__technique__god_is_a_girl__0000_v1,breathy,1,EN-Alto-1,0.7329508066177368,0.7308204174041748,0.18161916732788086
EN-Alto-1__breathy__technique__god_is_a_girl__0000_v2,breathy,2,EN-Alto-1,0.6974778175354004,0.7778460383415222,0.2250964343547821
EN-Alto-1__breathy__technique__god_is_a_girl__0001_v0,breathy,0,EN-Alto-1,0.7497771978378296,0.7074218392372131,0.2916138172149658
EN-Alto-1__breathy__technique__god_is_a_girl__0001_v1,breathy,1,EN-Alto-1,0.7279170751571655,0.7376761436462402,0.26797735691070557
EN-Alto-1__breathy__technique__god_is_a_girl__0001_v2,breathy,2,EN-Alto-1,0.7008640170097351,0.7734805941581726,0.26484912633895874
EN-Alto-1__breathy__technique__god_is_a_girl__0002_v0,breathy,0,EN-Alto-1,0.6370171308517456,0.85203617811203,0.2626956105232239
EN-Alto-1__breathy__technique__god_is_a_girl__0002_v1,breathy,1,EN-Alto-1,0.6082574725151062,0.885146975517273,0.2607365548610687
EN-Alto-1__breathy__technique__god_is_a_girl__0002_v2,breathy,2,EN-Alto-1,0.5812056064605713,0.9151989221572876,0.27406829595565796
EN-Alto-1__breathy__technique__god_is_a_girl__0003_v0,breathy,0,EN-Alto-1,0.7348721623420715,0.7281867265701294,0.17328913509845734
EN-Alto-1__breathy__technique__god_is_a_girl__0003_v1,breathy,1,EN-Alto-1,0.7080240845680237,0.764167308807373,0.1716468781232834
EN-Alto-1__breathy__technique__god_is_a_girl__0003_v2,breathy,2,EN-Alto-1,0.6776180267333984,0.8029718399047852,0.19783920049667358
EN-Alto-1__breathy__technique__god_is_a_girl__0004_v0,breathy,0,EN-Alto-1,0.7185116410255432,0.7503178119659424,0.20969250798225403
EN-Alto-1__breathy__technique__god_is_a_girl__0004_v1,breathy,1,EN-Alto-1,0.7074633836746216,0.7649008631706238,0.1912364959716797
EN-Alto-1__breathy__technique__god_is_a_girl__0004_v2,breathy,2,EN-Alto-1,0.6899454593658447,0.7874701023101807,0.18913638591766357
EN-Alto-1__breathy__technique__innocence__0000_v0,breathy,0,EN-Alto-1,0.6266984343528748,0.8640621304512024,0.07751259207725525
EN-Alto-1__breathy__technique__innocence__0000_v1,breathy,1,EN-Alto-1,0.6194537878036499,0.8724062442779541,0.0714937075972557
EN-Alto-1__breathy__technique__innocence__0000_v2,breathy,2,EN-Alto-1,0.6049919128417969,0.8888286352157593,0.08115840703248978
EN-Alto-1__breathy__technique__innocence__0001_v0,breathy,0,EN-Alto-1,0.6776561737060547,0.8029245734214783,0.173116534948349
EN-Alto-1__breathy__technique__innocence__0001_v1,breathy,1,EN-Alto-1,0.6587752103805542,0.8261052370071411,0.13793395459651947
EN-Alto-1__breathy__technique__innocence__0001_v2,breathy,2,EN-Alto-1,0.6281955242156982,0.8623276948928833,0.15124958753585815
EN-Alto-1__breathy__technique__innocence__0002_v0,breathy,0,EN-Alto-1,0.6757144927978516,0.8053392171859741,0.1375495344400406
EN-Alto-1__breathy__technique__innocence__0002_v1,breathy,1,EN-Alto-1,0.661831796169281,0.8223969340324402,0.12649354338645935
EN-Alto-1__breathy__technique__innocence__0002_v2,breathy,2,EN-Alto-1,0.636624276638031,0.8524973392486572,0.12615789473056793
EN-Alto-1__breathy__technique__innocence__0003_v0,breathy,0,EN-Alto-1,0.7042726278305054,0.7690609693527222,0.10338321328163147
EN-Alto-1__breathy__technique__innocence__0003_v1,breathy,1,EN-Alto-1,0.6772500872612,0.8034301400184631,0.09537602961063385
EN-Alto-1__breathy__technique__innocence__0003_v2,breathy,2,EN-Alto-1,0.6313359141349792,0.8586781620979309,0.08969772607088089
EN-Alto-1__breathy__technique__innocence__0004_v0,breathy,0,EN-Alto-1,0.7142347097396851,0.7559964656829834,0.013098674826323986
EN-Alto-1__breathy__technique__innocence__0004_v1,breathy,1,EN-Alto-1,0.6910605430603027,0.7860528826713562,-0.01990281045436859
EN-Alto-1__breathy__technique__innocence__0004_v2,breathy,2,EN-Alto-1,0.653140664100647,0.8328978419303894,0.013642712496221066
EN-Alto-1__breathy__technique__innocence__0005_v0,breathy,0,EN-Alto-1,0.7929753065109253,0.6434667706489563,0.02396923117339611
EN-Alto-1__breathy__technique__innocence__0005_v1,breathy,1,EN-Alto-1,0.7806164026260376,0.6623950004577637,0.034813810139894485
EN-Alto-1__breathy__technique__innocence__0005_v2,breathy,2,EN-Alto-1,0.7397420406341553,0.7214677929878235,0.08465386927127838
EN-Alto-1__breathy__technique__innocence__0006_v0,breathy,0,EN-Alto-1,0.7145901918411255,0.755526065826416,0.09481985121965408
EN-Alto-1__breathy__technique__innocence__0006_v1,breathy,1,EN-Alto-1,0.7138484716415405,0.7565072178840637,0.1054900735616684
EN-Alto-1__breathy__technique__innocence__0006_v2,breathy,2,EN-Alto-1,0.7087095975875854,0.7632697224617004,0.1066061332821846
EN-Alto-1__breathy__technique__innocence__0007_v0,breathy,0,EN-Alto-1,0.35487306118011475,1.13589346408844,0.035497844219207764
EN-Alto-1__breathy__technique__innocence__0007_v1,breathy,1,EN-Alto-1,0.339579701423645,1.1492784023284912,0.041598908603191376
EN-Alto-1__breathy__technique__innocence__0007_v2,breathy,2,EN-Alto-1,0.3137606382369995,1.1715284585952759,0.06882423162460327
EN-Alto-1__breathy__technique__innocence__0008_v0,breathy,0,EN-Alto-1,0.6206098794937134,0.8710800409317017,0.11906173825263977
EN-Alto-1__breathy__technique__innocence__0008_v1,breathy,1,EN-Alto-1,0.6002258658409119,0.8941746950149536,0.07904456555843353
EN-Alto-1__breathy__technique__innocence__0008_v2,breathy,2,EN-Alto-1,0.5832056999206543,0.913010835647583,0.09273088723421097
EN-Alto-1__breathy__technique__innocence__0009_v0,breathy,0,EN-Alto-1,0.6620725989341736,0.8221039772033691,0.1466558426618576
EN-Alto-1__breathy__technique__innocence__0009_v1,breathy,1,EN-Alto-1,0.655167818069458,0.8304603099822998,0.095494344830513
EN-Alto-1__breathy__technique__innocence__0009_v2,breathy,2,EN-Alto-1,0.6308727264404297,0.8592174649238586,0.10492052882909775
EN-Alto-1__breathy__technique__innocence__0010_v0,breathy,0,EN-Alto-1,0.7205700874328613,0.7475693821907043,0.08468934148550034
EN-Alto-1__breathy__technique__innocence__0010_v1,breathy,1,EN-Alto-1,0.698527455329895,0.7764954566955566,0.05723176896572113
EN-Alto-1__breathy__technique__innocence__0010_v2,breathy,2,EN-Alto-1,0.6724276542663574,0.8094101548194885,0.04460121691226959
EN-Alto-1__breathy__technique__innocence__0011_v0,breathy,0,EN-Alto-1,0.7258678674697876,0.7404488325119019,0.11399957537651062
EN-Alto-1__breathy__technique__innocence__0011_v1,breathy,1,EN-Alto-1,0.7109658718109131,0.7603081464767456,0.08682334423065186
EN-Alto-1__breathy__technique__innocence__0011_v2,breathy,2,EN-Alto-1,0.6731348037719727,0.8085361123085022,0.07423180341720581
EN-Alto-1__breathy__technique__innocence__0012_v0,breathy,0,EN-Alto-1,0.6811869740486145,0.7985150814056396,0.15180180966854095
EN-Alto-1__breathy__technique__innocence__0012_v1,breathy,1,EN-Alto-1,0.6632111072540283,0.8207178711891174,0.13226577639579773
EN-Alto-1__breathy__technique__innocence__0012_v2,breathy,2,EN-Alto-1,0.6228318214416504,0.8685254454612732,0.11535726487636566
EN-Alto-1__breathy__technique__innocence__0013_v0,breathy,0,EN-Alto-1,0.7480827569961548,0.7098131775856018,0.12657451629638672
EN-Alto-1__breathy__technique__innocence__0013_v1,breathy,1,EN-Alto-1,0.7344032526016235,0.7288302779197693,0.14514543116092682
EN-Alto-1__breathy__technique__innocence__0013_v2,breathy,2,EN-Alto-1,0.6884622573852539,0.7893512845039368,0.1722753345966339
EN-Alto-1__breathy__technique__let_it_go__0000_v0,breathy,0,EN-Alto-1,0.3893960416316986,1.1050828695297241,0.03601790592074394
EN-Alto-1__breathy__technique__let_it_go__0000_v1,breathy,1,EN-Alto-1,0.37444639205932617,1.118529200553894,0.08301641792058945
EN-Alto-1__breathy__technique__let_it_go__0000_v2,breathy,2,EN-Alto-1,0.3166326880455017,1.1690744161605835,0.13705138862133026
EN-Alto-1__breathy__technique__let_it_go__0001_v0,breathy,0,EN-Alto-1,0.739884078502655,0.7212710976600647,0.18593363463878632
EN-Alto-1__breathy__technique__let_it_go__0001_v1,breathy,1,EN-Alto-1,0.695445716381073,0.7804542183876038,0.1594851016998291
EN-Alto-1__breathy__technique__let_it_go__0001_v2,breathy,2,EN-Alto-1,0.6292597055435181,0.861092746257782,0.17618903517723083
EN-Alto-1__breathy__technique__let_it_go__0002_v0,breathy,0,EN-Alto-1,0.7959675788879395,0.6387995481491089,0.13588650524616241
EN-Alto-1__breathy__technique__let_it_go__0002_v1,breathy,1,EN-Alto-1,0.7479289174079895,0.7100297212600708,0.14898738265037537
EN-Alto-1__breathy__technique__let_it_go__0002_v2,breathy,2,EN-Alto-1,0.6936741471290588,0.7827208042144775,0.1684553325176239
EN-Alto-1__breathy__technique__let_it_go__0003_v0,breathy,0,EN-Alto-1,0.7267910838127136,0.7392008304595947,0.14483939111232758
EN-Alto-1__breathy__technique__let_it_go__0003_v1,breathy,1,EN-Alto-1,0.687012255191803,0.7911862134933472,0.10138680040836334
EN-Alto-1__breathy__technique__let_it_go__0003_v2,breathy,2,EN-Alto-1,0.6271174550056458,0.8635768294334412,0.11606135964393616
EN-Alto-1__breathy__technique__let_it_go__0004_v0,breathy,0,EN-Alto-1,0.8495237827301025,0.5485913753509521,0.10722479224205017
EN-Alto-1__breathy__technique__let_it_go__0004_v1,breathy,1,EN-Alto-1,0.8255187273025513,0.5907304883003235,0.09588681906461716
EN-Alto-1__breathy__technique__let_it_go__0004_v2,breathy,2,EN-Alto-1,0.7757748365402222,0.6696644425392151,0.12109219282865524
EN-Alto-1__breathy__technique__let_it_go__0005_v0,breathy,0,EN-Alto-1,0.8042374849319458,0.6257195472717285,0.1446075290441513
EN-Alto-1__breathy__technique__let_it_go__0005_v1,breathy,1,EN-Alto-1,0.7684212923049927,0.6805568337440491,0.1146906241774559
EN-Alto-1__breathy__technique__let_it_go__0005_v2,breathy,2,EN-Alto-1,0.7191430330276489,0.74947589635849,0.1260976642370224
EN-Alto-1__breathy__technique__let_it_go__0006_v0,breathy,0,EN-Alto-1,0.790516197681427,0.647277295589447,0.13706079125404358
EN-Alto-1__breathy__technique__let_it_go__0006_v1,breathy,1,EN-Alto-1,0.7650070190429688,0.6855553388595581,0.11098732054233551
EN-Alto-1__breathy__technique__let_it_go__0006_v2,breathy,2,EN-Alto-1,0.6995992660522461,0.7751139402389526,0.1551429033279419
EN-Alto-1__breathy__technique__once_up_a_dream__0000_v0,breathy,0,EN-Alto-1,0.8601803779602051,0.5288093090057373,0.22229790687561035
EN-Alto-1__breathy__technique__once_up_a_dream__0000_v1,breathy,1,EN-Alto-1,0.8312646746635437,0.5809223055839539,0.25102299451828003
EN-Alto-1__breathy__technique__once_up_a_dream__0000_v2,breathy,2,EN-Alto-1,0.795287013053894,0.6398641467094421,0.28048503398895264
EN-Alto-1__breathy__technique__once_up_a_dream__0001_v0,breathy,0,EN-Alto-1,0.8316994905471802,0.5801735520362854,0.24897640943527222
EN-Alto-1__breathy__technique__once_up_a_dream__0001_v1,breathy,1,EN-Alto-1,0.7857825756072998,0.6545495390892029,0.2553877532482147
EN-Alto-1__breathy__technique__once_up_a_dream__0001_v2,breathy,2,EN-Alto-1,0.729804515838623,0.7351129651069641,0.2818698585033417
EN-Alto-1__breathy__technique__once_up_a_dream__0002_v0,breathy,0,EN-Alto-1,0.788593053817749,0.6502415537834167,0.23658813536167145
EN-Alto-1__breathy__technique__once_up_a_dream__0002_v1,breathy,1,EN-Alto-1,0.771202564239502,0.6764577627182007,0.23093539476394653
EN-Alto-1__breathy__technique__once_up_a_dream__0002_v2,breathy,2,EN-Alto-1,0.7306721806526184,0.7339317202568054,0.2507604658603668
EN-Alto-1__breathy__technique__once_up_a_dream__0003_v0,breathy,0,EN-Alto-1,0.8277358412742615,0.5869653224945068,0.256192147731781
EN-Alto-1__breathy__technique__once_up_a_dream__0003_v1,breathy,1,EN-Alto-1,0.7928975820541382,0.6435874104499817,0.24400220811367035
EN-Alto-1__breathy__technique__once_up_a_dream__0003_v2,breathy,2,EN-Alto-1,0.7407540678977966,0.7200638055801392,0.2710654139518738
EN-Alto-1__breathy__technique__safe_and_sound__0000_v0,breathy,0,EN-Alto-1,0.439565509557724,1.058711051940918,-0.03144235536456108
EN-Alto-1__breathy__technique__safe_and_sound__0000_v1,breathy,1,EN-Alto-1,0.3915363550186157,1.1031442880630493,0.005643932614475489
EN-Alto-1__breathy__technique__safe_and_sound__0000_v2,breathy,2,EN-Alto-1,0.33208167552948,1.155784010887146,0.03953219950199127
EN-Alto-1__breathy__technique__safe_and_sound__0001_v0,breathy,0,EN-Alto-1,0.699707567691803,0.7749740481376648,0.12826600670814514
EN-Alto-1__breathy__technique__safe_and_sound__0001_v1,breathy,1,EN-Alto-1,0.6588951945304871,0.8259598612785339,0.16151341795921326
EN-Alto-1__breathy__technique__safe_and_sound__0001_v2,breathy,2,EN-Alto-1,0.6140459179878235,0.8785830140113831,0.16717644035816193
EN-Alto-1__breathy__technique__safe_and_sound__0002_v0,breathy,0,EN-Alto-1,0.683700680732727,0.7953608632087708,0.11453057825565338
EN-Alto-1__breathy__technique__safe_and_sound__0002_v1,breathy,1,EN-Alto-1,0.6509392261505127,0.835536777973175,0.1298152655363083
EN-Alto-1__breathy__technique__safe_and_sound__0002_v2,breathy,2,EN-Alto-1,0.6144008636474609,0.878179132938385,0.15529996156692505
EN-Alto-1__breathy__technique__safe_and_sound__0003_v0,breathy,0,EN-Alto-1,0.7145146727561951,0.7556260824203491,0.07360022515058517
EN-Alto-1__breathy__technique__safe_and_sound__0003_v1,breathy,1,EN-Alto-1,0.6942310929298401,0.7820088863372803,0.06624925881624222
EN-Alto-1__breathy__technique__safe_and_sound__0003_v2,breathy,2,EN-Alto-1,0.6687265038490295,0.8139699697494507,0.056602753698825836
EN-Alto-1__breathy__technique__safe_and_sound__0004_v0,breathy,0,EN-Alto-1,0.7980329394340515,0.6355582475662231,0.12510208785533905
EN-Alto-1__breathy__technique__safe_and_sound__0004_v1,breathy,1,EN-Alto-1,0.7646600008010864,0.6860613822937012,0.11695777624845505
EN-Alto-1__breathy__technique__safe_and_sound__0004_v2,breathy,2,EN-Alto-1,0.7203966975212097,0.7478012442588806,0.10962609201669693
EN-Alto-1__breathy__technique__safe_and_sound__0005_v0,breathy,0,EN-Alto-1,0.776662290096283,0.6683380007743835,0.13999150693416595
EN-Alto-1__breathy__technique__safe_and_sound__0005_v1,breathy,1,EN-Alto-1,0.747977614402771,0.7099612951278687,0.133049875497818
EN-Alto-1__breathy__technique__safe_and_sound__0005_v2,breathy,2,EN-Alto-1,0.7155324220657349,0.7542781233787537,0.1190708801150322
EN-Alto-1__breathy__technique__safe_and_sound__0006_v0,breathy,0,EN-Alto-1,0.7320848703384399,0.7320043444633484,0.055908381938934326
EN-Alto-1__breathy__technique__safe_and_sound__0006_v1,breathy,1,EN-Alto-1,0.7088217735290527,0.7631229162216187,0.07689749449491501
EN-Alto-1__breathy__technique__safe_and_sound__0006_v2,breathy,2,EN-Alto-1,0.6763786673545837,0.8045139908790588,0.0805279016494751
EN-Alto-1__breathy__technique__safe_and_sound__0007_v0,breathy,0,EN-Alto-1,0.6733496189117432,0.808270275592804,-0.0012222171062603593
EN-Alto-1__breathy__technique__safe_and_sound__0007_v1,breathy,1,EN-Alto-1,0.6328798532485962,0.8568783402442932,0.05332284793257713
EN-Alto-1__breathy__technique__safe_and_sound__0007_v2,breathy,2,EN-Alto-1,0.6003822684288025,0.8939997553825378,0.12050212919712067
EN-Alto-1__breathy__technique__safe_and_sound__0008_v0,breathy,0,EN-Alto-1,0.7416913509368896,0.7187609672546387,0.021248379722237587
EN-Alto-1__breathy__technique__safe_and_sound__0008_v1,breathy,1,EN-Alto-1,0.727483868598938,0.7382630109786987,0.06203050911426544
EN-Alto-1__breathy__technique__safe_and_sound__0008_v2,breathy,2,EN-Alto-1,0.6880995631217957,0.7898107767105103,0.09216046333312988
EN-Alto-1__breathy__technique__safe_and_sound__0009_v0,breathy,0,EN-Alto-1,0.7818441390991211,0.6605390310287476,0.13204285502433777
EN-Alto-1__breathy__technique__safe_and_sound__0009_v1,breathy,1,EN-Alto-1,0.7541642785072327,0.7011930346488953,0.15625183284282684
EN-Alto-1__breathy__technique__safe_and_sound__0009_v2,breathy,2,EN-Alto-1,0.713850736618042,0.7565042972564697,0.16519878804683685
EN-Alto-1__breathy__technique__safe_and_sound__0010_v0,breathy,0,EN-Alto-1,0.693813145160675,0.7825431823730469,-0.012162699364125729
EN-Alto-1__breathy__technique__safe_and_sound__0010_v1,breathy,1,EN-Alto-1,0.661973774433136,0.8222241997718811,0.012777100317180157
EN-Alto-1__breathy__technique__safe_and_sound__0010_v2,breathy,2,EN-Alto-1,0.6246705055236816,0.8664057850837708,0.014547421596944332
EN-Alto-1__breathy__technique__safe_and_sound__0011_v0,breathy,0,EN-Alto-1,0.7786101698875427,0.6654168367385864,0.037288010120391846
EN-Alto-1__breathy__technique__safe_and_sound__0011_v1,breathy,1,EN-Alto-1,0.7547661066055298,0.7003340721130371,0.0401468388736248
EN-Alto-1__breathy__technique__safe_and_sound__0011_v2,breathy,2,EN-Alto-1,0.7149149179458618,0.7550961971282959,0.03679497167468071
EN-Alto-1__breathy__technique__safe_and_sound__0012_v0,breathy,0,EN-Alto-1,0.7780724763870239,0.6662245988845825,0.1186726987361908
EN-Alto-1__breathy__technique__safe_and_sound__0012_v1,breathy,1,EN-Alto-1,0.7621375322341919,0.6897281408309937,0.10993970185518265
EN-Alto-1__breathy__technique__safe_and_sound__0012_v2,breathy,2,EN-Alto-1,0.7312968969345093,0.7330800294876099,0.09474542737007141
EN-Alto-1__breathy__technique__safe_and_sound__0013_v0,breathy,0,EN-Alto-1,0.798923671245575,0.6341552138328552,-0.04287583380937576
EN-Alto-1__breathy__technique__safe_and_sound__0013_v1,breathy,1,EN-Alto-1,0.7740781307220459,0.6721934080123901,0.006173595320433378
EN-Alto-1__breathy__technique__safe_and_sound__0013_v2,breathy,2,EN-Alto-1,0.7442052364349365,0.7152550220489502,0.035246893763542175
EN-Alto-1__breathy__technique__sleepyhead__0000_v0,breathy,0,EN-Alto-1,0.7452180981636047,0.7138374447822571,0.10923013836145401
EN-Alto-1__breathy__technique__sleepyhead__0000_v1,breathy,1,EN-Alto-1,0.7242904305458069,0.7425761222839355,0.1305297613143921
EN-Alto-1__breathy__technique__sleepyhead__0000_v2,breathy,2,EN-Alto-1,0.6843699216842651,0.7945189476013184,0.17232123017311096
EN-Alto-1__breathy__technique__sleepyhead__0001_v0,breathy,0,EN-Alto-1,0.7106757760047913,0.7606895565986633,-0.0061234827153384686
EN-Alto-1__breathy__technique__sleepyhead__0001_v1,breathy,1,EN-Alto-1,0.6744619607925415,0.8068929314613342,0.03534337878227234
EN-Alto-1__breathy__technique__sleepyhead__0001_v2,breathy,2,EN-Alto-1,0.6343269348144531,0.8551878333091736,0.09336262941360474
EN-Alto-1__breathy__technique__sleepyhead__0002_v0,breathy,0,EN-Alto-1,0.6991162300109863,0.7757368087768555,0.023565633222460747
EN-Alto-1__breathy__technique__sleepyhead__0002_v1,breathy,1,EN-Alto-1,0.6883344650268555,0.789513349533081,0.016537370160222054
EN-Alto-1__breathy__technique__sleepyhead__0002_v2,breathy,2,EN-Alto-1,0.6678116321563721,0.8150931596755981,0.030254250392317772
EN-Alto-1__breathy__technique__sleepyhead__0003_v0,breathy,0,EN-Alto-1,0.6014920473098755,0.8927574753761292,0.1974310576915741
EN-Alto-1__breathy__technique__sleepyhead__0003_v1,breathy,1,EN-Alto-1,0.6059558391571045,0.8877434134483337,0.2051098495721817
EN-Alto-1__breathy__technique__sleepyhead__0003_v2,breathy,2,EN-Alto-1,0.6117218732833862,0.8812242746353149,0.21433134377002716
EN-Alto-1__breathy__technique__sleepyhead__0004_v0,breathy,0,EN-Alto-1,0.6766580939292908,0.8041664958000183,0.14268141984939575
EN-Alto-1__breathy__technique__sleepyhead__0004_v1,breathy,1,EN-Alto-1,0.6699668169021606,0.8124446272850037,0.1874302327632904
EN-Alto-1__breathy__technique__sleepyhead__0004_v2,breathy,2,EN-Alto-1,0.6411209106445312,0.8472061157226562,0.23628033697605133
EN-Alto-1__breathy__technique__sleepyhead__0005_v0,breathy,0,EN-Alto-1,0.6696773767471313,0.8128008842468262,0.1658460944890976
EN-Alto-1__breathy__technique__sleepyhead__0005_v1,breathy,1,EN-Alto-1,0.6661102771759033,0.8171777725219727,0.15988948941230774
EN-Alto-1__breathy__technique__sleepyhead__0005_v2,breathy,2,EN-Alto-1,0.6325907111167908,0.8572155833244324,0.17917291820049286
EN-Alto-1__breathy__technique__sleepyhead__0006_v0,breathy,0,EN-Alto-1,0.7211647033691406,0.7467735409736633,0.08096663653850555
EN-Alto-1__breathy__technique__sleepyhead__0006_v1,breathy,1,EN-Alto-1,0.7161512970924377,0.7534569501876831,0.09817900508642197
EN-Alto-1__breathy__technique__sleepyhead__0006_v2,breathy,2,EN-Alto-1,0.6854364275932312,0.7931753396987915,0.14744575321674347
EN-Alto-1__breathy__technique__sleepyhead__0007_v0,breathy,0,EN-Alto-1,0.5251628756523132,0.9745124578475952,0.12527382373809814
EN-Alto-1__breathy__technique__sleepyhead__0007_v1,breathy,1,EN-Alto-1,0.5487677454948425,0.9499813914299011,0.13928388059139252
EN-Alto-1__breathy__technique__sleepyhead__0007_v2,breathy,2,EN-Alto-1,0.5547655820846558,0.9436465501785278,0.18142229318618774
EN-Alto-1__breathy__technique__sleepyhead__0008_v0,breathy,0,EN-Alto-1,0.6022698879241943,0.8918858170509338,0.14546069502830505
EN-Alto-1__breathy__technique__sleepyhead__0008_v1,breathy,1,EN-Alto-1,0.5778634548187256,0.9188433885574341,0.16449235379695892
EN-Alto-1__breathy__technique__sleepyhead__0008_v2,breathy,2,EN-Alto-1,0.5542311668395996,0.944212794303894,0.200282022356987
EN-Alto-1__breathy__technique__sleepyhead__0009_v0,breathy,0,EN-Alto-1,0.6599949598312378,0.8246272206306458,0.07898013293743134
EN-Alto-1__breathy__technique__sleepyhead__0009_v1,breathy,1,EN-Alto-1,0.6575320959091187,0.8276084661483765,0.10266204178333282
EN-Alto-1__breathy__technique__sleepyhead__0009_v2,breathy,2,EN-Alto-1,0.6430978178977966,0.8448694348335266,0.13510723412036896
EN-Alto-1__breathy__technique__sleepyhead__0010_v0,breathy,0,EN-Alto-1,0.7055545449256897,0.7673923373222351,0.15011253952980042
EN-Alto-1__breathy__technique__sleepyhead__0010_v1,breathy,1,EN-Alto-1,0.6851282715797424,0.7935639023780823,0.14212268590927124
EN-Alto-1__breathy__technique__sleepyhead__0010_v2,breathy,2,EN-Alto-1,0.651626706123352,0.8347135186195374,0.14443688094615936
EN-Alto-1__breathy__technique__sleepyhead__0011_v0,breathy,0,EN-Alto-1,0.6854956150054932,0.7931008338928223,0.10511018335819244
EN-Alto-1__breathy__technique__sleepyhead__0011_v1,breathy,1,EN-Alto-1,0.6758273839950562,0.8051990270614624,0.13129018247127533
EN-Alto-1__breathy__technique__sleepyhead__0011_v2,breathy,2,EN-Alto-1,0.6701421737670898,0.8122289776802063,0.15817859768867493
EN-Alto-1__breathy__technique__someday_or_oneday__0000_v0,breathy,0,EN-Alto-1,0.7416189312934875,0.7188618183135986,0.20814912021160126
EN-Alto-1__breathy__technique__someday_or_oneday__0000_v1,breathy,1,EN-Alto-1,0.7141943573951721,0.7560499906539917,0.20665712654590607
EN-Alto-1__breathy__technique__someday_or_oneday__0000_v2,breathy,2,EN-Alto-1,0.6492775678634644,0.8375231027603149,0.24498316645622253
EN-Alto-1__breathy__technique__someday_or_oneday__0001_v0,breathy,0,EN-Alto-1,0.7366718053817749,0.7257110476493835,0.13744616508483887
EN-Alto-1__breathy__technique__someday_or_oneday__0001_v1,breathy,1,EN-Alto-1,0.6869687438011169,0.7912411689758301,0.12822942435741425
EN-Alto-1__breathy__technique__someday_or_oneday__0001_v2,breathy,2,EN-Alto-1,0.6326847076416016,0.8571059107780457,0.14232034981250763
EN-Alto-1__breathy__technique__someday_or_oneday__0002_v0,breathy,0,EN-Alto-1,0.7737139463424683,0.6727347373962402,0.21852856874465942
EN-Alto-1__breathy__technique__someday_or_oneday__0002_v1,breathy,1,EN-Alto-1,0.7318466305732727,0.7323297262191772,0.22387854754924774
EN-Alto-1__breathy__technique__someday_or_oneday__0002_v2,breathy,2,EN-Alto-1,0.6892572045326233,0.7883435487747192,0.2487260103225708
EN-Alto-1__breathy__technique__someday_or_oneday__0003_v0,breathy,0,EN-Alto-1,0.7634043097496033,0.6878890991210938,0.06310844421386719
EN-Alto-1__breathy__technique__someday_or_oneday__0003_v1,breathy,1,EN-Alto-1,0.7340753674507141,0.7292801141738892,0.0588015653192997
EN-Alto-1__breathy__technique__someday_or_oneday__0003_v2,breathy,2,EN-Alto-1,0.6890919804573059,0.7885531783103943,0.12035499513149261
EN-Alto-1__breathy__technique__someday_or_oneday__0004_v0,breathy,0,EN-Alto-1,0.6540317535400391,0.8318272829055786,0.10734779387712479
EN-Alto-1__breathy__technique__someday_or_oneday__0004_v1,breathy,1,EN-Alto-1,0.616667628288269,0.8755940198898315,0.13180162012577057
EN-Alto-1__breathy__technique__someday_or_oneday__0004_v2,breathy,2,EN-Alto-1,0.5891522169113159,0.906474232673645,0.16816137731075287
EN-Alto-1__breathy__technique__someday_or_oneday__0005_v0,breathy,0,EN-Alto-1,0.7834689617156982,0.6580745577812195,0.11869922280311584
EN-Alto-1__breathy__technique__someday_or_oneday__0005_v1,breathy,1,EN-Alto-1,0.7379926443099976,0.7238885760307312,0.1499241292476654
EN-Alto-1__breathy__technique__someday_or_oneday__0005_v2,breathy,2,EN-Alto-1,0.6866799592971802,0.791606068611145,0.19520948827266693
EN-Alto-1__breathy__technique__treasure__0000_v0,breathy,0,EN-Alto-1,0.755928635597229,0.6986721754074097,0.1467362940311432
EN-Alto-1__breathy__technique__treasure__0000_v1,breathy,1,EN-Alto-1,0.7113538980484009,0.7597975134849548,0.17428606748580933
EN-Alto-1__breathy__technique__treasure__0000_v2,breathy,2,EN-Alto-1,0.670409619808197,0.8118995428085327,0.20150481164455414
EN-Alto-1__breathy__technique__treasure__0001_v0,breathy,0,EN-Alto-1,0.727558970451355,0.7381612658500671,0.05402630195021629
EN-Alto-1__breathy__technique__treasure__0001_v1,breathy,1,EN-Alto-1,0.6749995946884155,0.8062263131141663,0.07795962691307068
EN-Alto-1__breathy__technique__treasure__0001_v2,breathy,2,EN-Alto-1,0.5954020619392395,0.8995532393455505,0.13456982374191284
EN-Alto-1__breathy__technique__treasure__0002_v0,breathy,0,EN-Alto-1,0.7247495651245117,0.7419575452804565,0.10117370635271072
EN-Alto-1__breathy__technique__treasure__0002_v1,breathy,1,EN-Alto-1,0.6781939268112183,0.8022545576095581,0.13080964982509613
EN-Alto-1__breathy__technique__treasure__0002_v2,breathy,2,EN-Alto-1,0.6086791157722473,0.8846704959869385,0.15256038308143616
EN-Alto-1__breathy__technique__treasure__0003_v0,breathy,0,EN-Alto-1,0.7922868728637695,0.6445358991622925,0.15924286842346191
EN-Alto-1__breathy__technique__treasure__0003_v1,breathy,1,EN-Alto-1,0.7591019868850708,0.6941152215003967,0.1280381828546524
EN-Alto-1__breathy__technique__treasure__0003_v2,breathy,2,EN-Alto-1,0.7094312310218811,0.762323796749115,0.11395064741373062
EN-Alto-1__breathy__technique__treasure__0004_v0,breathy,0,EN-Alto-1,0.7137464284896851,0.7566421627998352,0.19895412027835846
EN-Alto-1__breathy__technique__treasure__0004_v1,breathy,1,EN-Alto-1,0.6613829731941223,0.8229423761367798,0.15739351511001587
EN-Alto-1__breathy__technique__treasure__0004_v2,breathy,2,EN-Alto-1,0.5941381454467773,0.9009572267532349,0.14739945530891418
EN-Alto-1__breathy__technique__treasure__0005_v0,breathy,0,EN-Alto-1,0.8330749869346619,0.5777974724769592,0.13285329937934875
EN-Alto-1__breathy__technique__treasure__0005_v1,breathy,1,EN-Alto-1,0.8061337471008301,0.6226818561553955,0.07664673030376434
EN-Alto-1__breathy__technique__treasure__0005_v2,breathy,2,EN-Alto-1,0.7601702213287354,0.6925747394561768,0.08583172410726547
EN-Alto-1__breathy__technique__treasure__0006_v0,breathy,0,EN-Alto-1,0.8072149157524109,0.6209431290626526,0.06043165177106857
EN-Alto-1__breathy__technique__treasure__0006_v1,breathy,1,EN-Alto-1,0.7694270610809326,0.6790773868560791,0.007305268198251724
EN-Alto-1__breathy__technique__treasure__0006_v2,breathy,2,EN-Alto-1,0.7208366990089417,0.7472127079963684,-0.029031675308942795
EN-Alto-1__breathy__technique__treasure__0007_v0,breathy,0,EN-Alto-1,0.7579208612442017,0.6958149671554565,0.19404760003089905
EN-Alto-1__breathy__technique__treasure__0007_v1,breathy,1,EN-Alto-1,0.7366867661476135,0.725690484046936,0.160667285323143
EN-Alto-1__breathy__technique__treasure__0007_v2,breathy,2,EN-Alto-1,0.6951015591621399,0.7808949947357178,0.13679273426532745
EN-Alto-1__breathy__technique__treasure__0008_v0,breathy,0,EN-Alto-1,0.7975881695747375,0.6362576484680176,0.22427129745483398
EN-Alto-1__breathy__technique__treasure__0008_v1,breathy,1,EN-Alto-1,0.7752290964126587,0.6704787611961365,0.17681749165058136
EN-Alto-1__breathy__technique__treasure__0008_v2,breathy,2,EN-Alto-1,0.7598781585693359,0.6929963827133179,0.16063302755355835
EN-Alto-1__breathy__technique__who_says__0000_v0,breathy,0,EN-Alto-1,0.6046796441078186,0.8891799449920654,0.018781304359436035
EN-Alto-1__breathy__technique__who_says__0000_v1,breathy,1,EN-Alto-1,0.5163466930389404,0.983517587184906,0.0017621065489947796
EN-Alto-1__breathy__technique__who_says__0000_v2,breathy,2,EN-Alto-1,0.44288843870162964,1.055567741394043,-0.009300773032009602
EN-Alto-1__breathy__technique__who_says__0001_v0,breathy,0,EN-Alto-1,0.6814790368080139,0.7981491088867188,0.07498548179864883
EN-Alto-1__breathy__technique__who_says__0001_v1,breathy,1,EN-Alto-1,0.6579285264015198,0.8271294236183167,0.07979549467563629
EN-Alto-1__breathy__technique__who_says__0001_v2,breathy,2,EN-Alto-1,0.6265789270401001,0.8642004132270813,0.1053321585059166
EN-Alto-1__breathy__technique__who_says__0002_v0,breathy,0,EN-Alto-1,0.5969451665878296,0.8978362083435059,0.1450277417898178
EN-Alto-1__breathy__technique__who_says__0002_v1,breathy,1,EN-Alto-1,0.5685446262359619,0.9289299845695496,0.11884279549121857
EN-Alto-1__breathy__technique__who_says__0002_v2,breathy,2,EN-Alto-1,0.5405750274658203,0.9585666656494141,0.10322447121143341
EN-Alto-1__breathy__technique__who_says__0003_v0,breathy,0,EN-Alto-1,0.7674139738082886,0.6820353865623474,0.2138654738664627
EN-Alto-1__breathy__technique__who_says__0003_v1,breathy,1,EN-Alto-1,0.726443350315094,0.7396711707115173,0.18935103714466095
EN-Alto-1__breathy__technique__who_says__0003_v2,breathy,2,EN-Alto-1,0.6717210412025452,0.8102825880050659,0.1380208432674408
EN-Alto-1__breathy__technique__who_says__0004_v0,breathy,0,EN-Alto-1,0.6780880093574524,0.8023865222930908,0.18953220546245575
EN-Alto-1__breathy__technique__who_says__0004_v1,breathy,1,EN-Alto-1,0.6731054186820984,0.8085723519325256,0.15469567477703094
EN-Alto-1__breathy__technique__who_says__0004_v2,breathy,2,EN-Alto-1,0.639441967010498,0.849185585975647,0.14173801243305206
EN-Alto-1__breathy__technique__who_says__0005_v0,breathy,0,EN-Alto-1,0.6244525909423828,0.8666573762893677,0.10005054622888565
EN-Alto-1__breathy__technique__who_says__0005_v1,breathy,1,EN-Alto-1,0.5739195346832275,0.923125684261322,0.05643972381949425
EN-Alto-1__breathy__technique__who_says__0005_v2,breathy,2,EN-Alto-1,0.5275335311889648,0.9720767140388489,0.04899951443076134
EN-Alto-1__breathy__technique__who_says__0006_v0,breathy,0,EN-Alto-1,0.6796382069587708,0.8004522919654846,0.1582464724779129
EN-Alto-1__breathy__technique__who_says__0006_v1,breathy,1,EN-Alto-1,0.6385730504989624,0.8502082228660583,0.08275734633207321
EN-Alto-1__breathy__technique__who_says__0006_v2,breathy,2,EN-Alto-1,0.5828689932823181,0.9133794903755188,0.03199748322367668
EN-Alto-1__breathy__technique__who_says__0007_v0,breathy,0,EN-Alto-1,0.6480613946914673,0.8389739394187927,0.1040363609790802
EN-Alto-1__breathy__technique__who_says__0007_v1,breathy,1,EN-Alto-1,0.6119658946990967,0.8809473514556885,0.047278642654418945
EN-Alto-1__breathy__technique__who_says__0007_v2,breathy,2,EN-Alto-1,0.5661755800247192,0.9314767122268677,0.0031909539829939604
EN-Alto-1__breathy__technique__who_says__0008_v0,breathy,0,EN-Alto-1,0.5091449022293091,0.9908130168914795,-0.08313928544521332
EN-Alto-1__breathy__technique__who_says__0008_v1,breathy,1,EN-Alto-1,0.48286718130111694,1.0169885158538818,-0.08761867880821228
EN-Alto-1__breathy__technique__who_says__0008_v2,breathy,2,EN-Alto-1,0.4876422882080078,1.012282371520996,-0.0426032692193985
EN-Alto-1__breathy__technique__who_says__0009_v0,breathy,0,EN-Alto-1,0.6476686000823975,0.8394420146942139,0.11041408032178879
EN-Alto-1__breathy__technique__who_says__0009_v1,breathy,1,EN-Alto-1,0.6361266374588013,0.8530808091163635,0.08364179730415344
EN-Alto-1__breathy__technique__who_says__0009_v2,breathy,2,EN-Alto-1,0.6077842116355896,0.8856815099716187,0.07221143692731857
EN-Alto-1__breathy__technique__who_says__0010_v0,breathy,0,EN-Alto-1,0.6706952452659607,0.811547577381134,0.1451282501220703
EN-Alto-1__breathy__technique__who_says__0010_v1,breathy,1,EN-Alto-1,0.6462221145629883,0.8411633968353271,0.05244078114628792
EN-Alto-1__breathy__technique__who_says__0010_v2,breathy,2,EN-Alto-1,0.6137410402297974,0.8789299726486206,0.014237155206501484
EN-Alto-1__breathy__technique__who_says__0011_v0,breathy,0,EN-Alto-1,0.7783378958702087,0.6658260822296143,0.08372148126363754
EN-Alto-1__breathy__technique__who_says__0011_v1,breathy,1,EN-Alto-1,0.7460373044013977,0.7126889228820801,0.054830875247716904
EN-Alto-1__breathy__technique__who_says__0011_v2,breathy,2,EN-Alto-1,0.6970619559288025,0.7783804535865784,0.07748289406299591
EN-Alto-1__breathy__technique__who_says__0012_v0,breathy,0,EN-Alto-1,0.6713305115699768,0.810764491558075,0.1734437644481659
EN-Alto-1__breathy__technique__who_says__0012_v1,breathy,1,EN-Alto-1,0.6583318710327148,0.8266415596008301,0.12588690221309662
EN-Alto-1__breathy__technique__who_says__0012_v2,breathy,2,EN-Alto-1,0.600500762462616,0.8938671946525574,0.1281108856201172
EN-Alto-1__breathy__technique__who_says__0013_v0,breathy,0,EN-Alto-1,0.6534706354141235,0.8325015306472778,0.14716078341007233
EN-Alto-1__breathy__technique__who_says__0013_v1,breathy,1,EN-Alto-1,0.6109002232551575,0.8821563124656677,0.08420993387699127
EN-Alto-1__breathy__technique__who_says__0013_v2,breathy,2,EN-Alto-1,0.5511226654052734,0.94749915599823,0.06445653736591339
EN-Alto-1__breathy__technique__who_says__0014_v0,breathy,0,EN-Alto-1,0.6576527953147888,0.8274627923965454,0.10176420211791992
EN-Alto-1__breathy__technique__who_says__0014_v1,breathy,1,EN-Alto-1,0.6067867875099182,0.8868070244789124,0.041614606976509094
EN-Alto-1__breathy__technique__who_says__0014_v2,breathy,2,EN-Alto-1,0.562005341053009,0.9359431266784668,0.014358884654939175
EN-Alto-1__breathy__technique__who_says__0015_v0,breathy,0,EN-Alto-1,0.6053019762039185,0.8884797096252441,0.0411226749420166
EN-Alto-1__breathy__technique__who_says__0015_v1,breathy,1,EN-Alto-1,0.5732079744338989,0.9238961338996887,0.013883357867598534
EN-Alto-1__breathy__technique__who_says__0015_v2,breathy,2,EN-Alto-1,0.5423891544342041,0.9566721320152283,0.009969618171453476
EN-Alto-1__breathy__technique__who_says__0016_v0,breathy,0,EN-Alto-1,0.5818883180618286,0.9144525527954102,-0.0028487625531852245
EN-Alto-1__breathy__technique__who_says__0016_v1,breathy,1,EN-Alto-1,0.5023446083068848,0.9976527690887451,-0.03195222467184067
EN-Alto-1__breathy__technique__who_says__0016_v2,breathy,2,EN-Alto-1,0.4259222149848938,1.0715203285217285,0.0009712862665764987
EN-Alto-1__breathy__technique__who_says__0017_v0,breathy,0,EN-Alto-1,0.5999760031700134,0.8944540619850159,0.17433905601501465
EN-Alto-1__breathy__technique__who_says__0017_v1,breathy,1,EN-Alto-1,0.5839784741401672,0.912164032459259,0.14762192964553833
EN-Alto-1__breathy__technique__who_says__0017_v2,breathy,2,EN-Alto-1,0.5496648550033569,0.9490365982055664,0.13202793896198273
EN-Alto-1__glissando__technique__for_the_first_time_in_forever__0000_v0,glissando,0,EN-Alto-1,0.5472001433372498,0.951630175113678,-0.11956590414047241
EN-Alto-1__glissando__technique__for_the_first_time_in_forever__0000_v1,glissando,1,EN-Alto-1,0.5692493915557861,0.9281709790229797,-0.1380842924118042
EN-Alto-1__glissando__technique__for_the_first_time_in_forever__0000_v2,glissando,2,EN-Alto-1,0.5665282011032104,0.9310981631278992,-0.13265326619148254
EN-Alto-1__glissando__technique__for_the_first_time_in_forever__0000_v3,glissando,3,EN-Alto-1,0.5624614357948303,0.9354555606842041,-0.15650621056556702
EN-Alto-1__glissando__technique__for_the_first_time_in_forever__0001_v0,glissando,0,EN-Alto-1,0.7036679983139038,0.7698468565940857,-0.05968033894896507
EN-Alto-1__glissando__technique__for_the_first_time_in_forever__0001_v1,glissando,1,EN-Alto-1,0.7132296562194824,0.757324755191803,-0.0716869905591011
EN-Alto-1__glissando__technique__for_the_first_time_in_forever__0001_v2,glissando,2,EN-Alto-1,0.7019214034080505,0.772112250328064,-0.06182781979441643
EN-Alto-1__glissando__technique__for_the_first_time_in_forever__0001_v3,glissando,3,EN-Alto-1,0.699945330619812,0.774667501449585,-0.08103611320257187
EN-Alto-1__glissando__technique__for_the_first_time_in_forever__0002_v0,glissando,0,EN-Alto-1,0.7603501081466675,0.692314863204956,0.05209573358297348
EN-Alto-1__glissando__technique__for_the_first_time_in_forever__0002_v1,glissando,1,EN-Alto-1,0.7498244047164917,0.7073552012443542,0.06318680942058563
EN-Alto-1__glissando__technique__for_the_first_time_in_forever__0002_v2,glissando,2,EN-Alto-1,0.7634557485580444,0.6878143548965454,0.06716383993625641
EN-Alto-1__glissando__technique__for_the_first_time_in_forever__0002_v3,glissando,3,EN-Alto-1,0.7471079230308533,0.7111851572990417,0.05064898729324341
EN-Alto-1__glissando__technique__for_the_first_time_in_forever__0003_v0,glissando,0,EN-Alto-1,0.6278069615364075,0.8627781867980957,-0.1462617665529251
EN-Alto-1__glissando__technique__for_the_first_time_in_forever__0003_v1,glissando,1,EN-Alto-1,0.6383917927742004,0.8504214286804199,-0.144233837723732
EN-Alto-1__glissando__technique__for_the_first_time_in_forever__0003_v2,glissando,2,EN-Alto-1,0.6441150903701782,0.8436646461486816,-0.143718883395195
EN-Alto-1__glissando__technique__for_the_first_time_in_forever__0003_v3,glissando,3,EN-Alto-1,0.6528578996658325,0.8332372307777405,-0.14663293957710266
EN-Alto-1__glissando__technique__for_the_first_time_in_forever__0004_v0,glissando,0,EN-Alto-1,0.6870906949043274,0.7910870313644409,-0.2013731747865677
EN-Alto-1__glissando__technique__for_the_first_time_in_forever__0004_v1,glissando,1,EN-Alto-1,0.6854659914970398,0.7931380867958069,-0.20748288929462433
EN-Alto-1__glissando__technique__for_the_first_time_in_forever__0004_v2,glissando,2,EN-Alto-1,0.6849937438964844,0.7937332987785339,-0.22162246704101562
EN-Alto-1__glissando__technique__for_the_first_time_in_forever__0004_v3,glissando,3,EN-Alto-1,0.6924806237220764,0.784244179725647,-0.22379660606384277
EN-Alto-1__glissando__technique__for_the_first_time_in_forever__0005_v0,glissando,0,EN-Alto-1,0.6765686869621277,0.8042778372764587,-0.13663236796855927
EN-Alto-1__glissando__technique__for_the_first_time_in_forever__0005_v1,glissando,1,EN-Alto-1,0.6728048324584961,0.808944046497345,-0.12168753892183304
EN-Alto-1__glissando__technique__for_the_first_time_in_forever__0005_v2,glissando,2,EN-Alto-1,0.666594386100769,0.816585123538971,-0.12225276976823807
EN-Alto-1__glissando__technique__for_the_first_time_in_forever__0005_v3,glissando,3,EN-Alto-1,0.6528226733207703,0.833279550075531,-0.14636331796646118
EN-Alto-1__glissando__technique__for_the_first_time_in_forever__0006_v0,glissando,0,EN-Alto-1,0.6008089184761047,0.893522322177887,-0.1862565129995346
EN-Alto-1__glissando__technique__for_the_first_time_in_forever__0006_v1,glissando,1,EN-Alto-1,0.6127239465713501,0.8800865411758423,-0.17894595861434937
EN-Alto-1__glissando__technique__for_the_first_time_in_forever__0006_v2,glissando,2,EN-Alto-1,0.6140235662460327,0.8786085247993469,-0.1989721655845642
EN-Alto-1__glissando__technique__for_the_first_time_in_forever__0006_v3,glissando,3,EN-Alto-1,0.6194607019424438,0.8723981380462646,-0.21060322225093842
EN-Alto-1__glissando__technique__for_the_first_time_in_forever__0007_v0,glissando,0,EN-Alto-1,0.6564048528671265,0.828969419002533,-0.2200184017419815
EN-Alto-1__glissando__technique__for_the_first_time_in_forever__0007_v1,glissando,1,EN-Alto-1,0.655760645866394,0.8297461271286011,-0.24079547822475433
EN-Alto-1__glissando__technique__for_the_first_time_in_forever__0007_v2,glissando,2,EN-Alto-1,0.6364743709564209,0.8526729941368103,-0.26564300060272217
EN-Alto-1__glissando__technique__for_the_first_time_in_forever__0007_v3,glissando,3,EN-Alto-1,0.6161209344863892,0.8762180805206299,-0.272369384765625
EN-Alto-1__glissando__technique__for_the_first_time_in_forever__0008_v0,glissando,0,EN-Alto-1,0.5826101303100586,0.9136629104614258,-0.24183139204978943
EN-Alto-1__glissando__technique__for_the_first_time_in_forever__0008_v1,glissando,1,EN-Alto-1,0.600353479385376,0.8940320611000061,-0.2594428062438965
EN-Alto-1__glissando__technique__for_the_first_time_in_forever__0008_v2,glissando,2,EN-Alto-1,0.6049767136573792,0.8888458013534546,-0.278876394033432
EN-Alto-1__glissando__technique__for_the_first_time_in_forever__0008_v3,glissando,3,EN-Alto-1,0.6176485419273376,0.8744730949401855,-0.2754397392272949
EN-Alto-1__glissando__technique__for_the_first_time_in_forever__0009_v0,glissando,0,EN-Alto-1,0.6557126641273499,0.8298040628433228,-0.05725177377462387
EN-Alto-1__glissando__technique__for_the_first_time_in_forever__0009_v1,glissando,1,EN-Alto-1,0.6440200209617615,0.8437771797180176,-0.07020672410726547
EN-Alto-1__glissando__technique__for_the_first_time_in_forever__0009_v2,glissando,2,EN-Alto-1,0.662431538105011,0.8216671943664551,-0.06761827319860458
EN-Alto-1__glissando__technique__for_the_first_time_in_forever__0009_v3,glissando,3,EN-Alto-1,0.671588122844696,0.8104467988014221,-0.08372405916452408
EN-Alto-1__glissando__technique__for_the_first_time_in_forever__0010_v0,glissando,0,EN-Alto-1,0.6784664988517761,0.801914632320404,-0.014313648454844952
EN-Alto-1__glissando__technique__for_the_first_time_in_forever__0010_v1,glissando,1,EN-Alto-1,0.7121549248695374,0.7587424516677856,-0.018091857433319092
EN-Alto-1__glissando__technique__for_the_first_time_in_forever__0010_v2,glissando,2,EN-Alto-1,0.7103740572929382,0.7610860466957092,-0.004629641771316528
EN-Alto-1__glissando__technique__for_the_first_time_in_forever__0010_v3,glissando,3,EN-Alto-1,0.7154073119163513,0.754443883895874,0.00962828565388918
EN-Alto-1__glissando__technique__for_the_first_time_in_forever__0011_v0,glissando,0,EN-Alto-1,0.6891416907310486,0.7884901762008667,-0.15985287725925446
EN-Alto-1__glissando__technique__for_the_first_time_in_forever__0011_v1,glissando,1,EN-Alto-1,0.7005955576896667,0.7738274931907654,-0.13427577912807465
EN-Alto-1__glissando__technique__for_the_first_time_in_forever__0011_v2,glissando,2,EN-Alto-1,0.7093714475631714,0.7624022960662842,-0.1257873922586441
EN-Alto-1__glissando__technique__for_the_first_time_in_forever__0011_v3,glissando,3,EN-Alto-1,0.7066940665245056,0.7659059762954712,-0.11285818368196487
EN-Alto-1__glissando__technique__for_the_first_time_in_forever__0012_v0,glissando,0,EN-Alto-1,0.6930047273635864,0.7835756540298462,-0.2853342592716217
EN-Alto-1__glissando__technique__for_the_first_time_in_forever__0012_v1,glissando,1,EN-Alto-1,0.7122015953063965,0.7586811184883118,-0.28352466225624084
EN-Alto-1__glissando__technique__for_the_first_time_in_forever__0012_v2,glissando,2,EN-Alto-1,0.7185769081115723,0.7502308487892151,-0.29245176911354065
EN-Alto-1__glissando__technique__for_the_first_time_in_forever__0012_v3,glissando,3,EN-Alto-1,0.7088953256607056,0.7630265355110168,-0.24854649603366852
EN-Alto-1__glissando__technique__for_the_first_time_in_forever__0013_v0,glissando,0,EN-Alto-1,0.6350196599960327,0.8543773889541626,-0.22307875752449036
EN-Alto-1__glissando__technique__for_the_first_time_in_forever__0013_v1,glissando,1,EN-Alto-1,0.65238356590271,0.8338063359260559,-0.20890174806118011
EN-Alto-1__glissando__technique__for_the_first_time_in_forever__0013_v2,glissando,2,EN-Alto-1,0.6559895277023315,0.8294702768325806,-0.2132474184036255
EN-Alto-1__glissando__technique__for_the_first_time_in_forever__0013_v3,glissando,3,EN-Alto-1,0.64154452085495,0.8467060327529907,-0.21257682144641876
EN-Alto-1__glissando__technique__god_is_a_girl__0000_v0,glissando,0,EN-Alto-1,0.78590989112854,0.6543548703193665,0.13696147501468658
EN-Alto-1__glissando__technique__god_is_a_girl__0000_v1,glissando,1,EN-Alto-1,0.7860552668571472,0.6541327238082886,0.15178021788597107
EN-Alto-1__glissando__technique__god_is_a_girl__0000_v2,glissando,2,EN-Alto-1,0.7738243937492371,0.6725707054138184,0.14980106055736542
EN-Alto-1__glissando__technique__god_is_a_girl__0000_v3,glissando,3,EN-Alto-1,0.7526373267173767,0.7033672332763672,0.1374318152666092
EN-Alto-1__glissando__technique__god_is_a_girl__0001_v0,glissando,0,EN-Alto-1,0.7181758284568787,0.750765323638916,0.117067851126194
EN-Alto-1__glissando__technique__god_is_a_girl__0001_v1,glissando,1,EN-Alto-1,0.7219250202178955,0.745754599571228,0.10909690707921982
EN-Alto-1__glissando__technique__god_is_a_girl__0001_v2,glissando,2,EN-Alto-1,0.7348359823226929,0.728236198425293,0.13593758642673492
EN-Alto-1__glissando__technique__god_is_a_girl__0001_v3,glissando,3,EN-Alto-1,0.738978385925293,0.7225256562232971,0.073615662753582
EN-Alto-1__glissando__technique__god_is_a_girl__0002_v0,glissando,0,EN-Alto-1,0.6214953064918518,0.8700628876686096,0.1836305856704712
EN-Alto-1__glissando__technique__god_is_a_girl__0002_v1,glissando,1,EN-Alto-1,0.6363164782524109,0.8528582453727722,0.2106989473104477
EN-Alto-1__glissando__technique__god_is_a_girl__0002_v2,glissando,2,EN-Alto-1,0.6379477977752686,0.8509433269500732,0.2049289494752884
EN-Alto-1__glissando__technique__god_is_a_girl__0002_v3,glissando,3,EN-Alto-1,0.6310065388679504,0.8590617775917053,0.16722670197486877
EN-Alto-1__glissando__technique__god_is_a_girl__0003_v0,glissando,0,EN-Alto-1,0.7007496356964111,0.7736283540725708,0.16671736538410187
EN-Alto-1__glissando__technique__god_is_a_girl__0003_v1,glissando,1,EN-Alto-1,0.7050376534461975,0.7680656313896179,0.173812136054039
EN-Alto-1__glissando__technique__god_is_a_girl__0003_v2,glissando,2,EN-Alto-1,0.7138715386390686,0.7564768195152283,0.21453212201595306
EN-Alto-1__glissando__technique__god_is_a_girl__0003_v3,glissando,3,EN-Alto-1,0.7053583860397339,0.767647922039032,0.16127066314220428
EN-Alto-1__glissando__technique__god_is_a_girl__0004_v0,glissando,0,EN-Alto-1,0.7266433238983154,0.7394006848335266,0.0798591673374176
EN-Alto-1__glissando__technique__god_is_a_girl__0004_v1,glissando,1,EN-Alto-1,0.7217051386833191,0.7460494041442871,0.10093363374471664
EN-Alto-1__glissando__technique__god_is_a_girl__0004_v2,glissando,2,EN-Alto-1,0.7284001111984253,0.7370209693908691,0.1050211638212204
EN-Alto-1__glissando__technique__god_is_a_girl__0004_v3,glissando,3,EN-Alto-1,0.7217836976051331,0.7459442019462585,0.0790928304195404
EN-Alto-1__glissando__technique__god_is_a_girl__0005_v0,glissando,0,EN-Alto-1,0.7323871850967407,0.7315913438796997,0.1315581500530243
EN-Alto-1__glissando__technique__god_is_a_girl__0005_v1,glissando,1,EN-Alto-1,0.7341766357421875,0.729141116142273,0.1107368990778923
EN-Alto-1__glissando__technique__god_is_a_girl__0005_v2,glissando,2,EN-Alto-1,0.7391345500946045,0.722309410572052,0.12181353569030762
EN-Alto-1__glissando__technique__god_is_a_girl__0005_v3,glissando,3,EN-Alto-1,0.7380662560462952,0.7237870097160339,0.0743507668375969
EN-Alto-1__glissando__technique__god_is_a_girl__0006_v0,glissando,0,EN-Alto-1,0.7477284669876099,0.7103120684623718,0.2307073026895523
EN-Alto-1__glissando__technique__god_is_a_girl__0006_v1,glissando,1,EN-Alto-1,0.7506271004676819,0.7062193155288696,0.26460692286491394
EN-Alto-1__glissando__technique__god_is_a_girl__0006_v2,glissando,2,EN-Alto-1,0.7582966089248657,0.6952745914459229,0.24991574883460999
EN-Alto-1__glissando__technique__god_is_a_girl__0006_v3,glissando,3,EN-Alto-1,0.7643903493881226,0.6864542961120605,0.2130025178194046
EN-Alto-1__glissando__technique__god_is_a_girl__0007_v0,glissando,0,EN-Alto-1,0.5780006647109985,0.9186940789222717,0.03883742168545723
EN-Alto-1__glissando__technique__god_is_a_girl__0007_v1,glissando,1,EN-Alto-1,0.5704344511032104,0.9268931746482849,0.027472542598843575
EN-Alto-1__glissando__technique__god_is_a_girl__0007_v2,glissando,2,EN-Alto-1,0.5665676593780518,0.9310557246208191,0.024146663025021553
EN-Alto-1__glissando__technique__god_is_a_girl__0007_v3,glissando,3,EN-Alto-1,0.5584426522254944,0.939741849899292,-0.012363633140921593
EN-Alto-1__glissando__technique__god_is_a_girl__0008_v0,glissando,0,EN-Alto-1,0.7662104964256287,0.6837975978851318,0.09816327691078186
EN-Alto-1__glissando__technique__god_is_a_girl__0008_v1,glissando,1,EN-Alto-1,0.7562196254730225,0.6982556581497192,0.10085868090391159
EN-Alto-1__glissando__technique__god_is_a_girl__0008_v2,glissando,2,EN-Alto-1,0.7693436741828918,0.6792001128196716,0.12138791382312775
EN-Alto-1__glissando__technique__god_is_a_girl__0008_v3,glissando,3,EN-Alto-1,0.7697510719299316,0.6785999536514282,0.10984856635332108
EN-Alto-1__glissando__technique__god_is_a_girl__0009_v0,glissando,0,EN-Alto-1,0.7284461259841919,0.7369585037231445,0.12976403534412384
EN-Alto-1__glissando__technique__god_is_a_girl__0009_v1,glissando,1,EN-Alto-1,0.7223708033561707,0.7451567053794861,0.15254537761211395
EN-Alto-1__glissando__technique__god_is_a_girl__0009_v2,glissando,2,EN-Alto-1,0.7220668196678162,0.7455644011497498,0.1699819415807724
EN-Alto-1__glissando__technique__god_is_a_girl__0009_v3,glissando,3,EN-Alto-1,0.7276390194892883,0.7380528450012207,0.16650424897670746
EN-Alto-1__glissando__technique__god_is_a_girl__0010_v0,glissando,0,EN-Alto-1,0.7488937973976135,0.7086694836616516,-0.019341599196195602
EN-Alto-1__glissando__technique__god_is_a_girl__0010_v1,glissando,1,EN-Alto-1,0.7397136092185974,0.7215073108673096,-0.004528390243649483
EN-Alto-1__glissando__technique__god_is_a_girl__0010_v2,glissando,2,EN-Alto-1,0.7473087906837463,0.7109026312828064,-0.001280539552681148
EN-Alto-1__glissando__technique__god_is_a_girl__0010_v3,glissando,3,EN-Alto-1,0.7320393919944763,0.7320663332939148,0.004671052563935518
EN-Alto-1__glissando__technique__make_it_shine__0000_v0,glissando,0,EN-Alto-1,0.7022954821586609,0.7716276049613953,-0.06997863948345184
EN-Alto-1__glissando__technique__make_it_shine__0000_v1,glissando,1,EN-Alto-1,0.689113438129425,0.7885259985923767,-0.07972107082605362
EN-Alto-1__glissando__technique__make_it_shine__0000_v2,glissando,2,EN-Alto-1,0.6782070994377136,0.8022381067276001,-0.0663054808974266
EN-Alto-1__glissando__technique__make_it_shine__0000_v3,glissando,3,EN-Alto-1,0.6572160720825195,0.8279902935028076,-0.0719277486205101
EN-Alto-1__glissando__technique__make_it_shine__0001_v0,glissando,0,EN-Alto-1,0.7688517570495605,0.679923951625824,-0.04152335971593857
EN-Alto-1__glissando__technique__make_it_shine__0001_v1,glissando,1,EN-Alto-1,0.7881438732147217,0.6509319543838501,0.00028262229170650244
EN-Alto-1__glissando__technique__make_it_shine__0001_v2,glissando,2,EN-Alto-1,0.8051222562789917,0.6243040561676025,0.017714234068989754
EN-Alto-1__glissando__technique__make_it_shine__0001_v3,glissando,3,EN-Alto-1,0.7916088700294495,0.6455867290496826,-0.029499247670173645
EN-Alto-1__glissando__technique__make_it_shine__0002_v0,glissando,0,EN-Alto-1,0.7920775413513184,0.6448604464530945,-0.15842805802822113
EN-Alto-1__glissando__technique__make_it_shine__0002_v1,glissando,1,EN-Alto-1,0.7573608160018921,0.6966190934181213,-0.1704987734556198
EN-Alto-1__glissando__technique__make_it_shine__0002_v2,glissando,2,EN-Alto-1,0.7548028230667114,0.70028156042099,-0.18163055181503296
EN-Alto-1__glissando__technique__make_it_shine__0002_v3,glissando,3,EN-Alto-1,0.7472296953201294,0.7110138535499573,-0.18802912533283234
EN-Alto-1__glissando__technique__make_it_shine__0003_v0,glissando,0,EN-Alto-1,0.718919038772583,0.7497745752334595,0.13251715898513794
EN-Alto-1__glissando__technique__make_it_shine__0003_v1,glissando,1,EN-Alto-1,0.7245691418647766,0.7422006726264954,0.14621330797672272
EN-Alto-1__glissando__technique__make_it_shine__0003_v2,glissando,2,EN-Alto-1,0.7381649613380432,0.7236505746841431,0.13449600338935852
EN-Alto-1__glissando__technique__make_it_shine__0003_v3,glissando,3,EN-Alto-1,0.7292890548706055,0.7358137369155884,0.13235585391521454
EN-Alto-1__glissando__technique__make_it_shine__0004_v0,glissando,0,EN-Alto-1,0.7326760292053223,0.731196403503418,-0.05183601751923561
EN-Alto-1__glissando__technique__make_it_shine__0004_v1,glissando,1,EN-Alto-1,0.7393103837966919,0.7220661044120789,-0.03899756819009781
EN-Alto-1__glissando__technique__make_it_shine__0004_v2,glissando,2,EN-Alto-1,0.7308311462402344,0.7337150573730469,-0.041233401745557785
EN-Alto-1__glissando__technique__make_it_shine__0004_v3,glissando,3,EN-Alto-1,0.722493052482605,0.7449926137924194,-0.03545476496219635
EN-Alto-1__glissando__technique__make_it_shine__0005_v0,glissando,0,EN-Alto-1,0.5392442941665649,0.9599539637565613,-0.1743091344833374
EN-Alto-1__glissando__technique__make_it_shine__0005_v1,glissando,1,EN-Alto-1,0.5369758605957031,0.9623140692710876,-0.1678733229637146
EN-Alto-1__glissando__technique__make_it_shine__0005_v2,glissando,2,EN-Alto-1,0.5378050804138184,0.9614520072937012,-0.19298982620239258
EN-Alto-1__glissando__technique__make_it_shine__0005_v3,glissando,3,EN-Alto-1,0.5320999026298523,0.9673677086830139,-0.16551244258880615
EN-Alto-1__glissando__technique__make_it_shine__0006_v0,glissando,0,EN-Alto-1,0.6876563429832458,0.7903717160224915,-0.01777295395731926
EN-Alto-1__glissando__technique__make_it_shine__0006_v1,glissando,1,EN-Alto-1,0.6905267238616943,0.7867316603660583,0.007532247342169285
EN-Alto-1__glissando__technique__make_it_shine__0006_v2,glissando,2,EN-Alto-1,0.6796305179595947,0.8004617691040039,-0.02283143810927868
EN-Alto-1__glissando__technique__make_it_shine__0006_v3,glissando,3,EN-Alto-1,0.6772258281707764,0.8034603595733643,-0.03205807879567146
EN-Alto-1__glissando__technique__make_it_shine__0007_v0,glissando,0,EN-Alto-1,0.6800248622894287,0.7999688982963562,-0.06979254633188248
EN-Alto-1__glissando__technique__make_it_shine__0007_v1,glissando,1,EN-Alto-1,0.7000671029090881,0.7745099663734436,-0.05499565973877907
EN-Alto-1__glissando__technique__make_it_shine__0007_v2,glissando,2,EN-Alto-1,0.7066127061843872,0.7660120725631714,-0.05251322686672211
EN-Alto-1__glissando__technique__make_it_shine__0007_v3,glissando,3,EN-Alto-1,0.6909967064857483,0.7861340045928955,-0.06106024608016014
EN-Alto-1__glissando__technique__make_it_shine__0008_v0,glissando,0,EN-Alto-1,0.7253978252410889,0.7410833239555359,-0.08747275918722153
EN-Alto-1__glissando__technique__make_it_shine__0008_v1,glissando,1,EN-Alto-1,0.7167494893074036,0.7526625990867615,-0.07196962833404541
EN-Alto-1__glissando__technique__make_it_shine__0008_v2,glissando,2,EN-Alto-1,0.7188539505004883,0.749861478805542,-0.06584189087152481
EN-Alto-1__glissando__technique__make_it_shine__0008_v3,glissando,3,EN-Alto-1,0.7213824987411499,0.7464817762374878,-0.06615625321865082
EN-Alto-1__glissando__technique__make_it_shine__0009_v0,glissando,0,EN-Alto-1,0.736258864402771,0.7262797355651855,0.06887627393007278
EN-Alto-1__glissando__technique__make_it_shine__0009_v1,glissando,1,EN-Alto-1,0.7435215711593628,0.7162100672721863,0.06805071979761124
EN-Alto-1__glissando__technique__make_it_shine__0009_v2,glissando,2,EN-Alto-1,0.7445962429046631,0.7147080898284912,0.06119184568524361
EN-Alto-1__glissando__technique__make_it_shine__0009_v3,glissando,3,EN-Alto-1,0.726696252822876,0.7393290996551514,0.06343084573745728
EN-Alto-1__glissando__technique__make_it_shine__0010_v0,glissando,0,EN-Alto-1,0.6797616481781006,0.8002978563308716,-0.13540703058242798
EN-Alto-1__glissando__technique__make_it_shine__0010_v1,glissando,1,EN-Alto-1,0.6661210656166077,0.8171645402908325,-0.13721762597560883
EN-Alto-1__glissando__technique__make_it_shine__0010_v2,glissando,2,EN-Alto-1,0.6865646243095398,0.7917518019676208,-0.14516037702560425
EN-Alto-1__glissando__technique__make_it_shine__0010_v3,glissando,3,EN-Alto-1,0.6877520084381104,0.7902505993843079,-0.14967307448387146
EN-Alto-1__glissando__technique__make_it_shine__0011_v0,glissando,0,EN-Alto-1,0.6638749837875366,0.8199085593223572,-0.08445490151643753
EN-Alto-1__glissando__technique__make_it_shine__0011_v1,glissando,1,EN-Alto-1,0.6777051687240601,0.8028635382652283,-0.07389403134584427
EN-Alto-1__glissando__technique__make_it_shine__0011_v2,glissando,2,EN-Alto-1,0.682275116443634,0.7971510887145996,-0.05582845211029053
EN-Alto-1__glissando__technique__make_it_shine__0011_v3,glissando,3,EN-Alto-1,0.6597565412521362,0.8249163627624512,-0.09605351835489273
EN-Alto-1__glissando__technique__make_it_shine__0012_v0,glissando,0,EN-Alto-1,0.6497039198875427,0.8370139002799988,-0.002085602842271328
EN-Alto-1__glissando__technique__make_it_shine__0012_v1,glissando,1,EN-Alto-1,0.6433504223823547,0.8445703983306885,0.011666896753013134
EN-Alto-1__glissando__technique__make_it_shine__0012_v2,glissando,2,EN-Alto-1,0.6437325477600098,0.8441178202629089,0.0057069845497608185
EN-Alto-1__glissando__technique__make_it_shine__0012_v3,glissando,3,EN-Alto-1,0.6386734843254089,0.8500901460647583,-0.005795614793896675
EN-Alto-1__glissando__technique__make_it_shine__0013_v0,glissando,0,EN-Alto-1,0.7282353639602661,0.7372444868087769,-0.0913441851735115
EN-Alto-1__glissando__technique__make_it_shine__0013_v1,glissando,1,EN-Alto-1,0.7211443781852722,0.7468007802963257,-0.08658869564533234
EN-Alto-1__glissando__technique__make_it_shine__0013_v2,glissando,2,EN-Alto-1,0.7019981741905212,0.7720128297805786,-0.08293182402849197
EN-Alto-1__glissando__technique__make_it_shine__0013_v3,glissando,3,EN-Alto-1,0.6869144439697266,0.7913099527359009,-0.062005430459976196
EN-Alto-1__glissando__technique__make_it_shine__0014_v0,glissando,0,EN-Alto-1,0.6929387450218201,0.7836597561836243,0.0013355901464819908
EN-Alto-1__glissando__technique__make_it_shine__0014_v1,glissando,1,EN-Alto-1,0.7071316242218018,0.7653345465660095,-0.005880539305508137
EN-Alto-1__glissando__technique__make_it_shine__0014_v2,glissando,2,EN-Alto-1,0.7104872465133667,0.7609372735023499,-0.0215025432407856
EN-Alto-1__glissando__technique__make_it_shine__0014_v3,glissando,3,EN-Alto-1,0.715907633304596,0.7537803053855896,0.001853079767897725
EN-Alto-1__glissando__technique__make_it_shine__0015_v0,glissando,0,EN-Alto-1,0.676652729511261,0.8041732907295227,-0.12953431904315948
EN-Alto-1__glissando__technique__make_it_shine__0015_v1,glissando,1,EN-Alto-1,0.679316520690918,0.8008540272712708,-0.14124789834022522
EN-Alto-1__glissando__technique__make_it_shine__0015_v2,glissando,2,EN-Alto-1,0.6726477742195129,0.8091381788253784,-0.1190626472234726
EN-Alto-1__glissando__technique__make_it_shine__0015_v3,glissando,3,EN-Alto-1,0.6849187016487122,0.7938279509544373,-0.10746742784976959
EN-Alto-1__glissando__technique__my_love__0000_v0,glissando,0,EN-Alto-1,0.6383669972419739,0.8504505753517151,0.1348993331193924
EN-Alto-1__glissando__technique__my_love__0000_v1,glissando,1,EN-Alto-1,0.6492109894752502,0.8376026749610901,0.1307278424501419
EN-Alto-1__glissando__technique__my_love__0000_v2,glissando,2,EN-Alto-1,0.653298020362854,0.8327088356018066,0.13402129709720612
EN-Alto-1__glissando__technique__my_love__0000_v3,glissando,3,EN-Alto-1,0.6605303883552551,0.8239777088165283,0.07308327406644821
EN-Alto-1__glissando__technique__my_love__0001_v0,glissando,0,EN-Alto-1,0.7355198860168457,0.7272965908050537,0.0785905197262764
EN-Alto-1__glissando__technique__my_love__0001_v1,glissando,1,EN-Alto-1,0.7169349193572998,0.7524163722991943,0.1017686054110527
EN-Alto-1__glissando__technique__my_love__0001_v2,glissando,2,EN-Alto-1,0.7250104546546936,0.741605818271637,0.07775547355413437
EN-Alto-1__glissando__technique__my_love__0001_v3,glissando,3,EN-Alto-1,0.7026134729385376,0.7712154388427734,0.0931125208735466
EN-Alto-1__glissando__technique__my_love__0002_v0,glissando,0,EN-Alto-1,0.7214404344558716,0.7464042901992798,0.05865304172039032
EN-Alto-1__glissando__technique__my_love__0002_v1,glissando,1,EN-Alto-1,0.7363851070404053,0.7261059880256653,0.0942368432879448
EN-Alto-1__glissando__technique__my_love__0002_v2,glissando,2,EN-Alto-1,0.722792387008667,0.744590699672699,0.07404785603284836
EN-Alto-1__glissando__technique__my_love__0002_v3,glissando,3,EN-Alto-1,0.6979880928993225,0.7771898508071899,0.08386822044849396
EN-Alto-1__glissando__technique__my_love__0003_v0,glissando,0,EN-Alto-1,0.7575117945671082,0.6964026689529419,0.011197532527148724
EN-Alto-1__glissando__technique__my_love__0003_v1,glissando,1,EN-Alto-1,0.7520351409912109,0.7042229771614075,0.05549716576933861
EN-Alto-1__glissando__technique__my_love__0003_v2,glissando,2,EN-Alto-1,0.7319026589393616,0.7322532534599304,0.03224596753716469
EN-Alto-1__glissando__technique__my_love__0003_v3,glissando,3,EN-Alto-1,0.7031723856925964,0.7704904079437256,-0.0014857306377962232
EN-Alto-1__glissando__technique__my_love__0004_v0,glissando,0,EN-Alto-1,0.7709582448005676,0.6768187880516052,0.12341196089982986
EN-Alto-1__glissando__technique__my_love__0004_v1,glissando,1,EN-Alto-1,0.7777621150016785,0.6666902899742126,0.13154859840869904
EN-Alto-1__glissando__technique__my_love__0004_v2,glissando,2,EN-Alto-1,0.7691906690597534,0.6794252991676331,0.14830873906612396
EN-Alto-1__glissando__technique__my_love__0004_v3,glissando,3,EN-Alto-1,0.7490810751914978,0.7084051966667175,0.12882550060749054
EN-Alto-1__glissando__technique__my_love__0005_v0,glissando,0,EN-Alto-1,0.7376406192779541,0.7243748903274536,0.04687075316905975
EN-Alto-1__glissando__technique__my_love__0005_v1,glissando,1,EN-Alto-1,0.7507676482200623,0.7060204148292542,0.10563285648822784
EN-Alto-1__glissando__technique__my_love__0005_v2,glissando,2,EN-Alto-1,0.7625797986984253,0.6890867948532104,0.12188131362199783
EN-Alto-1__glissando__technique__my_love__0005_v3,glissando,3,EN-Alto-1,0.7387444972991943,0.7228493094444275,0.11899282783269882
EN-Alto-1__glissando__technique__my_love__0006_v0,glissando,0,EN-Alto-1,0.7322037816047668,0.7318417429924011,-0.15157397091388702
EN-Alto-1__glissando__technique__my_love__0006_v1,glissando,1,EN-Alto-1,0.7304113507270813,0.7342869639396667,-0.06397025287151337
EN-Alto-1__glissando__technique__my_love__0006_v2,glissando,2,EN-Alto-1,0.7164796590805054,0.7530211210250854,-0.06433987617492676
EN-Alto-1__glissando__technique__my_love__0006_v3,glissando,3,EN-Alto-1,0.7229133248329163,0.7444281578063965,-0.14548787474632263
EN-Alto-1__glissando__technique__my_love__0007_v0,glissando,0,EN-Alto-1,0.6921136975288391,0.7847118973731995,0.13465705513954163
EN-Alto-1__glissando__technique__my_love__0007_v1,glissando,1,EN-Alto-1,0.6852849125862122,0.7933664321899414,0.15889614820480347
EN-Alto-1__glissando__technique__my_love__0007_v2,glissando,2,EN-Alto-1,0.6923828125,0.7843688726425171,0.17566241323947906
EN-Alto-1__glissando__technique__my_love__0007_v3,glissando,3,EN-Alto-1,0.6702706217765808,0.8120707869529724,0.11257822066545486
EN-Alto-1__glissando__technique__my_love__0008_v0,glissando,0,EN-Alto-1,0.7460730671882629,0.7126388549804688,-0.07248229533433914
EN-Alto-1__glissando__technique__my_love__0008_v1,glissando,1,EN-Alto-1,0.7480772733688354,0.7098208665847778,-0.08901561796665192
EN-Alto-1__glissando__technique__my_love__0008_v2,glissando,2,EN-Alto-1,0.7619291543960571,0.6900302767753601,-0.08931916207075119
EN-Alto-1__glissando__technique__my_love__0008_v3,glissando,3,EN-Alto-1,0.7539741396903992,0.701464056968689,-0.06379491835832596
EN-Alto-1__glissando__technique__my_love__0009_v0,glissando,0,EN-Alto-1,0.6590299606323242,0.8257967233657837,0.04544894024729729
EN-Alto-1__glissando__technique__my_love__0009_v1,glissando,1,EN-Alto-1,0.6700919270515442,0.8122907280921936,0.07891076058149338
EN-Alto-1__glissando__technique__my_love__0009_v2,glissando,2,EN-Alto-1,0.6628183126449585,0.821196436882019,0.09133999049663544
EN-Alto-1__glissando__technique__my_love__0009_v3,glissando,3,EN-Alto-1,0.6458560228347778,0.8415985107421875,0.10684731602668762
EN-Alto-1__glissando__technique__my_love__0010_v0,glissando,0,EN-Alto-1,0.765288770198822,0.6851441860198975,-0.034248657524585724
EN-Alto-1__glissando__technique__my_love__0010_v1,glissando,1,EN-Alto-1,0.7575096487998962,0.6964055895805359,-0.015789944678544998
EN-Alto-1__glissando__technique__my_love__0010_v2,glissando,2,EN-Alto-1,0.7565910816192627,0.6977234482765198,0.001130250166170299
EN-Alto-1__glissando__technique__my_love__0010_v3,glissando,3,EN-Alto-1,0.7435528039932251,0.7161665558815002,-0.014227843843400478
EN-Alto-1__glissando__technique__my_love__0011_v0,glissando,0,EN-Alto-1,0.7270388603210449,0.7388655543327332,0.00677289254963398
EN-Alto-1__glissando__technique__my_love__0011_v1,glissando,1,EN-Alto-1,0.7328618764877319,0.7309420108795166,0.04657405987381935
EN-Alto-1__glissando__technique__my_love__0011_v2,glissando,2,EN-Alto-1,0.7278450727462769,0.7377736568450928,0.015370006673038006
EN-Alto-1__glissando__technique__my_love__0011_v3,glissando,3,EN-Alto-1,0.7155191898345947,0.7542953491210938,0.019038571044802666
EN-Alto-1__glissando__technique__my_love__0012_v0,glissando,0,EN-Alto-1,0.7240068912506104,0.7429578900337219,-0.032300759106874466
EN-Alto-1__glissando__technique__my_love__0012_v1,glissando,1,EN-Alto-1,0.7336150407791138,0.7299110293388367,-0.027844075113534927
EN-Alto-1__glissando__technique__my_love__0012_v2,glissando,2,EN-Alto-1,0.731135904788971,0.7332996726036072,-0.039829451590776443
EN-Alto-1__glissando__technique__my_love__0012_v3,glissando,3,EN-Alto-1,0.7077583074569702,0.764515221118927,-0.028148865327239037
EN-Alto-1__glissando__technique__rolling_in_the_deep__0000_v0,glissando,0,EN-Alto-1,0.7607285380363464,0.6917681694030762,0.06625355035066605
EN-Alto-1__glissando__technique__rolling_in_the_deep__0000_v1,glissando,1,EN-Alto-1,0.7666995525360107,0.6830820441246033,0.08757071197032928
EN-Alto-1__glissando__technique__rolling_in_the_deep__0000_v2,glissando,2,EN-Alto-1,0.7670904397964478,0.6825094223022461,0.0970311388373375
EN-Alto-1__glissando__technique__rolling_in_the_deep__0000_v3,glissando,3,EN-Alto-1,0.7619822025299072,0.6899534463882446,0.0805402398109436
EN-Alto-1__glissando__technique__rolling_in_the_deep__0001_v0,glissando,0,EN-Alto-1,0.7030078172683716,0.7707037925720215,-0.02992727793753147
EN-Alto-1__glissando__technique__rolling_in_the_deep__0001_v1,glissando,1,EN-Alto-1,0.7045139670372009,0.768747091293335,-0.006121444515883923
EN-Alto-1__glissando__technique__rolling_in_the_deep__0001_v2,glissando,2,EN-Alto-1,0.6980146765708923,0.7771554589271545,-0.010843330062925816
EN-Alto-1__glissando__technique__rolling_in_the_deep__0001_v3,glissando,3,EN-Alto-1,0.6574414372444153,0.8277179598808289,-0.0036116079427301884
EN-Alto-1__glissando__technique__rolling_in_the_deep__0002_v0,glissando,0,EN-Alto-1,0.743728756904602,0.7159208059310913,0.04305952414870262
EN-Alto-1__glissando__technique__rolling_in_the_deep__0002_v1,glissando,1,EN-Alto-1,0.7576917409896851,0.6961441040039062,0.07827173173427582
EN-Alto-1__glissando__technique__rolling_in_the_deep__0002_v2,glissando,2,EN-Alto-1,0.7607296109199524,0.6917664408683777,0.08764910697937012
EN-Alto-1__glissando__technique__rolling_in_the_deep__0002_v3,glissando,3,EN-Alto-1,0.7386796474456787,0.7229388356208801,0.06481274962425232
EN-Alto-1__glissando__technique__rolling_in_the_deep__0003_v0,glissando,0,EN-Alto-1,0.708061695098877,0.7641181945800781,0.06409542262554169
EN-Alto-1__glissando__technique__rolling_in_the_deep__0003_v1,glissando,1,EN-Alto-1,0.7247308492660522,0.7419827580451965,0.09966406226158142
EN-Alto-1__glissando__technique__rolling_in_the_deep__0003_v2,glissando,2,EN-Alto-1,0.7417241334915161,0.7187154293060303,0.11075852066278458
EN-Alto-1__glissando__technique__rolling_in_the_deep__0003_v3,glissando,3,EN-Alto-1,0.7342509031295776,0.7290393710136414,0.07888340950012207
EN-Alto-1__glissando__technique__rolling_in_the_deep__0004_v0,glissando,0,EN-Alto-1,0.7321739792823792,0.731882631778717,-0.006595177575945854
EN-Alto-1__glissando__technique__rolling_in_the_deep__0004_v1,glissando,1,EN-Alto-1,0.7319750189781189,0.7321544289588928,0.00785250123590231
EN-Alto-1__glissando__technique__rolling_in_the_deep__0004_v2,glissando,2,EN-Alto-1,0.7270393371582031,0.7388649582862854,-0.028188394382596016
EN-Alto-1__glissando__technique__rolling_in_the_deep__0004_v3,glissando,3,EN-Alto-1,0.7168813347816467,0.7524875402450562,-0.057392556220293045
EN-Alto-1__glissando__technique__rolling_in_the_deep__0005_v0,glissando,0,EN-Alto-1,0.7526301741600037,0.7033774852752686,-0.2449973225593567
EN-Alto-1__glissando__technique__rolling_in_the_deep__0005_v1,glissando,1,EN-Alto-1,0.7384353876113892,0.7232767343521118,-0.21151161193847656
EN-Alto-1__glissando__technique__rolling_in_the_deep__0005_v2,glissando,2,EN-Alto-1,0.7396681904792786,0.7215702533721924,-0.20558886229991913
EN-Alto-1__glissando__technique__rolling_in_the_deep__0005_v3,glissando,3,EN-Alto-1,0.7166852951049805,0.7527480125427246,-0.20220009982585907
EN-Alto-1__glissando__technique__rolling_in_the_deep__0006_v0,glissando,0,EN-Alto-1,0.7080637216567993,0.7641156315803528,-0.24008627235889435
EN-Alto-1__glissando__technique__rolling_in_the_deep__0006_v1,glissando,1,EN-Alto-1,0.6958277225494385,0.7799645066261292,-0.22631461918354034
EN-Alto-1__glissando__technique__rolling_in_the_deep__0006_v2,glissando,2,EN-Alto-1,0.6793409585952759,0.800823450088501,-0.21658393740653992
EN-Alto-1__glissando__technique__rolling_in_the_deep__0006_v3,glissando,3,EN-Alto-1,0.6666751503944397,0.8164862394332886,-0.2193000465631485
EN-Alto-1__glissando__technique__rolling_in_the_deep__0007_v0,glissando,0,EN-Alto-1,0.6640224456787109,0.8197287321090698,-0.023835700005292892
EN-Alto-1__glissando__technique__rolling_in_the_deep__0007_v1,glissando,1,EN-Alto-1,0.671551525592804,0.8104918599128723,-0.02309376560151577
EN-Alto-1__glissando__technique__rolling_in_the_deep__0007_v2,glissando,2,EN-Alto-1,0.6702783703804016,0.8120612502098083,-0.035056594759225845
EN-Alto-1__glissando__technique__rolling_in_the_deep__0007_v3,glissando,3,EN-Alto-1,0.6696679592132568,0.8128125667572021,-0.06256846338510513
EN-Alto-1__glissando__technique__rolling_in_the_deep__0008_v0,glissando,0,EN-Alto-1,0.6831830143928528,0.7960113286972046,0.09908231347799301
EN-Alto-1__glissando__technique__rolling_in_the_deep__0008_v1,glissando,1,EN-Alto-1,0.6800035238265991,0.7999956607818604,0.1210775375366211
EN-Alto-1__glissando__technique__rolling_in_the_deep__0008_v2,glissando,2,EN-Alto-1,0.6826976537704468,0.7966209053993225,0.13501472771167755
EN-Alto-1__glissando__technique__rolling_in_the_deep__0008_v3,glissando,3,EN-Alto-1,0.6617622375488281,0.8224814534187317,0.15487951040267944
EN-Alto-1__glissando__technique__rolling_in_the_deep__0009_v0,glissando,0,EN-Alto-1,0.7271744012832642,0.738682210445404,-0.11755197495222092
EN-Alto-1__glissando__technique__rolling_in_the_deep__0009_v1,glissando,1,EN-Alto-1,0.7400324940681458,0.7210652828216553,-0.11170310527086258
EN-Alto-1__glissando__technique__rolling_in_the_deep__0009_v2,glissando,2,EN-Alto-1,0.741230845451355,0.7194015383720398,-0.11180543899536133
EN-Alto-1__glissando__technique__rolling_in_the_deep__0009_v3,glissando,3,EN-Alto-1,0.7401807904243469,0.7208595275878906,-0.11143273115158081
EN-Alto-1__glissando__technique__rolling_in_the_deep__0010_v0,glissando,0,EN-Alto-1,0.6977463960647583,0.7775007486343384,-0.2659456729888916
EN-Alto-1__glissando__technique__rolling_in_the_deep__0010_v1,glissando,1,EN-Alto-1,0.6932055950164795,0.7833191156387329,-0.22229109704494476
EN-Alto-1__glissando__technique__rolling_in_the_deep__0010_v2,glissando,2,EN-Alto-1,0.707313597202301,0.7650964856147766,-0.1930404007434845
EN-Alto-1__glissando__technique__rolling_in_the_deep__0010_v3,glissando,3,EN-Alto-1,0.6992831826210022,0.7755215764045715,-0.19592836499214172
EN-Alto-1__glissando__technique__rolling_in_the_deep__0011_v0,glissando,0,EN-Alto-1,0.6845276951789856,0.794320285320282,-0.29846033453941345
EN-Alto-1__glissando__technique__rolling_in_the_deep__0011_v1,glissando,1,EN-Alto-1,0.6830174922943115,0.7962192296981812,-0.2959374487400055
EN-Alto-1__glissando__technique__rolling_in_the_deep__0011_v2,glissando,2,EN-Alto-1,0.6843229532241821,0.7945780754089355,-0.28599846363067627
EN-Alto-1__glissando__technique__rolling_in_the_deep__0011_v3,glissando,3,EN-Alto-1,0.6889147758483887,0.7887779474258423,-0.2598370313644409
EN-Alto-1__glissando__technique__tell_me_that_you_love_me__0000_v0,glissando,0,EN-Alto-1,0.5277027487754822,0.9719026684761047,0.12560515105724335
EN-Alto-1__glissando__technique__tell_me_that_you_love_me__0000_v1,glissando,1,EN-Alto-1,0.5252178907394409,0.9744558930397034,0.1315004825592041
EN-Alto-1__glissando__technique__tell_me_that_you_love_me__0000_v2,glissando,2,EN-Alto-1,0.5167266726493835,0.9831311106681824,0.1190318837761879
EN-Alto-1__glissando__technique__tell_me_that_you_love_me__0000_v3,glissando,3,EN-Alto-1,0.483201265335083,1.0166599750518799,0.12156417220830917
EN-Alto-1__glissando__technique__tell_me_that_you_love_me__0001_v0,glissando,0,EN-Alto-1,0.729214072227478,0.7359157204627991,0.02819213829934597
EN-Alto-1__glissando__technique__tell_me_that_you_love_me__0001_v1,glissando,1,EN-Alto-1,0.7152994275093079,0.7545868158340454,0.02216303162276745
EN-Alto-1__glissando__technique__tell_me_that_you_love_me__0001_v2,glissando,2,EN-Alto-1,0.7223043441772461,0.7452458143234253,-0.008408704772591591
EN-Alto-1__glissando__technique__tell_me_that_you_love_me__0001_v3,glissando,3,EN-Alto-1,0.6916586756706238,0.7852914929389954,-0.00892922468483448
EN-Alto-1__glissando__technique__tell_me_that_you_love_me__0002_v0,glissando,0,EN-Alto-1,0.6443403959274292,0.8433974981307983,0.03532113879919052
EN-Alto-1__glissando__technique__tell_me_that_you_love_me__0002_v1,glissando,1,EN-Alto-1,0.6462894678115845,0.8410833477973938,0.06610086560249329
EN-Alto-1__glissando__technique__tell_me_that_you_love_me__0002_v2,glissando,2,EN-Alto-1,0.6412181854248047,0.8470914363861084,0.05658632516860962
EN-Alto-1__glissando__technique__tell_me_that_you_love_me__0002_v3,glissando,3,EN-Alto-1,0.6261624097824097,0.8646821975708008,0.03577734902501106
EN-Alto-1__glissando__technique__tell_me_that_you_love_me__0003_v0,glissando,0,EN-Alto-1,0.6550637483596802,0.8305855393409729,-0.06304015219211578
EN-Alto-1__glissando__technique__tell_me_that_you_love_me__0003_v1,glissando,1,EN-Alto-1,0.6394214034080505,0.849209725856781,-0.06632601469755173
EN-Alto-1__glissando__technique__tell_me_that_you_love_me__0003_v2,glissando,2,EN-Alto-1,0.6430650949478149,0.8449081778526306,-0.07010915875434875
EN-Alto-1__glissando__technique__tell_me_that_you_love_me__0003_v3,glissando,3,EN-Alto-1,0.6244632601737976,0.8666449785232544,-0.09913548827171326
EN-Alto-1__glissando__technique__tell_me_that_you_love_me__0004_v0,glissando,0,EN-Alto-1,0.6682661175727844,0.8145353198051453,0.05565273389220238
EN-Alto-1__glissando__technique__tell_me_that_you_love_me__0004_v1,glissando,1,EN-Alto-1,0.6778114438056946,0.8027310967445374,0.039290353655815125
EN-Alto-1__glissando__technique__tell_me_that_you_love_me__0004_v2,glissando,2,EN-Alto-1,0.6688570976257324,0.8138095140457153,0.05879910662770271
EN-Alto-1__glissando__technique__tell_me_that_you_love_me__0004_v3,glissando,3,EN-Alto-1,0.6568882465362549,0.828386127948761,0.023341258987784386
EN-Alto-1__glissando__technique__tell_me_that_you_love_me__0005_v0,glissando,0,EN-Alto-1,0.49726271629333496,1.0027337074279785,0.06956673413515091
EN-Alto-1__glissando__technique__tell_me_that_you_love_me__0005_v1,glissando,1,EN-Alto-1,0.4994506537914276,1.00054931640625,0.042052242904901505
EN-Alto-1__glissando__technique__tell_me_that_you_love_me__0005_v2,glissando,2,EN-Alto-1,0.5065170526504517,0.993461549282074,0.04358489438891411
EN-Alto-1__glissando__technique__tell_me_that_you_love_me__0005_v3,glissando,3,EN-Alto-1,0.5250376462936401,0.9746409058570862,0.047771573066711426
EN-Alto-1__glissando__technique__tell_me_that_you_love_me__0006_v0,glissando,0,EN-Alto-1,0.6906160116195679,0.786618173122406,0.04974277317523956
EN-Alto-1__glissando__technique__tell_me_that_you_love_me__0006_v1,glissando,1,EN-Alto-1,0.6833465099334717,0.7958059906959534,0.05121901258826256
EN-Alto-1__glissando__technique__tell_me_that_you_love_me__0006_v2,glissando,2,EN-Alto-1,0.6811354160308838,0.7985796332359314,0.03545454517006874
EN-Alto-1__glissando__technique__tell_me_that_you_love_me__0006_v3,glissando,3,EN-Alto-1,0.6728220582008362,0.8089227676391602,-0.0068212710320949554
EN-Alto-1__glissando__technique__tell_me_that_you_love_me__0007_v0,glissando,0,EN-Alto-1,0.6758328676223755,0.8051921129226685,0.08475024998188019
EN-Alto-1__glissando__technique__tell_me_that_you_love_me__0007_v1,glissando,1,EN-Alto-1,0.6836138963699341,0.7954699397087097,0.08546900004148483
EN-Alto-1__glissando__technique__tell_me_that_you_love_me__0007_v2,glissando,2,EN-Alto-1,0.669617772102356,0.8128743171691895,0.09249994158744812
EN-Alto-1__glissando__technique__tell_me_that_you_love_me__0007_v3,glissando,3,EN-Alto-1,0.6344726085662842,0.8550176024436951,0.06856779009103775
EN-Alto-1__glissando__technique__tell_me_that_you_love_me__0008_v0,glissando,0,EN-Alto-1,0.6321303248405457,0.8577525615692139,-0.029588855803012848
EN-Alto-1__glissando__technique__tell_me_that_you_love_me__0008_v1,glissando,1,EN-Alto-1,0.6471585035324097,0.8400493860244751,-0.030711118131875992
EN-Alto-1__glissando__technique__tell_me_that_you_love_me__0008_v2,glissando,2,EN-Alto-1,0.6446940302848816,0.8429780602455139,-0.027006695047020912
EN-Alto-1__glissando__technique__tell_me_that_you_love_me__0008_v3,glissando,3,EN-Alto-1,0.6504350900650024,0.8361398577690125,-0.024652935564517975
EN-Alto-1__glissando__technique__tell_me_that_you_love_me__0009_v0,glissando,0,EN-Alto-1,0.6154372692108154,0.8769981265068054,0.12907272577285767
EN-Alto-1__glissando__technique__tell_me_that_you_love_me__0009_v1,glissando,1,EN-Alto-1,0.6205745935440063,0.8711205124855042,0.12798459827899933
EN-Alto-1__glissando__technique__tell_me_that_you_love_me__0009_v2,glissando,2,EN-Alto-1,0.6282474994659424,0.8622675538063049,0.09748527407646179
EN-Alto-1__glissando__technique__tell_me_that_you_love_me__0009_v3,glissando,3,EN-Alto-1,0.6166298985481262,0.8756371736526489,0.10942696779966354
EN-Alto-1__glissando__technique__tell_me_that_you_love_me__0010_v0,glissando,0,EN-Alto-1,0.6743580102920532,0.8070217370986938,-0.09154925495386124
EN-Alto-1__glissando__technique__tell_me_that_you_love_me__0010_v1,glissando,1,EN-Alto-1,0.6739806532859802,0.8074892163276672,-0.09087157994508743
EN-Alto-1__glissando__technique__tell_me_that_you_love_me__0010_v2,glissando,2,EN-Alto-1,0.6464952230453491,0.840838611125946,-0.06382108479738235
EN-Alto-1__glissando__technique__tell_me_that_you_love_me__0010_v3,glissando,3,EN-Alto-1,0.6556488275527954,0.8298808932304382,-0.06459584832191467
EN-Alto-1__glissando__technique__tell_me_that_you_love_me__0011_v0,glissando,0,EN-Alto-1,0.6692180633544922,0.8133658170700073,0.028646569699048996
EN-Alto-1__glissando__technique__tell_me_that_you_love_me__0011_v1,glissando,1,EN-Alto-1,0.654254674911499,0.8315592408180237,0.036347512155771255
EN-Alto-1__glissando__technique__tell_me_that_you_love_me__0011_v2,glissando,2,EN-Alto-1,0.6433402299880981,0.8445825576782227,0.01594902202486992
EN-Alto-1__glissando__technique__tell_me_that_you_love_me__0011_v3,glissando,3,EN-Alto-1,0.6285428404808044,0.8619248270988464,-0.0010760760633274913
EN-Alto-1__glissando__technique__tell_me_that_you_love_me__0012_v0,glissando,0,EN-Alto-1,0.6065384745597839,0.887086808681488,0.034753698855638504
EN-Alto-1__glissando__technique__tell_me_that_you_love_me__0012_v1,glissando,1,EN-Alto-1,0.5800788998603821,0.9164291024208069,0.05308270826935768
EN-Alto-1__glissando__technique__tell_me_that_you_love_me__0012_v2,glissando,2,EN-Alto-1,0.583191990852356,0.9130257964134216,0.052442021667957306
EN-Alto-1__glissando__technique__tell_me_that_you_love_me__0012_v3,glissando,3,EN-Alto-1,0.5781884789466858,0.9184896349906921,0.03237670287489891
EN-Alto-1__glissando__technique__tell_me_that_you_love_me__0013_v0,glissando,0,EN-Alto-1,0.7009007334709167,0.7734329700469971,-0.02904917672276497
EN-Alto-1__glissando__technique__tell_me_that_you_love_me__0013_v1,glissando,1,EN-Alto-1,0.6864389777183533,0.7919104695320129,-0.034267570823431015
EN-Alto-1__glissando__technique__tell_me_that_you_love_me__0013_v2,glissando,2,EN-Alto-1,0.6685566306114197,0.8141785860061646,-0.02105405367910862
EN-Alto-1__glissando__technique__tell_me_that_you_love_me__0013_v3,glissando,3,EN-Alto-1,0.6659495830535889,0.8173744082450867,-0.019697368144989014
EN-Alto-1__glissando__technique__tell_me_that_you_love_me__0014_v0,glissando,0,EN-Alto-1,0.6898843050003052,0.7875477075576782,-0.07999851554632187
EN-Alto-1__glissando__technique__tell_me_that_you_love_me__0014_v1,glissando,1,EN-Alto-1,0.6477199792861938,0.8393808603286743,-0.08185670524835587
EN-Alto-1__glissando__technique__tell_me_that_you_love_me__0014_v2,glissando,2,EN-Alto-1,0.6416585445404053,0.8465712070465088,-0.06594230234622955
EN-Alto-1__glissando__technique__tell_me_that_you_love_me__0014_v3,glissando,3,EN-Alto-1,0.6245239973068237,0.8665748834609985,-0.08177585154771805
EN-Alto-1__glissando__technique__tell_me_that_you_love_me__0015_v0,glissando,0,EN-Alto-1,0.7136446237564087,0.7567766308784485,0.03410328924655914
EN-Alto-1__glissando__technique__tell_me_that_you_love_me__0015_v1,glissando,1,EN-Alto-1,0.7109217643737793,0.7603661417961121,0.045877762138843536
EN-Alto-1__glissando__technique__tell_me_that_you_love_me__0015_v2,glissando,2,EN-Alto-1,0.6905866861343384,0.7866553664207458,0.04035147652029991
EN-Alto-1__glissando__technique__tell_me_that_you_love_me__0015_v3,glissando,3,EN-Alto-1,0.6746749877929688,0.806628942489624,0.030863946303725243
EN-Alto-1__glissando__technique__trouble_is_a_friend__0000_v0,glissando,0,EN-Alto-1,0.6258176565170288,0.8650807738304138,0.1293029636144638
EN-Alto-1__glissando__technique__trouble_is_a_friend__0000_v1,glissando,1,EN-Alto-1,0.6120873093605042,0.8808095455169678,0.11615758389234543
EN-Alto-1__glissando__technique__trouble_is_a_friend__0000_v2,glissando,2,EN-Alto-1,0.6185965538024902,0.8733881711959839,0.12143955379724503
EN-Alto-1__glissando__technique__trouble_is_a_friend__0000_v3,glissando,3,EN-Alto-1,0.6034260392189026,0.8905885815620422,0.11577387154102325
EN-Alto-1__glissando__technique__trouble_is_a_friend__0001_v0,glissando,0,EN-Alto-1,0.7212156653404236,0.7467052936553955,0.1578047275543213
EN-Alto-1__glissando__technique__trouble_is_a_friend__0001_v1,glissando,1,EN-Alto-1,0.6952005624771118,0.7807682156562805,0.13843169808387756
EN-Alto-1__glissando__technique__trouble_is_a_friend__0001_v2,glissando,2,EN-Alto-1,0.6829385757446289,0.7963182926177979,0.14356079697608948
EN-Alto-1__glissando__technique__trouble_is_a_friend__0001_v3,glissando,3,EN-Alto-1,0.6554961800575256,0.8300648927688599,0.15004859864711761
EN-Alto-1__glissando__technique__trouble_is_a_friend__0002_v0,glissando,0,EN-Alto-1,0.7622957229614258,0.6894986629486084,-0.12522991001605988
EN-Alto-1__glissando__technique__trouble_is_a_friend__0002_v1,glissando,1,EN-Alto-1,0.7350773215293884,0.7279048562049866,-0.11513207107782364
EN-Alto-1__glissando__technique__trouble_is_a_friend__0002_v2,glissando,2,EN-Alto-1,0.7157645225524902,0.753970205783844,-0.09581267088651657
EN-Alto-1__glissando__technique__trouble_is_a_friend__0002_v3,glissando,3,EN-Alto-1,0.6940248608589172,0.7822725176811218,-0.08862196654081345
EN-Alto-1__glissando__technique__trouble_is_a_friend__0003_v0,glissando,0,EN-Alto-1,0.6512364745140076,0.835180938243866,0.02965528704226017
EN-Alto-1__glissando__technique__trouble_is_a_friend__0003_v1,glissando,1,EN-Alto-1,0.6396068334579468,0.8489914536476135,0.037744469940662384
EN-Alto-1__glissando__technique__trouble_is_a_friend__0003_v2,glissando,2,EN-Alto-1,0.6443537473678589,0.8433817028999329,0.01589108444750309
EN-Alto-1__glissando__technique__trouble_is_a_friend__0003_v3,glissando,3,EN-Alto-1,0.6180541515350342,0.8740091323852539,0.037255994975566864
EN-Alto-1__glissando__technique__trouble_is_a_friend__0004_v0,glissando,0,EN-Alto-1,0.7210795879364014,0.7468875050544739,-0.06616395711898804
EN-Alto-1__glissando__technique__trouble_is_a_friend__0004_v1,glissando,1,EN-Alto-1,0.7277231216430664,0.7379390001296997,-0.07660232484340668
EN-Alto-1__glissando__technique__trouble_is_a_friend__0004_v2,glissando,2,EN-Alto-1,0.7256863117218018,0.7406939268112183,-0.06260178983211517
EN-Alto-1__glissando__technique__trouble_is_a_friend__0004_v3,glissando,3,EN-Alto-1,0.7240992784500122,0.7428334355354309,-0.06613241136074066
EN-Alto-1__glissando__technique__trouble_is_a_friend__0005_v0,glissando,0,EN-Alto-1,0.6104891300201416,0.882622241973877,0.11598584055900574
EN-Alto-1__glissando__technique__trouble_is_a_friend__0005_v1,glissando,1,EN-Alto-1,0.6057512760162354,0.8879738450050354,0.11911213397979736
EN-Alto-1__glissando__technique__trouble_is_a_friend__0005_v2,glissando,2,EN-Alto-1,0.5921920537948608,0.9031146168708801,0.11412496119737625
EN-Alto-1__glissando__technique__trouble_is_a_friend__0005_v3,glissando,3,EN-Alto-1,0.5926797389984131,0.9025744795799255,0.13093742728233337
EN-Alto-1__glissando__technique__trouble_is_a_friend__0006_v0,glissando,0,EN-Alto-1,0.6785890460014343,0.8017619252204895,-0.10399682074785233
EN-Alto-1__glissando__technique__trouble_is_a_friend__0006_v1,glissando,1,EN-Alto-1,0.6679494976997375,0.8149240612983704,-0.06967516243457794
EN-Alto-1__glissando__technique__trouble_is_a_friend__0006_v2,glissando,2,EN-Alto-1,0.66631019115448,0.8169331550598145,-0.08899747580289841
EN-Alto-1__glissando__technique__trouble_is_a_friend__0006_v3,glissando,3,EN-Alto-1,0.6316441893577576,0.8583192229270935,-0.0648784413933754
EN-Alto-1__glissando__technique__trouble_is_a_friend__0007_v0,glissando,0,EN-Alto-1,0.5917451977729797,0.9036093354225159,0.09719108045101166
EN-Alto-1__glissando__technique__trouble_is_a_friend__0007_v1,glissando,1,EN-Alto-1,0.5926676988601685,0.9025877714157104,0.09957226365804672
EN-Alto-1__glissando__technique__trouble_is_a_friend__0007_v2,glissando,2,EN-Alto-1,0.5904914140701294,0.9049957990646362,0.11477699875831604
EN-Alto-1__glissando__technique__trouble_is_a_friend__0007_v3,glissando,3,EN-Alto-1,0.5828518867492676,0.913398265838623,0.09415825456380844
EN-Alto-1__glissando__technique__trouble_is_a_friend__0008_v0,glissando,0,EN-Alto-1,0.7177315354347229,0.7513567805290222,0.058251045644283295
EN-Alto-1__glissando__technique__trouble_is_a_friend__0008_v1,glissando,1,EN-Alto-1,0.7092759013175964,0.762527585029602,0.0789046362042427
EN-Alto-1__glissando__technique__trouble_is_a_friend__0008_v2,glissando,2,EN-Alto-1,0.7278277277946472,0.7377970814704895,0.07536712288856506
EN-Alto-1__glissando__technique__trouble_is_a_friend__0008_v3,glissando,3,EN-Alto-1,0.6903209090232849,0.7869932055473328,0.05559629574418068
EN-Alto-1__glissando__technique__trouble_is_a_friend__0009_v0,glissando,0,EN-Alto-1,0.6787083745002747,0.8016129732131958,0.01650945097208023
EN-Alto-1__glissando__technique__trouble_is_a_friend__0009_v1,glissando,1,EN-Alto-1,0.6845505237579346,0.7942915558815002,0.02939934842288494
EN-Alto-1__glissando__technique__trouble_is_a_friend__0009_v2,glissando,2,EN-Alto-1,0.6736806631088257,0.8078606128692627,0.020822914317250252
EN-Alto-1__glissando__technique__trouble_is_a_friend__0009_v3,glissando,3,EN-Alto-1,0.6621589064598083,0.8219988942146301,0.0023800444323569536
EN-Alto-1__glissando__technique__trouble_is_a_friend__0010_v0,glissando,0,EN-Alto-1,0.7601675391197205,0.6925784349441528,-0.13459788262844086
EN-Alto-1__glissando__technique__trouble_is_a_friend__0010_v1,glissando,1,EN-Alto-1,0.7444574236869812,0.7149022221565247,-0.12865163385868073
EN-Alto-1__glissando__technique__trouble_is_a_friend__0010_v2,glissando,2,EN-Alto-1,0.7405447959899902,0.7203543782234192,-0.12574730813503265
EN-Alto-1__glissando__technique__trouble_is_a_friend__0010_v3,glissando,3,EN-Alto-1,0.708888590335846,0.763035237789154,-0.10522622615098953
EN-Alto-1__glissando__technique__trouble_is_a_friend__0011_v0,glissando,0,EN-Alto-1,0.721397340297699,0.7464619278907776,-0.07079260796308517
EN-Alto-1__glissando__technique__trouble_is_a_friend__0011_v1,glissando,1,EN-Alto-1,0.7058297991752625,0.7670336365699768,-0.06669171899557114
EN-Alto-1__glissando__technique__trouble_is_a_friend__0011_v2,glissando,2,EN-Alto-1,0.6875720024108887,0.7904784679412842,-0.06491763144731522
EN-Alto-1__glissando__technique__trouble_is_a_friend__0011_v3,glissando,3,EN-Alto-1,0.6548162698745728,0.8308835625648499,-0.06684529036283493
EN-Alto-1__glissando__technique__trouble_is_a_friend__0012_v0,glissando,0,EN-Alto-1,0.694011926651001,0.7822892069816589,-0.07094030827283859
EN-Alto-1__glissando__technique__trouble_is_a_friend__0012_v1,glissando,1,EN-Alto-1,0.6732460260391235,0.8083985447883606,-0.09155029058456421
EN-Alto-1__glissando__technique__trouble_is_a_friend__0012_v2,glissando,2,EN-Alto-1,0.6811292171478271,0.7985873818397522,-0.0765630379319191
EN-Alto-1__glissando__technique__trouble_is_a_friend__0012_v3,glissando,3,EN-Alto-1,0.6577212810516357,0.8273800015449524,-0.07286148518323898
EN-Alto-1__glissando__technique__trouble_is_a_friend__0013_v0,glissando,0,EN-Alto-1,0.6912148594856262,0.7858564257621765,-0.13722635805606842
EN-Alto-1__glissando__technique__trouble_is_a_friend__0013_v1,glissando,1,EN-Alto-1,0.6733420491218567,0.8082797527313232,-0.12744182348251343
EN-Alto-1__glissando__technique__trouble_is_a_friend__0013_v2,glissando,2,EN-Alto-1,0.6832938194274902,0.7958720922470093,-0.10309171676635742
EN-Alto-1__glissando__technique__trouble_is_a_friend__0013_v3,glissando,3,EN-Alto-1,0.638149082660675,0.8507067561149597,-0.08775663375854492
EN-Alto-1__glissando__technique__trouble_is_a_friend__0014_v0,glissando,0,EN-Alto-1,0.6726619005203247,0.809120774269104,0.08516386896371841
EN-Alto-1__glissando__technique__trouble_is_a_friend__0014_v1,glissando,1,EN-Alto-1,0.6741763949394226,0.8072466850280762,0.10723666101694107
EN-Alto-1__glissando__technique__trouble_is_a_friend__0014_v2,glissando,2,EN-Alto-1,0.6709118485450745,0.8112807273864746,0.10975348949432373
EN-Alto-1__glissando__technique__trouble_is_a_friend__0014_v3,glissando,3,EN-Alto-1,0.687225341796875,0.7909167408943176,0.08581753075122833
EN-Alto-1__glissando__technique__trouble_is_a_friend__0015_v0,glissando,0,EN-Alto-1,0.6970943808555603,0.7783389091491699,-0.012299894355237484
EN-Alto-1__glissando__technique__trouble_is_a_friend__0015_v1,glissando,1,EN-Alto-1,0.6825981736183167,0.7967457175254822,8.026599971344694e-05
EN-Alto-1__glissando__technique__trouble_is_a_friend__0015_v2,glissando,2,EN-Alto-1,0.6654135584831238,0.8180299997329712,-0.005573565140366554
EN-Alto-1__glissando__technique__trouble_is_a_friend__0015_v3,glissando,3,EN-Alto-1,0.6396788954734802,0.8489064574241638,-0.020791905000805855
EN-Alto-1__glissando__technique__trouble_is_a_friend__0016_v0,glissando,0,EN-Alto-1,0.7811250686645508,0.6616266369819641,-0.15442945063114166
EN-Alto-1__glissando__technique__trouble_is_a_friend__0016_v1,glissando,1,EN-Alto-1,0.7861267328262329,0.6540234684944153,-0.14610442519187927
EN-Alto-1__glissando__technique__trouble_is_a_friend__0016_v2,glissando,2,EN-Alto-1,0.7845176458358765,0.6564791798591614,-0.12526142597198486
EN-Alto-1__glissando__technique__trouble_is_a_friend__0016_v3,glissando,3,EN-Alto-1,0.7711784839630127,0.676493227481842,-0.12457464635372162
EN-Alto-1__pharyngeal__technique__beauty_and_the_beast__0000_v0,pharyngeal,0,EN-Alto-1,0.6792352199554443,0.8009554743766785,0.03477149456739426
EN-Alto-1__pharyngeal__technique__beauty_and_the_beast__0000_v1,pharyngeal,1,EN-Alto-1,0.6941626667976379,0.7820963859558105,0.06280415505170822
EN-Alto-1__pharyngeal__technique__beauty_and_the_beast__0000_v2,pharyngeal,2,EN-Alto-1,0.6531187295913696,0.8329242467880249,0.029841488227248192
EN-Alto-1__pharyngeal__technique__beauty_and_the_beast__0001_v0,pharyngeal,0,EN-Alto-1,0.7136970162391663,0.7567072510719299,-0.013715886510908604
EN-Alto-1__pharyngeal__technique__beauty_and_the_beast__0001_v1,pharyngeal,1,EN-Alto-1,0.7116571068763733,0.759398341178894,-0.00413797702640295
EN-Alto-1__pharyngeal__technique__beauty_and_the_beast__0001_v2,pharyngeal,2,EN-Alto-1,0.7157387137413025,0.7540044188499451,-0.044339459389448166
EN-Alto-1__pharyngeal__technique__beauty_and_the_beast__0002_v0,pharyngeal,0,EN-Alto-1,0.7283984422683716,0.7370232939720154,-0.07678978145122528
EN-Alto-1__pharyngeal__technique__beauty_and_the_beast__0002_v1,pharyngeal,1,EN-Alto-1,0.6785809993743896,0.8017719388008118,0.011034834198653698
EN-Alto-1__pharyngeal__technique__beauty_and_the_beast__0002_v2,pharyngeal,2,EN-Alto-1,0.6625552177429199,0.8215168714523315,0.03212922066450119
EN-Alto-1__pharyngeal__technique__beauty_and_the_beast__0003_v0,pharyngeal,0,EN-Alto-1,0.6736004948616028,0.8079599142074585,-0.009824181906878948
EN-Alto-1__pharyngeal__technique__beauty_and_the_beast__0003_v1,pharyngeal,1,EN-Alto-1,0.6432415246963501,0.8446993827819824,0.011796110309660435
EN-Alto-1__pharyngeal__technique__beauty_and_the_beast__0003_v2,pharyngeal,2,EN-Alto-1,0.5986009836196899,0.8959900140762329,0.01746097207069397
EN-Alto-1__pharyngeal__technique__beauty_and_the_beast__0004_v0,pharyngeal,0,EN-Alto-1,0.7115594744682312,0.7595268487930298,-0.1501261442899704
EN-Alto-1__pharyngeal__technique__beauty_and_the_beast__0004_v1,pharyngeal,1,EN-Alto-1,0.6788196563720703,0.8014740943908691,-0.11853750795125961
EN-Alto-1__pharyngeal__technique__beauty_and_the_beast__0004_v2,pharyngeal,2,EN-Alto-1,0.651556134223938,0.8347980380058289,-0.1058538556098938
EN-Alto-1__pharyngeal__technique__beauty_and_the_beast__0005_v0,pharyngeal,0,EN-Alto-1,0.6932701468467712,0.7832368016242981,-0.0832291841506958
EN-Alto-1__pharyngeal__technique__beauty_and_the_beast__0005_v1,pharyngeal,1,EN-Alto-1,0.6761371493339539,0.8048142194747925,-0.07924356311559677
EN-Alto-1__pharyngeal__technique__beauty_and_the_beast__0005_v2,pharyngeal,2,EN-Alto-1,0.6695528626441956,0.8129541277885437,-0.08420972526073456
EN-Alto-1__pharyngeal__technique__beauty_and_the_beast__0006_v0,pharyngeal,0,EN-Alto-1,0.752102255821228,0.7041274905204773,-0.14226220548152924
EN-Alto-1__pharyngeal__technique__beauty_and_the_beast__0006_v1,pharyngeal,1,EN-Alto-1,0.7149301767349243,0.7550760507583618,-0.1009078323841095
EN-Alto-1__pharyngeal__technique__beauty_and_the_beast__0006_v2,pharyngeal,2,EN-Alto-1,0.7091630697250366,0.7626757025718689,-0.07929684966802597
EN-Alto-1__pharyngeal__technique__beauty_and_the_beast__0007_v0,pharyngeal,0,EN-Alto-1,0.6372396349906921,0.8517751097679138,0.031144943088293076
EN-Alto-1__pharyngeal__technique__beauty_and_the_beast__0007_v1,pharyngeal,1,EN-Alto-1,0.6209588050842285,0.8706793785095215,0.06337279081344604
EN-Alto-1__pharyngeal__technique__beauty_and_the_beast__0007_v2,pharyngeal,2,EN-Alto-1,0.6376251578330994,0.8513224124908447,0.06904324144124985
EN-Alto-1__pharyngeal__technique__beauty_and_the_beast__0008_v0,pharyngeal,0,EN-Alto-1,0.6768351197242737,0.8039464354515076,0.014772702939808369
EN-Alto-1__pharyngeal__technique__beauty_and_the_beast__0008_v1,pharyngeal,1,EN-Alto-1,0.6506030559539795,0.8359389901161194,0.037412598729133606
EN-Alto-1__pharyngeal__technique__beauty_and_the_beast__0008_v2,pharyngeal,2,EN-Alto-1,0.6295894384384155,0.8607096672058105,0.02734837681055069
EN-Alto-1__pharyngeal__technique__beauty_and_the_beast__0009_v0,pharyngeal,0,EN-Alto-1,0.7569687366485596,0.6971818208694458,-0.07747700810432434
EN-Alto-1__pharyngeal__technique__beauty_and_the_beast__0009_v1,pharyngeal,1,EN-Alto-1,0.742969274520874,0.7169807553291321,-0.06642860919237137
EN-Alto-1__pharyngeal__technique__beauty_and_the_beast__0009_v2,pharyngeal,2,EN-Alto-1,0.7169699668884277,0.7523697018623352,-0.06617020070552826
EN-Alto-1__pharyngeal__technique__beauty_and_the_beast__0010_v0,pharyngeal,0,EN-Alto-1,0.7523081302642822,0.7038350105285645,-0.07369071990251541
EN-Alto-1__pharyngeal__technique__beauty_and_the_beast__0010_v1,pharyngeal,1,EN-Alto-1,0.7391858100891113,0.7222384214401245,-0.05812235549092293
EN-Alto-1__pharyngeal__technique__beauty_and_the_beast__0010_v2,pharyngeal,2,EN-Alto-1,0.7257071733474731,0.7406657338142395,-0.04235165938735008
EN-Alto-1__pharyngeal__technique__beauty_and_the_beast__0011_v0,pharyngeal,0,EN-Alto-1,0.7342805862426758,0.728998601436615,-0.21903765201568604
EN-Alto-1__pharyngeal__technique__beauty_and_the_beast__0011_v1,pharyngeal,1,EN-Alto-1,0.7193247675895691,0.7492332458496094,-0.16225554049015045
EN-Alto-1__pharyngeal__technique__beauty_and_the_beast__0011_v2,pharyngeal,2,EN-Alto-1,0.6987909078598022,0.7761561274528503,-0.15899646282196045
EN-Alto-1__pharyngeal__technique__beauty_and_the_beast__0012_v0,pharyngeal,0,EN-Alto-1,0.774387538433075,0.6717328429222107,-0.11708936840295792
EN-Alto-1__pharyngeal__technique__beauty_and_the_beast__0012_v1,pharyngeal,1,EN-Alto-1,0.7416061162948608,0.7188795208930969,-0.09990546107292175
EN-Alto-1__pharyngeal__technique__beauty_and_the_beast__0012_v2,pharyngeal,2,EN-Alto-1,0.7384904623031616,0.7232006192207336,-0.07773565500974655
EN-Alto-1__pharyngeal__technique__beauty_and_the_beast__0013_v0,pharyngeal,0,EN-Alto-1,0.7562536597251892,0.6982067227363586,-0.16461101174354553
EN-Alto-1__pharyngeal__technique__beauty_and_the_beast__0013_v1,pharyngeal,1,EN-Alto-1,0.7460070848464966,0.7127314209938049,-0.10788917541503906
EN-Alto-1__pharyngeal__technique__beauty_and_the_beast__0013_v2,pharyngeal,2,EN-Alto-1,0.766020655632019,0.684075117111206,-0.07204858213663101
EN-Alto-1__pharyngeal__technique__clouds__0000_v0,pharyngeal,0,EN-Alto-1,0.7300070524215698,0.7348373532295227,-0.11449149996042252
EN-Alto-1__pharyngeal__technique__clouds__0000_v1,pharyngeal,1,EN-Alto-1,0.7057691812515259,0.767112672328949,-0.057003453373909
EN-Alto-1__pharyngeal__technique__clouds__0000_v2,pharyngeal,2,EN-Alto-1,0.6913959383964539,0.7856260538101196,-0.04742497578263283
EN-Alto-1__pharyngeal__technique__clouds__0001_v0,pharyngeal,0,EN-Alto-1,0.6812777519226074,0.7984012961387634,-0.18235154449939728
EN-Alto-1__pharyngeal__technique__clouds__0001_v1,pharyngeal,1,EN-Alto-1,0.6465387940406799,0.840786874294281,-0.16286763548851013
EN-Alto-1__pharyngeal__technique__clouds__0001_v2,pharyngeal,2,EN-Alto-1,0.6120777726173401,0.8808204531669617,-0.19017742574214935
EN-Alto-1__pharyngeal__technique__clouds__0002_v0,pharyngeal,0,EN-Alto-1,0.7352336049079895,0.7276900410652161,-0.2472795844078064
EN-Alto-1__pharyngeal__technique__clouds__0002_v1,pharyngeal,1,EN-Alto-1,0.6924257874488831,0.7843139171600342,-0.20546463131904602
EN-Alto-1__pharyngeal__technique__clouds__0002_v2,pharyngeal,2,EN-Alto-1,0.6754112839698792,0.8057155013084412,-0.19972899556159973
EN-Alto-1__pharyngeal__technique__clouds__0003_v0,pharyngeal,0,EN-Alto-1,0.6811388731002808,0.7985752820968628,-0.1413278728723526
EN-Alto-1__pharyngeal__technique__clouds__0003_v1,pharyngeal,1,EN-Alto-1,0.6634387969970703,0.8204404711723328,-0.13515102863311768
EN-Alto-1__pharyngeal__technique__clouds__0003_v2,pharyngeal,2,EN-Alto-1,0.6520065069198608,0.8342584371566772,-0.14273233711719513
EN-Alto-1__pharyngeal__technique__clouds__0004_v0,pharyngeal,0,EN-Alto-1,0.7972679138183594,0.6367608308792114,-0.1755254715681076
EN-Alto-1__pharyngeal__technique__clouds__0004_v1,pharyngeal,1,EN-Alto-1,0.7617047429084778,0.6903554201126099,-0.1573043018579483
EN-Alto-1__pharyngeal__technique__clouds__0004_v2,pharyngeal,2,EN-Alto-1,0.7500576972961426,0.7070252299308777,-0.15152715146541595
EN-Alto-1__pharyngeal__technique__clouds__0005_v0,pharyngeal,0,EN-Alto-1,0.6948224306106567,0.7812522649765015,-0.1309662014245987
EN-Alto-1__pharyngeal__technique__clouds__0005_v1,pharyngeal,1,EN-Alto-1,0.6734980940818787,0.8080865740776062,-0.11615291982889175
EN-Alto-1__pharyngeal__technique__clouds__0005_v2,pharyngeal,2,EN-Alto-1,0.6428127288818359,0.8452068567276001,-0.11202813684940338
EN-Alto-1__pharyngeal__technique__clouds__0006_v0,pharyngeal,0,EN-Alto-1,0.7557941675186157,0.6988646984100342,-0.15132692456245422
EN-Alto-1__pharyngeal__technique__clouds__0006_v1,pharyngeal,1,EN-Alto-1,0.7089372873306274,0.7629714608192444,-0.10373100638389587
EN-Alto-1__pharyngeal__technique__clouds__0006_v2,pharyngeal,2,EN-Alto-1,0.6812387704849243,0.7984500527381897,-0.1117590144276619
EN-Alto-1__pharyngeal__technique__clouds__0007_v0,pharyngeal,0,EN-Alto-1,0.7012083530426025,0.7730351686477661,-0.22955456376075745
EN-Alto-1__pharyngeal__technique__clouds__0007_v1,pharyngeal,1,EN-Alto-1,0.6819320917129517,0.7975813150405884,-0.2141331136226654
EN-Alto-1__pharyngeal__technique__clouds__0007_v2,pharyngeal,2,EN-Alto-1,0.6722469925880432,0.8096333146095276,-0.2193700224161148
EN-Alto-1__pharyngeal__technique__clouds__0008_v0,pharyngeal,0,EN-Alto-1,0.7466176748275757,0.7118741273880005,-0.12079468369483948
EN-Alto-1__pharyngeal__technique__clouds__0008_v1,pharyngeal,1,EN-Alto-1,0.7156957983970642,0.7540613412857056,-0.10421687364578247
EN-Alto-1__pharyngeal__technique__clouds__0008_v2,pharyngeal,2,EN-Alto-1,0.6891593933105469,0.7884676456451416,-0.12711399793624878
EN-Alto-1__pharyngeal__technique__clouds__0009_v0,pharyngeal,0,EN-Alto-1,0.8164426684379578,0.6059000492095947,-0.1301051676273346
EN-Alto-1__pharyngeal__technique__clouds__0009_v1,pharyngeal,1,EN-Alto-1,0.8045983910560608,0.6251426935195923,-0.15523067116737366
EN-Alto-1__pharyngeal__technique__clouds__0009_v2,pharyngeal,2,EN-Alto-1,0.7759894132614136,0.6693439483642578,-0.16212347149848938
EN-Alto-1__pharyngeal__technique__clouds__0010_v0,pharyngeal,0,EN-Alto-1,0.7484217882156372,0.7093352675437927,-0.09463179111480713
EN-Alto-1__pharyngeal__technique__clouds__0010_v1,pharyngeal,1,EN-Alto-1,0.7163059711456299,0.7532517313957214,-0.08102265000343323
EN-Alto-1__pharyngeal__technique__clouds__0010_v2,pharyngeal,2,EN-Alto-1,0.6923044919967651,0.7844687104225159,-0.07398875802755356
EN-Alto-1__pharyngeal__technique__clouds__0011_v0,pharyngeal,0,EN-Alto-1,0.7083814144134521,0.7636996507644653,0.05543050915002823
EN-Alto-1__pharyngeal__technique__clouds__0011_v1,pharyngeal,1,EN-Alto-1,0.6550437808036804,0.8306097388267517,0.0492703802883625
EN-Alto-1__pharyngeal__technique__clouds__0011_v2,pharyngeal,2,EN-Alto-1,0.6262603998184204,0.8645687699317932,0.053995389491319656
EN-Alto-1__pharyngeal__technique__clouds__0012_v0,pharyngeal,0,EN-Alto-1,0.7271946668624878,0.7386547327041626,-0.1036967933177948
EN-Alto-1__pharyngeal__technique__clouds__0012_v1,pharyngeal,1,EN-Alto-1,0.6980233788490295,0.7771443128585815,-0.07863041758537292
EN-Alto-1__pharyngeal__technique__clouds__0012_v2,pharyngeal,2,EN-Alto-1,0.6666899919509888,0.8164680004119873,-0.07726643979549408
EN-Alto-1__pharyngeal__technique__clouds__0013_v0,pharyngeal,0,EN-Alto-1,0.6937084197998047,0.7826770544052124,-0.060763683170080185
EN-Alto-1__pharyngeal__technique__clouds__0013_v1,pharyngeal,1,EN-Alto-1,0.6399143934249878,0.8486290574073792,-0.015264119952917099
EN-Alto-1__pharyngeal__technique__clouds__0013_v2,pharyngeal,2,EN-Alto-1,0.6134584546089172,0.8792514801025391,-0.03273019194602966
EN-Alto-1__pharyngeal__technique__clouds__0014_v0,pharyngeal,0,EN-Alto-1,0.705807089805603,0.7670632004737854,-0.12365235388278961
EN-Alto-1__pharyngeal__technique__clouds__0014_v1,pharyngeal,1,EN-Alto-1,0.6839577555656433,0.7950375080108643,-0.11660634726285934
EN-Alto-1__pharyngeal__technique__clouds__0014_v2,pharyngeal,2,EN-Alto-1,0.6553546190261841,0.8302354216575623,-0.12113877385854721
EN-Alto-1__pharyngeal__technique__clouds__0015_v0,pharyngeal,0,EN-Alto-1,0.7696794271469116,0.6787055730819702,-0.21499614417552948
EN-Alto-1__pharyngeal__technique__clouds__0015_v1,pharyngeal,1,EN-Alto-1,0.751251757144928,0.7053343653678894,-0.16119837760925293
EN-Alto-1__pharyngeal__technique__clouds__0015_v2,pharyngeal,2,EN-Alto-1,0.7244649529457092,0.7423409819602966,-0.1911570280790329
EN-Alto-1__pharyngeal__technique__clouds__0016_v0,pharyngeal,0,EN-Alto-1,0.7218965291976929,0.7457929253578186,-0.12254833430051804
EN-Alto-1__pharyngeal__technique__clouds__0016_v1,pharyngeal,1,EN-Alto-1,0.6943676471710205,0.7818342447280884,-0.09505542367696762
EN-Alto-1__pharyngeal__technique__clouds__0016_v2,pharyngeal,2,EN-Alto-1,0.6614676713943481,0.8228394389152527,-0.086809441447258
EN-Alto-1__pharyngeal__technique__clouds__0017_v0,pharyngeal,0,EN-Alto-1,0.7412034869194031,0.7194394469261169,-0.030590221285820007
EN-Alto-1__pharyngeal__technique__clouds__0017_v1,pharyngeal,1,EN-Alto-1,0.7427796721458435,0.71724534034729,-0.049645449966192245
EN-Alto-1__pharyngeal__technique__clouds__0017_v2,pharyngeal,2,EN-Alto-1,0.6998436450958252,0.7747986316680908,-0.07919421792030334
EN-Alto-1__pharyngeal__technique__love_stroy__0000_v0,pharyngeal,0,EN-Alto-1,0.7446321845054626,0.7146578431129456,0.163238987326622
EN-Alto-1__pharyngeal__technique__love_stroy__0000_v1,pharyngeal,1,EN-Alto-1,0.7278881669044495,0.7377151846885681,0.13465572893619537
EN-Alto-1__pharyngeal__technique__love_stroy__0000_v2,pharyngeal,2,EN-Alto-1,0.6770408749580383,0.803690493106842,0.13705463707447052
EN-Alto-1__pharyngeal__technique__love_stroy__0001_v0,pharyngeal,0,EN-Alto-1,0.6492852568626404,0.8375139832496643,0.006065663881599903
EN-Alto-1__pharyngeal__technique__love_stroy__0001_v1,pharyngeal,1,EN-Alto-1,0.5984185934066772,0.8961936235427856,0.025746073573827744
EN-Alto-1__pharyngeal__technique__love_stroy__0001_v2,pharyngeal,2,EN-Alto-1,0.5644945502281189,0.9332796931266785,0.016604088246822357
EN-Alto-1__pharyngeal__technique__love_stroy__0002_v0,pharyngeal,0,EN-Alto-1,0.759315013885498,0.693808376789093,0.07030104100704193
EN-Alto-1__pharyngeal__technique__love_stroy__0002_v1,pharyngeal,1,EN-Alto-1,0.7438151836395264,0.7158001661300659,0.09033657610416412
EN-Alto-1__pharyngeal__technique__love_stroy__0002_v2,pharyngeal,2,EN-Alto-1,0.7501621246337891,0.7068775296211243,0.05617012456059456
EN-Alto-1__pharyngeal__technique__love_stroy__0003_v0,pharyngeal,0,EN-Alto-1,0.696940004825592,0.7785370945930481,-0.13814522325992584
EN-Alto-1__pharyngeal__technique__love_stroy__0003_v1,pharyngeal,1,EN-Alto-1,0.7066785097122192,0.7659262418746948,-0.12176545709371567
EN-Alto-1__pharyngeal__technique__love_stroy__0003_v2,pharyngeal,2,EN-Alto-1,0.6499099731445312,0.8367676734924316,-0.1523147076368332
EN-Alto-1__pharyngeal__technique__love_stroy__0004_v0,pharyngeal,0,EN-Alto-1,0.6764029264450073,0.8044838309288025,-0.11369301378726959
EN-Alto-1__pharyngeal__technique__love_stroy__0004_v1,pharyngeal,1,EN-Alto-1,0.6414659023284912,0.846798837184906,-0.09811721742153168
EN-Alto-1__pharyngeal__technique__love_stroy__0004_v2,pharyngeal,2,EN-Alto-1,0.6248248219490051,0.8662277460098267,-0.08787829428911209
EN-Alto-1__pharyngeal__technique__love_stroy__0005_v0,pharyngeal,0,EN-Alto-1,0.7110267877578735,0.7602279782295227,-0.10174790769815445
EN-Alto-1__pharyngeal__technique__love_stroy__0005_v1,pharyngeal,1,EN-Alto-1,0.6933820843696594,0.7830938696861267,-0.08883202821016312
EN-Alto-1__pharyngeal__technique__love_stroy__0005_v2,pharyngeal,2,EN-Alto-1,0.6741218566894531,0.807314395904541,-0.09556614607572556
EN-Alto-1__pharyngeal__technique__love_stroy__0006_v0,pharyngeal,0,EN-Alto-1,0.7598355412483215,0.6930577158927917,-0.08073952794075012
EN-Alto-1__pharyngeal__technique__love_stroy__0006_v1,pharyngeal,1,EN-Alto-1,0.7270914912223816,0.7387943267822266,-0.053293876349925995
EN-Alto-1__pharyngeal__technique__love_stroy__0006_v2,pharyngeal,2,EN-Alto-1,0.6994261741638184,0.7753371596336365,-0.06855512410402298
EN-Alto-1__pharyngeal__technique__love_stroy__0007_v0,pharyngeal,0,EN-Alto-1,0.7007763981819153,0.7735937237739563,0.02790522389113903
EN-Alto-1__pharyngeal__technique__love_stroy__0007_v1,pharyngeal,1,EN-Alto-1,0.6441401243209839,0.843634843826294,0.054532792419195175
EN-Alto-1__pharyngeal__technique__love_stroy__0007_v2,pharyngeal,2,EN-Alto-1,0.6589689254760742,0.82587069272995,0.05421421676874161
EN-Alto-1__pharyngeal__technique__love_stroy__0008_v0,pharyngeal,0,EN-Alto-1,0.7589824795722961,0.6942875385284424,-0.08211207389831543
EN-Alto-1__pharyngeal__technique__love_stroy__0008_v1,pharyngeal,1,EN-Alto-1,0.7237468957901001,0.7433075308799744,-0.07110969722270966
EN-Alto-1__pharyngeal__technique__love_stroy__0008_v2,pharyngeal,2,EN-Alto-1,0.697629451751709,0.7776510715484619,-0.1088348925113678
EN-Alto-1__pharyngeal__technique__love_stroy__0009_v0,pharyngeal,0,EN-Alto-1,0.7550265192985535,0.6999622583389282,-0.12456528097391129
EN-Alto-1__pharyngeal__technique__love_stroy__0009_v1,pharyngeal,1,EN-Alto-1,0.7021293640136719,0.7718429565429688,-0.10645661503076553
EN-Alto-1__pharyngeal__technique__love_stroy__0009_v2,pharyngeal,2,EN-Alto-1,0.665800154209137,0.8175572752952576,-0.12693703174591064
EN-Alto-1__pharyngeal__technique__love_stroy__0010_v0,pharyngeal,0,EN-Alto-1,0.7038894891738892,0.7695590853691101,-0.13403530418872833
EN-Alto-1__pharyngeal__technique__love_stroy__0010_v1,pharyngeal,1,EN-Alto-1,0.6823761463165283,0.7970243096351624,-0.13565106689929962
EN-Alto-1__pharyngeal__technique__love_stroy__0010_v2,pharyngeal,2,EN-Alto-1,0.6213090419769287,0.870276927947998,-0.12994451820850372
EN-Alto-1__pharyngeal__technique__love_stroy__0011_v0,pharyngeal,0,EN-Alto-1,0.7149402499198914,0.7550626397132874,-0.1650097370147705
EN-Alto-1__pharyngeal__technique__love_stroy__0011_v1,pharyngeal,1,EN-Alto-1,0.6570148468017578,0.8282333016395569,-0.10932222753763199
EN-Alto-1__pharyngeal__technique__love_stroy__0011_v2,pharyngeal,2,EN-Alto-1,0.6679737567901611,0.8148942589759827,-0.13299092650413513
EN-Alto-1__pharyngeal__technique__love_stroy__0012_v0,pharyngeal,0,EN-Alto-1,0.6841744184494019,0.7947649359703064,-0.21267098188400269
EN-Alto-1__pharyngeal__technique__love_stroy__0012_v1,pharyngeal,1,EN-Alto-1,0.643832266330719,0.8439998030662537,-0.16938596963882446
EN-Alto-1__pharyngeal__technique__love_stroy__0012_v2,pharyngeal,2,EN-Alto-1,0.6136825084686279,0.8789966702461243,-0.16272811591625214
EN-Alto-1__pharyngeal__technique__love_stroy__0013_v0,pharyngeal,0,EN-Alto-1,0.6685930490493774,0.814133882522583,0.017313769087195396
EN-Alto-1__pharyngeal__technique__love_stroy__0013_v1,pharyngeal,1,EN-Alto-1,0.6262932419776917,0.8645308613777161,0.016153531149029732
EN-Alto-1__pharyngeal__technique__love_stroy__0013_v2,pharyngeal,2,EN-Alto-1,0.6117391586303711,0.8812046051025391,-0.005344697739928961
EN-Alto-1__pharyngeal__technique__love_stroy__0014_v0,pharyngeal,0,EN-Alto-1,0.6931604743003845,0.7833768725395203,-0.04748671129345894
EN-Alto-1__pharyngeal__technique__love_stroy__0014_v1,pharyngeal,1,EN-Alto-1,0.6316582560539246,0.8583027720451355,-0.030856631696224213
EN-Alto-1__pharyngeal__technique__love_stroy__0014_v2,pharyngeal,2,EN-Alto-1,0.5720632672309875,0.9251344203948975,-0.022796671837568283
EN-Alto-1__pharyngeal__technique__love_stroy__0015_v0,pharyngeal,0,EN-Alto-1,0.6819810271263123,0.7975199222564697,-0.019322067499160767
EN-Alto-1__pharyngeal__technique__love_stroy__0015_v1,pharyngeal,1,EN-Alto-1,0.6602862477302551,0.8242740035057068,-0.009058543480932713
EN-Alto-1__pharyngeal__technique__love_stroy__0015_v2,pharyngeal,2,EN-Alto-1,0.62947678565979,0.8608405590057373,-0.033010199666023254
EN-Alto-1__pharyngeal__technique__love_stroy__0016_v0,pharyngeal,0,EN-Alto-1,0.6844050884246826,0.7944746613502502,-0.18655261397361755
EN-Alto-1__pharyngeal__technique__love_stroy__0016_v1,pharyngeal,1,EN-Alto-1,0.6484650373458862,0.8384926319122314,-0.12794455885887146
EN-Alto-1__pharyngeal__technique__love_stroy__0016_v2,pharyngeal,2,EN-Alto-1,0.6016418933868408,0.8925896286964417,-0.14362286031246185
EN-Alto-1__pharyngeal__technique__love_stroy__0017_v0,pharyngeal,0,EN-Alto-1,0.7115212678909302,0.759577214717865,-0.2217511385679245
EN-Alto-1__pharyngeal__technique__love_stroy__0017_v1,pharyngeal,1,EN-Alto-1,0.6888800859451294,0.7888218760490417,-0.20153851807117462
EN-Alto-1__pharyngeal__technique__love_stroy__0017_v2,pharyngeal,2,EN-Alto-1,0.6598717570304871,0.8247767090797424,-0.20663870871067047
EN-Alto-1__pharyngeal__technique__love_stroy__0018_v0,pharyngeal,0,EN-Alto-1,0.7396999001502991,0.7215263247489929,-0.15434429049491882
EN-Alto-1__pharyngeal__technique__love_stroy__0018_v1,pharyngeal,1,EN-Alto-1,0.694844126701355,0.7812246680259705,-0.1291852742433548
EN-Alto-1__pharyngeal__technique__love_stroy__0018_v2,pharyngeal,2,EN-Alto-1,0.6803691387176514,0.7995384931564331,-0.10491692274808884
EN-Alto-1__pharyngeal__technique__monsters__0000_v0,pharyngeal,0,EN-Alto-1,0.7790786027908325,0.6647127270698547,-0.11821164190769196
EN-Alto-1__pharyngeal__technique__monsters__0000_v1,pharyngeal,1,EN-Alto-1,0.7486172914505005,0.7090597152709961,-0.0851435586810112
EN-Alto-1__pharyngeal__technique__monsters__0000_v2,pharyngeal,2,EN-Alto-1,0.751065731048584,0.7055979371070862,-0.06741499900817871
EN-Alto-1__pharyngeal__technique__monsters__0001_v0,pharyngeal,0,EN-Alto-1,0.7883496284484863,0.6506157517433167,-0.24023716151714325
EN-Alto-1__pharyngeal__technique__monsters__0001_v1,pharyngeal,1,EN-Alto-1,0.7687491178512573,0.6800747513771057,-0.19408462941646576
EN-Alto-1__pharyngeal__technique__monsters__0001_v2,pharyngeal,2,EN-Alto-1,0.7621691226959229,0.6896824240684509,-0.15979762375354767
EN-Alto-1__pharyngeal__technique__monsters__0002_v0,pharyngeal,0,EN-Alto-1,0.544374406337738,0.9545947909355164,-0.0811537578701973
EN-Alto-1__pharyngeal__technique__monsters__0002_v1,pharyngeal,1,EN-Alto-1,0.4861593544483185,1.0137461423873901,-0.036112911999225616
EN-Alto-1__pharyngeal__technique__monsters__0002_v2,pharyngeal,2,EN-Alto-1,0.4825763702392578,1.0172743797302246,-0.025533704087138176
EN-Alto-1__pharyngeal__technique__monsters__0003_v0,pharyngeal,0,EN-Alto-1,0.7190806865692139,0.7495590448379517,-0.15538975596427917
EN-Alto-1__pharyngeal__technique__monsters__0003_v1,pharyngeal,1,EN-Alto-1,0.6895973086357117,0.7879120111465454,-0.11607818305492401
EN-Alto-1__pharyngeal__technique__monsters__0003_v2,pharyngeal,2,EN-Alto-1,0.6782664060592651,0.8021641373634338,-0.09369227290153503
EN-Alto-1__pharyngeal__technique__monsters__0004_v0,pharyngeal,0,EN-Alto-1,0.7382230758666992,0.7235702276229858,-0.04743901640176773
EN-Alto-1__pharyngeal__technique__monsters__0004_v1,pharyngeal,1,EN-Alto-1,0.6692335605621338,0.8133467435836792,-0.0019461491610854864
EN-Alto-1__pharyngeal__technique__monsters__0004_v2,pharyngeal,2,EN-Alto-1,0.6650831699371338,0.8184336423873901,-0.018903326243162155
EN-Alto-1__pharyngeal__technique__monsters__0005_v0,pharyngeal,0,EN-Alto-1,0.7580405473709106,0.6956428289413452,-0.14772328734397888
EN-Alto-1__pharyngeal__technique__monsters__0005_v1,pharyngeal,1,EN-Alto-1,0.7061823606491089,0.7665737867355347,-0.10939286649227142
EN-Alto-1__pharyngeal__technique__monsters__0005_v2,pharyngeal,2,EN-Alto-1,0.7033237814903259,0.7702937722206116,-0.12336298823356628
EN-Alto-1__pharyngeal__technique__monsters__0006_v0,pharyngeal,0,EN-Alto-1,0.7238842248916626,0.7431229948997498,-0.21919818222522736
EN-Alto-1__pharyngeal__technique__monsters__0006_v1,pharyngeal,1,EN-Alto-1,0.6742118000984192,0.807202935218811,-0.20713211596012115
EN-Alto-1__pharyngeal__technique__monsters__0006_v2,pharyngeal,2,EN-Alto-1,0.6785078644752502,0.8018631339073181,-0.19233596324920654
EN-Alto-1__pharyngeal__technique__monsters__0007_v0,pharyngeal,0,EN-Alto-1,0.7342889904975891,0.7289870381355286,-0.22999677062034607
EN-Alto-1__pharyngeal__technique__monsters__0007_v1,pharyngeal,1,EN-Alto-1,0.6799607276916504,0.8000491857528687,-0.2080259472131729
EN-Alto-1__pharyngeal__technique__monsters__0007_v2,pharyngeal,2,EN-Alto-1,0.6873205900192261,0.7907963991165161,-0.1752387285232544
EN-Alto-1__pharyngeal__technique__monsters__0008_v0,pharyngeal,0,EN-Alto-1,0.5918411612510681,0.9035031199455261,-0.17936718463897705
EN-Alto-1__pharyngeal__technique__monsters__0008_v1,pharyngeal,1,EN-Alto-1,0.5567153692245483,0.941578209400177,-0.14246176183223724
EN-Alto-1__pharyngeal__technique__monsters__0008_v2,pharyngeal,2,EN-Alto-1,0.5532861351966858,0.9452131986618042,-0.13171331584453583
EN-Alto-1__pharyngeal__technique__monsters__0009_v0,pharyngeal,0,EN-Alto-1,0.6466990113258362,0.8405963182449341,-0.1860368847846985
EN-Alto-1__pharyngeal__technique__monsters__0009_v1,pharyngeal,1,EN-Alto-1,0.6060603857040405,0.8876256346702576,-0.16772465407848358
EN-Alto-1__pharyngeal__technique__monsters__0009_v2,pharyngeal,2,EN-Alto-1,0.6132856607437134,0.8794479966163635,-0.1729234904050827
EN-Alto-1__pharyngeal__technique__monsters__0010_v0,pharyngeal,0,EN-Alto-1,0.6345995664596558,0.85486900806427,-0.24237287044525146
EN-Alto-1__pharyngeal__technique__monsters__0010_v1,pharyngeal,1,EN-Alto-1,0.6109739542007446,0.8820727467536926,-0.2139660120010376
EN-Alto-1__pharyngeal__technique__monsters__0010_v2,pharyngeal,2,EN-Alto-1,0.6015013456344604,0.8927470445632935,-0.20590177178382874
EN-Alto-1__pharyngeal__technique__monsters__0011_v0,pharyngeal,0,EN-Alto-1,0.6998034119606018,0.7748504877090454,-0.18994736671447754
EN-Alto-1__pharyngeal__technique__monsters__0011_v1,pharyngeal,1,EN-Alto-1,0.6615216732025146,0.822773814201355,-0.16463494300842285
EN-Alto-1__pharyngeal__technique__monsters__0011_v2,pharyngeal,2,EN-Alto-1,0.6582595705986023,0.8267291188240051,-0.1678183376789093
EN-Alto-1__pharyngeal__technique__monsters__0012_v0,pharyngeal,0,EN-Alto-1,0.6935800313949585,0.7828409671783447,-0.19503822922706604
EN-Alto-1__pharyngeal__technique__monsters__0012_v1,pharyngeal,1,EN-Alto-1,0.6448532342910767,0.8427891135215759,-0.1850377470254898
EN-Alto-1__pharyngeal__technique__monsters__0012_v2,pharyngeal,2,EN-Alto-1,0.630176305770874,0.860027551651001,-0.189797043800354
EN-Alto-1__pharyngeal__technique__somewhere_over_the_rainbow__0000_v0,pharyngeal,0,EN-Alto-1,0.8397759795188904,0.5660814046859741,-0.042909614741802216
EN-Alto-1__pharyngeal__technique__somewhere_over_the_rainbow__0000_v1,pharyngeal,1,EN-Alto-1,0.8257091641426086,0.5904082655906677,-0.03495677188038826
EN-Alto-1__pharyngeal__technique__somewhere_over_the_rainbow__0000_v2,pharyngeal,2,EN-Alto-1,0.8194172978401184,0.6009705066680908,-0.03870535269379616
EN-Alto-1__pharyngeal__technique__somewhere_over_the_rainbow__0001_v0,pharyngeal,0,EN-Alto-1,0.8810929656028748,0.48766177892684937,-0.03137306869029999
EN-Alto-1__pharyngeal__technique__somewhere_over_the_rainbow__0001_v1,pharyngeal,1,EN-Alto-1,0.8610002994537354,0.5272565484046936,-0.00613675219938159
EN-Alto-1__pharyngeal__technique__somewhere_over_the_rainbow__0001_v2,pharyngeal,2,EN-Alto-1,0.8552564978599548,0.5380401611328125,-0.04085977375507355
EN-Alto-1__pharyngeal__technique__somewhere_over_the_rainbow__0002_v0,pharyngeal,0,EN-Alto-1,0.8403835296630859,0.5650070905685425,-0.1924365609884262
EN-Alto-1__pharyngeal__technique__somewhere_over_the_rainbow__0002_v1,pharyngeal,1,EN-Alto-1,0.8167010545730591,0.6054732203483582,-0.15987420082092285
EN-Alto-1__pharyngeal__technique__somewhere_over_the_rainbow__0002_v2,pharyngeal,2,EN-Alto-1,0.8019638061523438,0.6293429136276245,-0.14584995806217194
EN-Alto-1__pharyngeal__technique__somewhere_over_the_rainbow__0003_v0,pharyngeal,0,EN-Alto-1,0.8050566911697388,0.624409019947052,-0.25677669048309326
EN-Alto-1__pharyngeal__technique__somewhere_over_the_rainbow__0003_v1,pharyngeal,1,EN-Alto-1,0.8009034395217896,0.6310256123542786,-0.23702125251293182
EN-Alto-1__pharyngeal__technique__somewhere_over_the_rainbow__0003_v2,pharyngeal,2,EN-Alto-1,0.7915530204772949,0.6456733345985413,-0.2666647434234619
EN-Alto-1__pharyngeal__technique__somewhere_over_the_rainbow__0004_v0,pharyngeal,0,EN-Alto-1,0.7703668475151062,0.6776920557022095,-0.10915113985538483
EN-Alto-1__pharyngeal__technique__somewhere_over_the_rainbow__0004_v1,pharyngeal,1,EN-Alto-1,0.749233067035675,0.7081907391548157,-0.09614794701337814
EN-Alto-1__pharyngeal__technique__somewhere_over_the_rainbow__0004_v2,pharyngeal,2,EN-Alto-1,0.7290270924568176,0.7361698150634766,-0.11361982673406601
EN-Alto-1__pharyngeal__technique__somewhere_over_the_rainbow__0005_v0,pharyngeal,0,EN-Alto-1,0.8131028413772583,0.611387312412262,-0.14007686078548431
EN-Alto-1__pharyngeal__technique__somewhere_over_the_rainbow__0005_v1,pharyngeal,1,EN-Alto-1,0.7789969444274902,0.664835512638092,-0.12699639797210693
EN-Alto-1__pharyngeal__technique__somewhere_over_the_rainbow__0005_v2,pharyngeal,2,EN-Alto-1,0.7609863877296448,0.6913952231407166,-0.09605447202920914
EN-Alto-1__pharyngeal__technique__somewhere_over_the_rainbow__0006_v0,pharyngeal,0,EN-Alto-1,0.8468534350395203,0.5534375905990601,-0.16594140231609344
EN-Alto-1__pharyngeal__technique__somewhere_over_the_rainbow__0006_v1,pharyngeal,1,EN-Alto-1,0.853583812713623,0.5411399602890015,-0.16382752358913422
EN-Alto-1__pharyngeal__technique__somewhere_over_the_rainbow__0006_v2,pharyngeal,2,EN-Alto-1,0.8329330682754517,0.5780432820320129,-0.141172856092453
EN-Alto-1__pharyngeal__technique__somewhere_over_the_rainbow__0007_v0,pharyngeal,0,EN-Alto-1,0.7826074361801147,0.6593824028968811,-0.17108973860740662
EN-Alto-1__pharyngeal__technique__somewhere_over_the_rainbow__0007_v1,pharyngeal,1,EN-Alto-1,0.7905563712120056,0.6472148895263672,-0.17356345057487488
EN-Alto-1__pharyngeal__technique__somewhere_over_the_rainbow__0007_v2,pharyngeal,2,EN-Alto-1,0.7718267440795898,0.675534188747406,-0.18683584034442902
EN-Alto-1__pharyngeal__technique__somewhere_over_the_rainbow__0008_v0,pharyngeal,0,EN-Alto-1,0.8144308924674988,0.6092110872268677,-0.10951751470565796
EN-Alto-1__pharyngeal__technique__somewhere_over_the_rainbow__0008_v1,pharyngeal,1,EN-Alto-1,0.7819880843162537,0.660321056842804,-0.07354581356048584
EN-Alto-1__pharyngeal__technique__somewhere_over_the_rainbow__0008_v2,pharyngeal,2,EN-Alto-1,0.7829165458679199,0.6589134335517883,-0.10561329871416092
EN-Alto-1__pharyngeal__technique__somewhere_over_the_rainbow__0009_v0,pharyngeal,0,EN-Alto-1,0.8344235420227051,0.5754590034484863,-0.15353041887283325
EN-Alto-1__pharyngeal__technique__somewhere_over_the_rainbow__0009_v1,pharyngeal,1,EN-Alto-1,0.8104068040847778,0.6157813668251038,-0.1163947656750679
EN-Alto-1__pharyngeal__technique__somewhere_over_the_rainbow__0009_v2,pharyngeal,2,EN-Alto-1,0.8043084144592285,0.6256063580513,-0.07459008693695068
EN-Alto-1__pharyngeal__technique__somewhere_over_the_rainbow__0010_v0,pharyngeal,0,EN-Alto-1,0.8187587261199951,0.6020653247833252,-0.03071429952979088
EN-Alto-1__pharyngeal__technique__somewhere_over_the_rainbow__0010_v1,pharyngeal,1,EN-Alto-1,0.8272218704223633,0.5878404378890991,-0.061444271355867386
EN-Alto-1__pharyngeal__technique__somewhere_over_the_rainbow__0010_v2,pharyngeal,2,EN-Alto-1,0.7870088219642639,0.6526733040809631,0.007666879799216986
EN-Alto-1__pharyngeal__technique__somewhere_over_the_rainbow__0011_v0,pharyngeal,0,EN-Alto-1,0.8595188856124878,0.5300586819648743,-0.06368161737918854
EN-Alto-1__pharyngeal__technique__somewhere_over_the_rainbow__0011_v1,pharyngeal,1,EN-Alto-1,0.849660336971283,0.5483424067497253,-0.0404529944062233
EN-Alto-1__pharyngeal__technique__somewhere_over_the_rainbow__0011_v2,pharyngeal,2,EN-Alto-1,0.841730535030365,0.5626178979873657,-0.06754755228757858
EN-Alto-1__pharyngeal__technique__tell_me_that_you_love_me__0000_v0,pharyngeal,0,EN-Alto-1,0.5468854308128357,0.9519606828689575,-0.04377521574497223
EN-Alto-1__pharyngeal__technique__tell_me_that_you_love_me__0000_v1,pharyngeal,1,EN-Alto-1,0.4786214828491211,1.021154761314392,-0.020720483735203743
EN-Alto-1__pharyngeal__technique__tell_me_that_you_love_me__0000_v2,pharyngeal,2,EN-Alto-1,0.42032259702682495,1.0767334699630737,-0.03623851761221886
EN-Alto-1__pharyngeal__technique__tell_me_that_you_love_me__0001_v0,pharyngeal,0,EN-Alto-1,0.6274324059486389,0.8632122278213501,-0.06298308819532394
EN-Alto-1__pharyngeal__technique__tell_me_that_you_love_me__0001_v1,pharyngeal,1,EN-Alto-1,0.6073426008224487,0.8861798644065857,-0.0672989934682846
EN-Alto-1__pharyngeal__technique__tell_me_that_you_love_me__0001_v2,pharyngeal,2,EN-Alto-1,0.5598433613777161,0.9382501244544983,-0.10329797118902206
EN-Alto-1__pharyngeal__technique__tell_me_that_you_love_me__0002_v0,pharyngeal,0,EN-Alto-1,0.602127194404602,0.8920458555221558,-0.053617924451828
EN-Alto-1__pharyngeal__technique__tell_me_that_you_love_me__0002_v1,pharyngeal,1,EN-Alto-1,0.5177183747291565,0.9821218252182007,-0.03295394778251648
EN-Alto-1__pharyngeal__technique__tell_me_that_you_love_me__0002_v2,pharyngeal,2,EN-Alto-1,0.510421633720398,0.9895234704017639,-0.05775892361998558
EN-Alto-1__pharyngeal__technique__tell_me_that_you_love_me__0003_v0,pharyngeal,0,EN-Alto-1,0.6223028898239136,0.8691343069076538,-0.13663336634635925
EN-Alto-1__pharyngeal__technique__tell_me_that_you_love_me__0003_v1,pharyngeal,1,EN-Alto-1,0.5809015035629272,0.9155310392379761,-0.10586683452129364
EN-Alto-1__pharyngeal__technique__tell_me_that_you_love_me__0003_v2,pharyngeal,2,EN-Alto-1,0.5828576683998108,0.9133918881416321,-0.09406230598688126
EN-Alto-1__pharyngeal__technique__tell_me_that_you_love_me__0004_v0,pharyngeal,0,EN-Alto-1,0.7200148701667786,0.7483116984367371,-0.028932346031069756
EN-Alto-1__pharyngeal__technique__tell_me_that_you_love_me__0004_v1,pharyngeal,1,EN-Alto-1,0.6744791269302368,0.8068717122077942,-0.018566960468888283
EN-Alto-1__pharyngeal__technique__tell_me_that_you_love_me__0004_v2,pharyngeal,2,EN-Alto-1,0.6407725214958191,0.8476173877716064,0.002694600960239768
EN-Alto-1__pharyngeal__technique__tell_me_that_you_love_me__0005_v0,pharyngeal,0,EN-Alto-1,0.6431410908699036,0.8448182940483093,0.036885298788547516
EN-Alto-1__pharyngeal__technique__tell_me_that_you_love_me__0005_v1,pharyngeal,1,EN-Alto-1,0.6080265641212463,0.8854078650474548,0.020199941471219063
EN-Alto-1__pharyngeal__technique__tell_me_that_you_love_me__0005_v2,pharyngeal,2,EN-Alto-1,0.6253390312194824,0.865634024143219,-0.02068696916103363
EN-Alto-1__pharyngeal__technique__tell_me_that_you_love_me__0006_v0,pharyngeal,0,EN-Alto-1,0.6556705236434937,0.8298548460006714,-0.13461020588874817
EN-Alto-1__pharyngeal__technique__tell_me_that_you_love_me__0006_v1,pharyngeal,1,EN-Alto-1,0.6117799282073975,0.8811585307121277,-0.1216609999537468
EN-Alto-1__pharyngeal__technique__tell_me_that_you_love_me__0006_v2,pharyngeal,2,EN-Alto-1,0.5829167366027832,0.9133272767066956,-0.11045319586992264
EN-Alto-1__pharyngeal__technique__tell_me_that_you_love_me__0007_v0,pharyngeal,0,EN-Alto-1,0.6166383624076843,0.875627338886261,-0.06282196938991547
EN-Alto-1__pharyngeal__technique__tell_me_that_you_love_me__0007_v1,pharyngeal,1,EN-Alto-1,0.5770249366760254,0.9197555780410767,-0.0547882542014122
EN-Alto-1__pharyngeal__technique__tell_me_that_you_love_me__0007_v2,pharyngeal,2,EN-Alto-1,0.5758415460586548,0.9210413098335266,-0.04314175248146057
EN-Alto-1__pharyngeal__technique__tell_me_that_you_love_me__0008_v0,pharyngeal,0,EN-Alto-1,0.7404049634933472,0.7205485105514526,-0.033886052668094635
EN-Alto-1__pharyngeal__technique__tell_me_that_you_love_me__0008_v1,pharyngeal,1,EN-Alto-1,0.678616464138031,0.8017276525497437,0.001724502188153565
EN-Alto-1__pharyngeal__technique__tell_me_that_you_love_me__0008_v2,pharyngeal,2,EN-Alto-1,0.6298989057540894,0.8603500127792358,0.04361923411488533
EN-Alto-1__pharyngeal__technique__tell_me_that_you_love_me__0009_v0,pharyngeal,0,EN-Alto-1,0.6144974827766418,0.8780689835548401,-0.1238560751080513
EN-Alto-1__pharyngeal__technique__tell_me_that_you_love_me__0009_v1,pharyngeal,1,EN-Alto-1,0.5739226341247559,0.9231222867965698,-0.08414574712514877
EN-Alto-1__pharyngeal__technique__tell_me_that_you_love_me__0009_v2,pharyngeal,2,EN-Alto-1,0.5798746943473816,0.9166519641876221,-0.10496625304222107
EN-Alto-1__pharyngeal__technique__tell_me_that_you_love_me__0010_v0,pharyngeal,0,EN-Alto-1,0.6637200713157654,0.8200975656509399,-0.06665218621492386
EN-Alto-1__pharyngeal__technique__tell_me_that_you_love_me__0010_v1,pharyngeal,1,EN-Alto-1,0.6327720284461975,0.8570041060447693,-0.061712801456451416
EN-Alto-1__pharyngeal__technique__tell_me_that_you_love_me__0010_v2,pharyngeal,2,EN-Alto-1,0.6310951709747314,0.8589586019515991,-0.06663130223751068
EN-Alto-1__pharyngeal__technique__who_says__0000_v0,pharyngeal,0,EN-Alto-1,0.6174142360687256,0.8747409582138062,-0.03383794054389
EN-Alto-1__pharyngeal__technique__who_says__0000_v1,pharyngeal,1,EN-Alto-1,0.5521037578582764,0.9464632272720337,-0.027377279475331306
EN-Alto-1__pharyngeal__technique__who_says__0000_v2,pharyngeal,2,EN-Alto-1,0.4998825788497925,1.000117540359497,-0.06278084963560104
EN-Alto-1__pharyngeal__technique__who_says__0001_v0,pharyngeal,0,EN-Alto-1,0.6724562644958496,0.8093747496604919,-0.2076234072446823
EN-Alto-1__pharyngeal__technique__who_says__0001_v1,pharyngeal,1,EN-Alto-1,0.6600368022918701,0.8245764970779419,-0.214559867978096
EN-Alto-1__pharyngeal__technique__who_says__0001_v2,pharyngeal,2,EN-Alto-1,0.6345337629318237,0.854945957660675,-0.2139110118150711
EN-Alto-1__pharyngeal__technique__who_says__0002_v0,pharyngeal,0,EN-Alto-1,0.6181895136833191,0.8738542199134827,-0.16163022816181183
EN-Alto-1__pharyngeal__technique__who_says__0002_v1,pharyngeal,1,EN-Alto-1,0.5968966484069824,0.8978902101516724,-0.14905497431755066
EN-Alto-1__pharyngeal__technique__who_says__0002_v2,pharyngeal,2,EN-Alto-1,0.5723538398742676,0.9248203039169312,-0.15080632269382477
EN-Alto-1__pharyngeal__technique__who_says__0003_v0,pharyngeal,0,EN-Alto-1,0.7992585301399231,0.6336269378662109,-0.13112439215183258
EN-Alto-1__pharyngeal__technique__who_says__0003_v1,pharyngeal,1,EN-Alto-1,0.7934492230415344,0.6427299380302429,-0.12880222499370575
EN-Alto-1__pharyngeal__technique__who_says__0003_v2,pharyngeal,2,EN-Alto-1,0.761680006980896,0.6903912425041199,-0.10837041586637497
EN-Alto-1__pharyngeal__technique__who_says__0004_v0,pharyngeal,0,EN-Alto-1,0.7049033045768738,0.7682406306266785,-0.2237885743379593
EN-Alto-1__pharyngeal__technique__who_says__0004_v1,pharyngeal,1,EN-Alto-1,0.6596418023109436,0.8250553607940674,-0.2059282660484314
EN-Alto-1__pharyngeal__technique__who_says__0004_v2,pharyngeal,2,EN-Alto-1,0.652532160282135,0.8336281776428223,-0.1694246381521225
EN-Alto-1__pharyngeal__technique__who_says__0005_v0,pharyngeal,0,EN-Alto-1,0.6546276211738586,0.8311104774475098,-0.24586331844329834
EN-Alto-1__pharyngeal__technique__who_says__0005_v1,pharyngeal,1,EN-Alto-1,0.6231124401092529,0.8682023286819458,-0.1800716519355774
EN-Alto-1__pharyngeal__technique__who_says__0005_v2,pharyngeal,2,EN-Alto-1,0.5673395395278931,0.9302263259887695,-0.1665661484003067
EN-Alto-1__pharyngeal__technique__who_says__0006_v0,pharyngeal,0,EN-Alto-1,0.6744704842567444,0.8068823218345642,-0.26115939021110535
EN-Alto-1__pharyngeal__technique__who_says__0006_v1,pharyngeal,1,EN-Alto-1,0.6314869523048401,0.8585023283958435,-0.23473423719406128
EN-Alto-1__pharyngeal__technique__who_says__0006_v2,pharyngeal,2,EN-Alto-1,0.6061080098152161,0.8875719308853149,-0.21108710765838623
EN-Alto-1__pharyngeal__technique__who_says__0007_v0,pharyngeal,0,EN-Alto-1,0.472926527261734,1.0267165899276733,0.005325256381183863
EN-Alto-1__pharyngeal__technique__who_says__0007_v1,pharyngeal,1,EN-Alto-1,0.4525214433670044,1.046402096748352,0.015966931357979774
EN-Alto-1__pharyngeal__technique__who_says__0007_v2,pharyngeal,2,EN-Alto-1,0.4196097254753113,1.0773953199386597,-0.012439101934432983
EN-Alto-1__pharyngeal__technique__who_says__0008_v0,pharyngeal,0,EN-Alto-1,0.6584533452987671,0.8264946341514587,-0.16800755262374878
EN-Alto-1__pharyngeal__technique__who_says__0008_v1,pharyngeal,1,EN-Alto-1,0.6660686731338501,0.8172286748886108,-0.17589953541755676
EN-Alto-1__pharyngeal__technique__who_says__0008_v2,pharyngeal,2,EN-Alto-1,0.6684167385101318,0.8143503665924072,-0.13888749480247498
EN-Alto-1__pharyngeal__technique__who_says__0009_v0,pharyngeal,0,EN-Alto-1,0.7263259291648865,0.7398298978805542,-0.13442789018154144
EN-Alto-1__pharyngeal__technique__who_says__0009_v1,pharyngeal,1,EN-Alto-1,0.6858965158462524,0.7925951480865479,-0.1425638347864151
EN-Alto-1__pharyngeal__technique__who_says__0009_v2,pharyngeal,2,EN-Alto-1,0.6734024286270142,0.8082048296928406,-0.1257195770740509
EN-Alto-1__pharyngeal__technique__who_says__0010_v0,pharyngeal,0,EN-Alto-1,0.7959197163581848,0.6388744711875916,-0.13580819964408875
EN-Alto-1__pharyngeal__technique__who_says__0010_v1,pharyngeal,1,EN-Alto-1,0.7828936576843262,0.6589482426643372,-0.1372637003660202
EN-Alto-1__pharyngeal__technique__who_says__0010_v2,pharyngeal,2,EN-Alto-1,0.7827821373939514,0.6591174006462097,-0.07283451408147812
EN-Alto-1__pharyngeal__technique__who_says__0011_v0,pharyngeal,0,EN-Alto-1,0.6974307894706726,0.7779064178466797,-0.24280725419521332
EN-Alto-1__pharyngeal__technique__who_says__0011_v1,pharyngeal,1,EN-Alto-1,0.660434365272522,0.8240943551063538,-0.2169780284166336
EN-Alto-1__pharyngeal__technique__who_says__0011_v2,pharyngeal,2,EN-Alto-1,0.6594017148017883,0.8253465294837952,-0.1963607668876648
EN-Alto-1__pharyngeal__technique__who_says__0012_v0,pharyngeal,0,EN-Alto-1,0.6875503063201904,0.7905058860778809,-0.2070223093032837
EN-Alto-1__pharyngeal__technique__who_says__0012_v1,pharyngeal,1,EN-Alto-1,0.6475106477737427,0.8396301865577698,-0.19068801403045654
EN-Alto-1__pharyngeal__technique__who_says__0012_v2,pharyngeal,2,EN-Alto-1,0.6433089971542358,0.8446195125579834,-0.1926194727420807
EN-Alto-1__pharyngeal__technique__who_says__0013_v0,pharyngeal,0,EN-Alto-1,0.6724351644515991,0.8094008564949036,-0.24022415280342102
EN-Alto-1__pharyngeal__technique__who_says__0013_v1,pharyngeal,1,EN-Alto-1,0.6471043825149536,0.8401138186454773,-0.21901287138462067
EN-Alto-1__pharyngeal__technique__who_says__0013_v2,pharyngeal,2,EN-Alto-1,0.6469429731369019,0.8403059840202332,-0.18059486150741577
EN-Alto-1__pharyngeal__technique__who_says__0014_v0,pharyngeal,0,EN-Alto-1,0.6595956087112427,0.8251113891601562,-0.10432055592536926
EN-Alto-1__pharyngeal__technique__who_says__0014_v1,pharyngeal,1,EN-Alto-1,0.6163895130157471,0.8759116530418396,-0.06377030909061432
EN-Alto-1__pharyngeal__technique__who_says__0014_v2,pharyngeal,2,EN-Alto-1,0.5890794396400452,0.9065545797348022,-0.06819186359643936
EN-Alto-1__vibrato__technique__edelweiss__0000_v0,vibrato,0,EN-Alto-1,0.7738466262817383,0.6725375652313232,0.384939581155777
EN-Alto-1__vibrato__technique__edelweiss__0000_v1,vibrato,1,EN-Alto-1,0.7550011277198792,0.6999984979629517,0.4218817353248596
EN-Alto-1__vibrato__technique__edelweiss__0000_v2,vibrato,2,EN-Alto-1,0.7216115593910217,0.7461749315261841,0.3887185752391815
EN-Alto-1__vibrato__technique__edelweiss__0001_v0,vibrato,0,EN-Alto-1,0.7935710549354553,0.6425403952598572,0.4624910056591034
EN-Alto-1__vibrato__technique__edelweiss__0001_v1,vibrato,1,EN-Alto-1,0.7902399897575378,0.6477037668228149,0.39905014634132385
EN-Alto-1__vibrato__technique__edelweiss__0001_v2,vibrato,2,EN-Alto-1,0.7704551219940186,0.6775617599487305,0.4152722656726837
EN-Alto-1__vibrato__technique__edelweiss__0002_v0,vibrato,0,EN-Alto-1,0.7418076992034912,0.7185990810394287,0.46559417247772217
EN-Alto-1__vibrato__technique__edelweiss__0002_v1,vibrato,1,EN-Alto-1,0.7153631448745728,0.7545022964477539,0.4510362446308136
EN-Alto-1__vibrato__technique__edelweiss__0002_v2,vibrato,2,EN-Alto-1,0.720583975315094,0.7475507855415344,0.439079612493515
EN-Alto-1__vibrato__technique__edelweiss__0003_v0,vibrato,0,EN-Alto-1,0.8276799321174622,0.5870607495307922,0.3934744596481323
EN-Alto-1__vibrato__technique__edelweiss__0003_v1,vibrato,1,EN-Alto-1,0.821121096611023,0.5981286764144897,0.3741535246372223
EN-Alto-1__vibrato__technique__edelweiss__0003_v2,vibrato,2,EN-Alto-1,0.8158758282661438,0.6068347692489624,0.36031365394592285
EN-Alto-1__vibrato__technique__edelweiss__0004_v0,vibrato,0,EN-Alto-1,0.7768083214759827,0.6681194305419922,0.49822574853897095
EN-Alto-1__vibrato__technique__edelweiss__0004_v1,vibrato,1,EN-Alto-1,0.7557090520858765,0.6989865303039551,0.47811102867126465
EN-Alto-1__vibrato__technique__edelweiss__0004_v2,vibrato,2,EN-Alto-1,0.7552273273468018,0.6996752619743347,0.4470362067222595
EN-Alto-1__vibrato__technique__edelweiss__0005_v0,vibrato,0,EN-Alto-1,0.8165686130523682,0.6056921482086182,0.42298540472984314
EN-Alto-1__vibrato__technique__edelweiss__0005_v1,vibrato,1,EN-Alto-1,0.8098537921905518,0.6166787147521973,0.42905721068382263
EN-Alto-1__vibrato__technique__edelweiss__0005_v2,vibrato,2,EN-Alto-1,0.7903797626495361,0.6474879384040833,0.3807767331600189
EN-Alto-1__vibrato__technique__edelweiss__0006_v0,vibrato,0,EN-Alto-1,0.8225396275520325,0.5957524180412292,0.4390932619571686
EN-Alto-1__vibrato__technique__edelweiss__0006_v1,vibrato,1,EN-Alto-1,0.8017086982727051,0.6297480463981628,0.4300307333469391
EN-Alto-1__vibrato__technique__edelweiss__0006_v2,vibrato,2,EN-Alto-1,0.7949510216712952,0.6403889060020447,0.4384915232658386
EN-Alto-1__vibrato__technique__edelweiss__0007_v0,vibrato,0,EN-Alto-1,0.8091115951538086,0.6178810596466064,0.3388797342777252
EN-Alto-1__vibrato__technique__edelweiss__0007_v1,vibrato,1,EN-Alto-1,0.7860628366470337,0.6541212201118469,0.3595182001590729
EN-Alto-1__vibrato__technique__edelweiss__0007_v2,vibrato,2,EN-Alto-1,0.7803511619567871,0.6627954840660095,0.34201085567474365
EN-Alto-1__vibrato__technique__if_you_love_me_for_me__0000_v0,vibrato,0,EN-Alto-1,0.727158784866333,0.7387033104896545,0.26157450675964355
EN-Alto-1__vibrato__technique__if_you_love_me_for_me__0000_v1,vibrato,1,EN-Alto-1,0.7264010906219482,0.7397282123565674,0.3391774594783783
EN-Alto-1__vibrato__technique__if_you_love_me_for_me__0000_v2,vibrato,2,EN-Alto-1,0.7203370928764343,0.7478809952735901,0.29497721791267395
EN-Alto-1__vibrato__technique__if_you_love_me_for_me__0001_v0,vibrato,0,EN-Alto-1,0.7711377143859863,0.6765535473823547,0.3367559313774109
EN-Alto-1__vibrato__technique__if_you_love_me_for_me__0001_v1,vibrato,1,EN-Alto-1,0.7354223132133484,0.7274307608604431,0.42713963985443115
EN-Alto-1__vibrato__technique__if_you_love_me_for_me__0001_v2,vibrato,2,EN-Alto-1,0.7287061810493469,0.7366055846214294,0.39714565873146057
EN-Alto-1__vibrato__technique__if_you_love_me_for_me__0002_v0,vibrato,0,EN-Alto-1,0.78926682472229,0.649204432964325,0.3891536593437195
EN-Alto-1__vibrato__technique__if_you_love_me_for_me__0002_v1,vibrato,1,EN-Alto-1,0.7556110620498657,0.6991266012191772,0.49163737893104553
EN-Alto-1__vibrato__technique__if_you_love_me_for_me__0002_v2,vibrato,2,EN-Alto-1,0.7559175491333008,0.6986879706382751,0.4500238299369812
EN-Alto-1__vibrato__technique__if_you_love_me_for_me__0003_v0,vibrato,0,EN-Alto-1,0.8445947170257568,0.5575039386749268,0.3440052568912506
EN-Alto-1__vibrato__technique__if_you_love_me_for_me__0003_v1,vibrato,1,EN-Alto-1,0.8309104442596436,0.5815317034721375,0.43153971433639526
EN-Alto-1__vibrato__technique__if_you_love_me_for_me__0003_v2,vibrato,2,EN-Alto-1,0.8311046361923218,0.5811977386474609,0.4113280177116394
EN-Alto-1__vibrato__technique__if_you_love_me_for_me__0004_v0,vibrato,0,EN-Alto-1,0.7833355665206909,0.6582773327827454,0.36561164259910583
EN-Alto-1__vibrato__technique__if_you_love_me_for_me__0004_v1,vibrato,1,EN-Alto-1,0.7517863512039185,0.7045760154724121,0.4399887025356293
EN-Alto-1__vibrato__technique__if_you_love_me_for_me__0004_v2,vibrato,2,EN-Alto-1,0.7563350200653076,0.698090136051178,0.4053601026535034
EN-Alto-1__vibrato__technique__if_you_love_me_for_me__0005_v0,vibrato,0,EN-Alto-1,0.7807425260543823,0.6622048020362854,0.34929266571998596
EN-Alto-1__vibrato__technique__if_you_love_me_for_me__0005_v1,vibrato,1,EN-Alto-1,0.7608094215393066,0.6916511058807373,0.40337201952934265
EN-Alto-1__vibrato__technique__if_you_love_me_for_me__0005_v2,vibrato,2,EN-Alto-1,0.7596744894981384,0.6932900547981262,0.3911803662776947
EN-Alto-1__vibrato__technique__if_you_love_me_for_me__0006_v0,vibrato,0,EN-Alto-1,0.781731903553009,0.6607089042663574,0.34633004665374756
EN-Alto-1__vibrato__technique__if_you_love_me_for_me__0006_v1,vibrato,1,EN-Alto-1,0.7713782787322998,0.6761979460716248,0.43286681175231934
EN-Alto-1__vibrato__technique__if_you_love_me_for_me__0006_v2,vibrato,2,EN-Alto-1,0.7650271654129028,0.6855258345603943,0.4127245247364044
EN-Alto-1__vibrato__technique__if_you_love_me_for_me__0007_v0,vibrato,0,EN-Alto-1,0.788763165473938,0.649979829788208,0.3440967798233032
EN-Alto-1__vibrato__technique__if_you_love_me_for_me__0007_v1,vibrato,1,EN-Alto-1,0.7721569538116455,0.6750453114509583,0.39565813541412354
EN-Alto-1__vibrato__technique__if_you_love_me_for_me__0007_v2,vibrato,2,EN-Alto-1,0.7655611634254456,0.684746503829956,0.39478036761283875
EN-Alto-1__vibrato__technique__if_you_love_me_for_me__0008_v0,vibrato,0,EN-Alto-1,0.8070423603057861,0.6212208271026611,0.3808435797691345
EN-Alto-1__vibrato__technique__if_you_love_me_for_me__0008_v1,vibrato,1,EN-Alto-1,0.7944840788841248,0.6411176919937134,0.43279847502708435
EN-Alto-1__vibrato__technique__if_you_love_me_for_me__0008_v2,vibrato,2,EN-Alto-1,0.7891397476196289,0.6494001746177673,0.4248923361301422
EN-Alto-1__vibrato__technique__if_you_love_me_for_me__0009_v0,vibrato,0,EN-Alto-1,0.8182408213615417,0.6029250025749207,0.3382876515388489
EN-Alto-1__vibrato__technique__if_you_love_me_for_me__0009_v1,vibrato,1,EN-Alto-1,0.8089737892150879,0.6181040406227112,0.35166603326797485
EN-Alto-1__vibrato__technique__if_you_love_me_for_me__0009_v2,vibrato,2,EN-Alto-1,0.8093842267990112,0.6174395084381104,0.3449023365974426
EN-Alto-1__vibrato__technique__if_you_love_me_for_me__0010_v0,vibrato,0,EN-Alto-1,0.838689923286438,0.5679967403411865,0.2709473967552185
EN-Alto-1__vibrato__technique__if_you_love_me_for_me__0010_v1,vibrato,1,EN-Alto-1,0.8009968996047974,0.6308774352073669,0.2192576825618744
EN-Alto-1__vibrato__technique__if_you_love_me_for_me__0010_v2,vibrato,2,EN-Alto-1,0.7895787954330444,0.648723840713501,0.20720337331295013
EN-Alto-1__vibrato__technique__if_you_love_me_for_me__0011_v0,vibrato,0,EN-Alto-1,0.8008296489715576,0.6311423778533936,0.33592328429222107
EN-Alto-1__vibrato__technique__if_you_love_me_for_me__0011_v1,vibrato,1,EN-Alto-1,0.8007032871246338,0.6313426494598389,0.4231354594230652
EN-Alto-1__vibrato__technique__if_you_love_me_for_me__0011_v2,vibrato,2,EN-Alto-1,0.7959551811218262,0.6388190388679504,0.4051419198513031
EN-Alto-1__vibrato__technique__if_you_love_me_for_me__0012_v0,vibrato,0,EN-Alto-1,0.7965107560157776,0.637948751449585,0.37766459584236145
EN-Alto-1__vibrato__technique__if_you_love_me_for_me__0012_v1,vibrato,1,EN-Alto-1,0.7687916159629822,0.6800124049186707,0.43866148591041565
EN-Alto-1__vibrato__technique__if_you_love_me_for_me__0012_v2,vibrato,2,EN-Alto-1,0.780147135257721,0.6631032228469849,0.4177437424659729
EN-Alto-1__vibrato__technique__memory__0000_v0,vibrato,0,EN-Alto-1,0.8771634101867676,0.49565425515174866,0.08821172267198563
EN-Alto-1__vibrato__technique__memory__0000_v1,vibrato,1,EN-Alto-1,0.87465900182724,0.5006814002990723,0.10541665554046631
EN-Alto-1__vibrato__technique__memory__0000_v2,vibrato,2,EN-Alto-1,0.859632134437561,0.5298449397087097,0.05969654396176338
EN-Alto-1__vibrato__technique__memory__0001_v0,vibrato,0,EN-Alto-1,0.8617970943450928,0.5257431268692017,0.07914537936449051
EN-Alto-1__vibrato__technique__memory__0001_v1,vibrato,1,EN-Alto-1,0.849557638168335,0.5485296845436096,0.1001611202955246
EN-Alto-1__vibrato__technique__memory__0001_v2,vibrato,2,EN-Alto-1,0.8315792679786682,0.5803804397583008,0.0745522603392601
EN-Alto-1__vibrato__technique__memory__0002_v0,vibrato,0,EN-Alto-1,0.8038238883018494,0.6263803839683533,0.034383032470941544
EN-Alto-1__vibrato__technique__memory__0002_v1,vibrato,1,EN-Alto-1,0.7991832494735718,0.6337456703186035,0.16239683330059052
EN-Alto-1__vibrato__technique__memory__0002_v2,vibrato,2,EN-Alto-1,0.7876129150390625,0.6517470479011536,0.14758655428886414
EN-Alto-1__vibrato__technique__memory__0003_v0,vibrato,0,EN-Alto-1,0.8009721040725708,0.6309166550636292,0.42673107981681824
EN-Alto-1__vibrato__technique__memory__0003_v1,vibrato,1,EN-Alto-1,0.7747474908828735,0.6711967587471008,0.4154687523841858
EN-Alto-1__vibrato__technique__memory__0003_v2,vibrato,2,EN-Alto-1,0.76640784740448,0.6835089325904846,0.3816066086292267
EN-Alto-1__vibrato__technique__memory__0004_v0,vibrato,0,EN-Alto-1,0.8073389530181885,0.6207432150840759,0.3401186168193817
EN-Alto-1__vibrato__technique__memory__0004_v1,vibrato,1,EN-Alto-1,0.7827013731002808,0.6592399477958679,0.37029194831848145
EN-Alto-1__vibrato__technique__memory__0004_v2,vibrato,2,EN-Alto-1,0.7652401924133301,0.6852149963378906,0.34729015827178955
EN-Alto-1__vibrato__technique__memory__0005_v0,vibrato,0,EN-Alto-1,0.8034849166870117,0.6269212961196899,0.4035373032093048
EN-Alto-1__vibrato__technique__memory__0005_v1,vibrato,1,EN-Alto-1,0.7580658793449402,0.6956064105033875,0.4731619954109192
EN-Alto-1__vibrato__technique__memory__0005_v2,vibrato,2,EN-Alto-1,0.7423917055130005,0.7177859544754028,0.4422338902950287
EN-Alto-1__vibrato__technique__memory__0006_v0,vibrato,0,EN-Alto-1,0.7370723485946655,0.7251589298248291,0.447699636220932
EN-Alto-1__vibrato__technique__memory__0006_v1,vibrato,1,EN-Alto-1,0.7234971523284912,0.743643581867218,0.4217548668384552
EN-Alto-1__vibrato__technique__memory__0006_v2,vibrato,2,EN-Alto-1,0.7209179401397705,0.7471039295196533,0.36716994643211365
EN-Alto-1__vibrato__technique__memory__0007_v0,vibrato,0,EN-Alto-1,0.7756397724151611,0.669866144657135,0.3807945251464844
EN-Alto-1__vibrato__technique__memory__0007_v1,vibrato,1,EN-Alto-1,0.7760480046272278,0.6692563891410828,0.3508753776550293
EN-Alto-1__vibrato__technique__memory__0007_v2,vibrato,2,EN-Alto-1,0.7835428714752197,0.657962441444397,0.3166489899158478
EN-Alto-1__vibrato__technique__memory__0008_v0,vibrato,0,EN-Alto-1,0.8141366839408875,0.6096941828727722,0.328936368227005
EN-Alto-1__vibrato__technique__memory__0008_v1,vibrato,1,EN-Alto-1,0.7946286201477051,0.6408923864364624,0.3198526203632355
EN-Alto-1__vibrato__technique__memory__0008_v2,vibrato,2,EN-Alto-1,0.7785865068435669,0.6654525995254517,0.2941139042377472
EN-Alto-1__vibrato__technique__memory__0009_v0,vibrato,0,EN-Alto-1,0.8080834746360779,0.6195427775382996,0.32805752754211426
EN-Alto-1__vibrato__technique__memory__0009_v1,vibrato,1,EN-Alto-1,0.7944244742393494,0.6412106156349182,0.34778639674186707
EN-Alto-1__vibrato__technique__memory__0009_v2,vibrato,2,EN-Alto-1,0.7814950346946716,0.6610672473907471,0.3016234040260315
EN-Alto-1__vibrato__technique__memory__0010_v0,vibrato,0,EN-Alto-1,0.801783561706543,0.6296291351318359,0.4235871732234955
EN-Alto-1__vibrato__technique__memory__0010_v1,vibrato,1,EN-Alto-1,0.7959249019622803,0.6388664841651917,0.4514290988445282
EN-Alto-1__vibrato__technique__memory__0010_v2,vibrato,2,EN-Alto-1,0.7840059995651245,0.6572580933570862,0.41581979393959045
EN-Alto-1__vibrato__technique__memory__0011_v0,vibrato,0,EN-Alto-1,0.8211511969566345,0.5980784893035889,0.36474594473838806
EN-Alto-1__vibrato__technique__memory__0011_v1,vibrato,1,EN-Alto-1,0.8092961311340332,0.6175823211669922,0.36989128589630127
EN-Alto-1__vibrato__technique__memory__0011_v2,vibrato,2,EN-Alto-1,0.8118539452552795,0.613426685333252,0.31883567571640015
EN-Alto-1__vibrato__technique__memory__0012_v0,vibrato,0,EN-Alto-1,0.8336658477783203,0.5767740607261658,0.2645997405052185
EN-Alto-1__vibrato__technique__memory__0012_v1,vibrato,1,EN-Alto-1,0.7967725396156311,0.6375382542610168,0.18143895268440247
EN-Alto-1__vibrato__technique__memory__0012_v2,vibrato,2,EN-Alto-1,0.7566964626312256,0.6975722908973694,0.14262546598911285
EN-Alto-1__vibrato__technique__memory__0013_v0,vibrato,0,EN-Alto-1,0.8092675805091858,0.6176285147666931,0.35088419914245605
EN-Alto-1__vibrato__technique__memory__0013_v1,vibrato,1,EN-Alto-1,0.7875786423683167,0.6517995595932007,0.36368414759635925
EN-Alto-1__vibrato__technique__memory__0013_v2,vibrato,2,EN-Alto-1,0.7846689820289612,0.6562484502792358,0.30201366543769836
EN-Alto-1__vibrato__technique__memory__0014_v0,vibrato,0,EN-Alto-1,0.8034785985946655,0.626931369304657,0.4127741754055023
EN-Alto-1__vibrato__technique__memory__0014_v1,vibrato,1,EN-Alto-1,0.786611795425415,0.6532812714576721,0.4347735643386841
EN-Alto-1__vibrato__technique__memory__0014_v2,vibrato,2,EN-Alto-1,0.7823469638824463,0.6597774028778076,0.39051613211631775
EN-Alto-1__vibrato__technique__my_heart_will_go_on__0000_v0,vibrato,0,EN-Alto-1,0.6956126689910889,0.7802402973175049,0.4835483729839325
EN-Alto-1__vibrato__technique__my_heart_will_go_on__0000_v1,vibrato,1,EN-Alto-1,0.6491926312446594,0.8376245498657227,0.5133847594261169
EN-Alto-1__vibrato__technique__my_heart_will_go_on__0000_v2,vibrato,2,EN-Alto-1,0.641566276550293,0.8466803431510925,0.5021395683288574
EN-Alto-1__vibrato__technique__my_heart_will_go_on__0001_v0,vibrato,0,EN-Alto-1,0.8013913631439209,0.6302517652511597,0.4264858663082123
EN-Alto-1__vibrato__technique__my_heart_will_go_on__0001_v1,vibrato,1,EN-Alto-1,0.7846289277076721,0.6563096046447754,0.46241652965545654
EN-Alto-1__vibrato__technique__my_heart_will_go_on__0001_v2,vibrato,2,EN-Alto-1,0.778448224067688,0.6656602621078491,0.46877846121788025
EN-Alto-1__vibrato__technique__my_heart_will_go_on__0002_v0,vibrato,0,EN-Alto-1,0.7392318248748779,0.7221747636795044,0.4897036850452423
EN-Alto-1__vibrato__technique__my_heart_will_go_on__0002_v1,vibrato,1,EN-Alto-1,0.7199441194534302,0.748406171798706,0.4974290728569031
EN-Alto-1__vibrato__technique__my_heart_will_go_on__0002_v2,vibrato,2,EN-Alto-1,0.7072045803070068,0.7652391791343689,0.4705405831336975
EN-Alto-1__vibrato__technique__my_heart_will_go_on__0003_v0,vibrato,0,EN-Alto-1,0.782215416431427,0.6599768400192261,0.5348150730133057
EN-Alto-1__vibrato__technique__my_heart_will_go_on__0003_v1,vibrato,1,EN-Alto-1,0.7384039163589478,0.7233203649520874,0.5779207944869995
EN-Alto-1__vibrato__technique__my_heart_will_go_on__0003_v2,vibrato,2,EN-Alto-1,0.7387855648994446,0.7227925658226013,0.5945302248001099
EN-Alto-1__vibrato__technique__my_heart_will_go_on__0004_v0,vibrato,0,EN-Alto-1,0.8030864596366882,0.6275565028190613,0.4671836793422699
EN-Alto-1__vibrato__technique__my_heart_will_go_on__0004_v1,vibrato,1,EN-Alto-1,0.8010984659194946,0.6307163834571838,0.46403175592422485
EN-Alto-1__vibrato__technique__my_heart_will_go_on__0004_v2,vibrato,2,EN-Alto-1,0.8011600375175476,0.6306187510490417,0.4443013668060303
EN-Alto-1__vibrato__technique__my_heart_will_go_on__0005_v0,vibrato,0,EN-Alto-1,0.8171023726463318,0.6048101186752319,0.3432157635688782
EN-Alto-1__vibrato__technique__my_heart_will_go_on__0005_v1,vibrato,1,EN-Alto-1,0.8144075274467468,0.6092497110366821,0.3474629819393158
EN-Alto-1__vibrato__technique__my_heart_will_go_on__0005_v2,vibrato,2,EN-Alto-1,0.814867377281189,0.6084943413734436,0.3487607538700104
EN-Alto-1__vibrato__technique__my_heart_will_go_on__0006_v0,vibrato,0,EN-Alto-1,0.7915127277374268,0.6457356810569763,0.35839515924453735
EN-Alto-1__vibrato__technique__my_heart_will_go_on__0006_v1,vibrato,1,EN-Alto-1,0.7825068235397339,0.6595350503921509,0.3924005329608917
EN-Alto-1__vibrato__technique__my_heart_will_go_on__0006_v2,vibrato,2,EN-Alto-1,0.7629340887069702,0.6885724663734436,0.3674876391887665
EN-Alto-1__vibrato__technique__my_heart_will_go_on__0007_v0,vibrato,0,EN-Alto-1,0.8327836990356445,0.5783016085624695,0.38798847794532776
EN-Alto-1__vibrato__technique__my_heart_will_go_on__0007_v1,vibrato,1,EN-Alto-1,0.8085006475448608,0.618868887424469,0.3900573253631592
EN-Alto-1__vibrato__technique__my_heart_will_go_on__0007_v2,vibrato,2,EN-Alto-1,0.8117567896842957,0.6135849356651306,0.34524625539779663
EN-Alto-1__vibrato__technique__my_heart_will_go_on__0008_v0,vibrato,0,EN-Alto-1,0.8113324642181396,0.6142761707305908,0.329805850982666
EN-Alto-1__vibrato__technique__my_heart_will_go_on__0008_v1,vibrato,1,EN-Alto-1,0.7976098656654358,0.6362234354019165,0.29893115162849426
EN-Alto-1__vibrato__technique__my_heart_will_go_on__0008_v2,vibrato,2,EN-Alto-1,0.7869806885719299,0.6527164578437805,0.27486178278923035
EN-Alto-1__vibrato__technique__my_heart_will_go_on__0009_v0,vibrato,0,EN-Alto-1,0.7558621168136597,0.698767364025116,0.2040974348783493
EN-Alto-1__vibrato__technique__my_heart_will_go_on__0009_v1,vibrato,1,EN-Alto-1,0.7381288409233093,0.7237005233764648,0.19920647144317627
EN-Alto-1__vibrato__technique__my_heart_will_go_on__0009_v2,vibrato,2,EN-Alto-1,0.7330799698829651,0.730643630027771,0.16879698634147644
EN-Alto-1__vibrato__technique__my_heart_will_go_on__0010_v0,vibrato,0,EN-Alto-1,0.7626303434371948,0.6890131831169128,0.41324156522750854
EN-Alto-1__vibrato__technique__my_heart_will_go_on__0010_v1,vibrato,1,EN-Alto-1,0.7674441337585449,0.6819909811019897,0.4287974536418915
EN-Alto-1__vibrato__technique__my_heart_will_go_on__0010_v2,vibrato,2,EN-Alto-1,0.7600885033607483,0.6926925778388977,0.39886218309402466
EN-Alto-1__vibrato__technique__my_heart_will_go_on__0011_v0,vibrato,0,EN-Alto-1,0.8239811658859253,0.5933276414871216,0.31697317957878113
EN-Alto-1__vibrato__technique__my_heart_will_go_on__0011_v1,vibrato,1,EN-Alto-1,0.8087332248687744,0.6184931397438049,0.3911593556404114
EN-Alto-1__vibrato__technique__my_heart_will_go_on__0011_v2,vibrato,2,EN-Alto-1,0.7994687557220459,0.6332950592041016,0.36448240280151367
EN-Alto-1__vibrato__technique__my_heart_will_go_on__0012_v0,vibrato,0,EN-Alto-1,0.814923882484436,0.6084014773368835,0.326856404542923
EN-Alto-1__vibrato__technique__my_heart_will_go_on__0012_v1,vibrato,1,EN-Alto-1,0.8113728165626526,0.6142103672027588,0.3211202621459961
EN-Alto-1__vibrato__technique__my_heart_will_go_on__0012_v2,vibrato,2,EN-Alto-1,0.8041070699691772,0.6259281635284424,0.24764129519462585
EN-Alto-2__breathy__technique__A_Thousand_Years__0000_v0,breathy,0,EN-Alto-2,0.6402225494384766,0.8482658863067627,-0.10783137381076813
EN-Alto-2__breathy__technique__A_Thousand_Years__0000_v1,breathy,1,EN-Alto-2,0.6465634703636169,0.840757429599762,-0.04164692759513855
EN-Alto-2__breathy__technique__A_Thousand_Years__0000_v2,breathy,2,EN-Alto-2,0.6358036994934082,0.8534591794013977,0.02987578697502613
EN-Alto-2__breathy__technique__A_Thousand_Years__0001_v0,breathy,0,EN-Alto-2,0.7628065943717957,0.6887576580047607,0.010575585067272186
EN-Alto-2__breathy__technique__A_Thousand_Years__0001_v1,breathy,1,EN-Alto-2,0.7525033354759216,0.7035577297210693,0.04481259360909462
EN-Alto-2__breathy__technique__A_Thousand_Years__0001_v2,breathy,2,EN-Alto-2,0.7414124608039856,0.7191489338874817,0.07605386525392532
EN-Alto-2__breathy__technique__A_Thousand_Years__0002_v0,breathy,0,EN-Alto-2,0.7078050971031189,0.7644539475440979,-0.0975804328918457
EN-Alto-2__breathy__technique__A_Thousand_Years__0002_v1,breathy,1,EN-Alto-2,0.690900444984436,0.7862565517425537,-0.055131714791059494
EN-Alto-2__breathy__technique__A_Thousand_Years__0002_v2,breathy,2,EN-Alto-2,0.6841546297073364,0.7947898507118225,-0.000371789705241099
EN-Alto-2__breathy__technique__A_Thousand_Years__0003_v0,breathy,0,EN-Alto-2,0.791266918182373,0.646116316318512,0.06480537354946136
EN-Alto-2__breathy__technique__A_Thousand_Years__0003_v1,breathy,1,EN-Alto-2,0.760688304901123,0.6918261647224426,0.07327484339475632
EN-Alto-2__breathy__technique__A_Thousand_Years__0003_v2,breathy,2,EN-Alto-2,0.7000851035118103,0.7744868993759155,0.08570659905672073
EN-Alto-2__breathy__technique__A_Thousand_Years__0004_v0,breathy,0,EN-Alto-2,0.6728345155715942,0.8089073896408081,-0.04685278236865997
EN-Alto-2__breathy__technique__A_Thousand_Years__0004_v1,breathy,1,EN-Alto-2,0.6670892238616943,0.8159789443016052,-0.01534473616629839
EN-Alto-2__breathy__technique__A_Thousand_Years__0004_v2,breathy,2,EN-Alto-2,0.6644511222839355,0.8192057013511658,0.025075063109397888
EN-Alto-2__breathy__technique__A_Thousand_Years__0005_v0,breathy,0,EN-Alto-2,0.6595939993858337,0.8251134157180786,-0.1580827683210373
EN-Alto-2__breathy__technique__A_Thousand_Years__0005_v1,breathy,1,EN-Alto-2,0.6582985520362854,0.8266818523406982,-0.1097550317645073
EN-Alto-2__breathy__technique__A_Thousand_Years__0005_v2,breathy,2,EN-Alto-2,0.6458497643470764,0.8416059613227844,-0.05099843069911003
EN-Alto-2__breathy__technique__A_Thousand_Years__0006_v0,breathy,0,EN-Alto-2,0.6968088746070862,0.7787054777145386,-0.05370381101965904
EN-Alto-2__breathy__technique__A_Thousand_Years__0006_v1,breathy,1,EN-Alto-2,0.6871276497840881,0.7910402417182922,-0.016869163140654564
EN-Alto-2__breathy__technique__A_Thousand_Years__0006_v2,breathy,2,EN-Alto-2,0.6620532274246216,0.8221275210380554,0.027672993019223213
EN-Alto-2__breathy__technique__A_Thousand_Years__0007_v0,breathy,0,EN-Alto-2,0.7390580177307129,0.722415566444397,0.05005022883415222
EN-Alto-2__breathy__technique__A_Thousand_Years__0007_v1,breathy,1,EN-Alto-2,0.7300215363502502,0.7348176836967468,0.09968198090791702
EN-Alto-2__breathy__technique__A_Thousand_Years__0007_v2,breathy,2,EN-Alto-2,0.7072480916976929,0.7651823163032532,0.16089066863059998
EN-Alto-2__breathy__technique__A_Thousand_Years__0008_v0,breathy,0,EN-Alto-2,0.6476607322692871,0.8394514918327332,-0.0400339737534523
EN-Alto-2__breathy__technique__A_Thousand_Years__0008_v1,breathy,1,EN-Alto-2,0.5924528241157532,0.9028258919715881,-0.03976244479417801
EN-Alto-2__breathy__technique__A_Thousand_Years__0008_v2,breathy,2,EN-Alto-2,0.5447583198547363,0.9541926383972168,-0.03686785325407982
EN-Alto-2__breathy__technique__All_of_Me__0000_v0,breathy,0,EN-Alto-2,0.5066638588905334,0.9933138489723206,0.12479785084724426
EN-Alto-2__breathy__technique__All_of_Me__0000_v1,breathy,1,EN-Alto-2,0.4998086988925934,1.0001914501190186,0.1275247484445572
EN-Alto-2__breathy__technique__All_of_Me__0000_v2,breathy,2,EN-Alto-2,0.5133365988731384,0.986573338508606,0.16036058962345123
EN-Alto-2__breathy__technique__All_of_Me__0001_v0,breathy,0,EN-Alto-2,0.631401777267456,0.8586015105247498,-0.021665222942829132
EN-Alto-2__breathy__technique__All_of_Me__0001_v1,breathy,1,EN-Alto-2,0.6487832069396973,0.8381131291389465,0.004590981174260378
EN-Alto-2__breathy__technique__All_of_Me__0001_v2,breathy,2,EN-Alto-2,0.671624481678009,0.8104017972946167,0.05290772393345833
EN-Alto-2__breathy__technique__All_of_Me__0002_v0,breathy,0,EN-Alto-2,0.5411283373832703,0.9579892754554749,0.08455272018909454
EN-Alto-2__breathy__technique__All_of_Me__0002_v1,breathy,1,EN-Alto-2,0.531967282295227,0.9675047397613525,0.0969383493065834
EN-Alto-2__breathy__technique__All_of_Me__0002_v2,breathy,2,EN-Alto-2,0.5357731580734253,0.9635630249977112,0.14265143871307373
EN-Alto-2__breathy__technique__All_of_Me__0003_v0,breathy,0,EN-Alto-2,0.5898376703262329,0.9057178497314453,0.018992362543940544
EN-Alto-2__breathy__technique__All_of_Me__0003_v1,breathy,1,EN-Alto-2,0.5952804088592529,0.8996883034706116,0.05683917924761772
EN-Alto-2__breathy__technique__All_of_Me__0003_v2,breathy,2,EN-Alto-2,0.603800892829895,0.8901674747467041,0.12883128225803375
EN-Alto-2__breathy__technique__All_of_Me__0004_v0,breathy,0,EN-Alto-2,0.7130641937255859,0.7575432062149048,-0.026880698278546333
EN-Alto-2__breathy__technique__All_of_Me__0004_v1,breathy,1,EN-Alto-2,0.6975241303443909,0.7777866125106812,0.04392779618501663
EN-Alto-2__breathy__technique__All_of_Me__0004_v2,breathy,2,EN-Alto-2,0.681484580039978,0.7981421947479248,0.08046714961528778
EN-Alto-2__breathy__technique__All_of_Me__0005_v0,breathy,0,EN-Alto-2,0.6339021921157837,0.8556844592094421,0.15548129379749298
EN-Alto-2__breathy__technique__All_of_Me__0005_v1,breathy,1,EN-Alto-2,0.6214515566825867,0.8701131939888,0.17768532037734985
EN-Alto-2__breathy__technique__All_of_Me__0005_v2,breathy,2,EN-Alto-2,0.5929073095321655,0.9023222923278809,0.19631262123584747
EN-Alto-2__breathy__technique__All_of_Me__0006_v0,breathy,0,EN-Alto-2,0.6888245344161987,0.788892388343811,0.05733267962932587
EN-Alto-2__breathy__technique__All_of_Me__0006_v1,breathy,1,EN-Alto-2,0.6795451045036316,0.8005685210227966,0.0912776067852974
EN-Alto-2__breathy__technique__All_of_Me__0006_v2,breathy,2,EN-Alto-2,0.6517853140830994,0.8345234990119934,0.09408716857433319
EN-Alto-2__breathy__technique__All_of_Me__0007_v0,breathy,0,EN-Alto-2,0.46162188053131104,1.0376687049865723,0.0893583744764328
EN-Alto-2__breathy__technique__All_of_Me__0007_v1,breathy,1,EN-Alto-2,0.5101882815361023,0.9897593259811401,0.1139988973736763
EN-Alto-2__breathy__technique__All_of_Me__0007_v2,breathy,2,EN-Alto-2,0.5312196016311646,0.9682773351669312,0.16184252500534058
EN-Alto-2__breathy__technique__All_of_Me__0008_v0,breathy,0,EN-Alto-2,0.7122682332992554,0.7585931420326233,-0.013163299299776554
EN-Alto-2__breathy__technique__All_of_Me__0008_v1,breathy,1,EN-Alto-2,0.6846805810928345,0.7941277027130127,0.01226889993995428
EN-Alto-2__breathy__technique__All_of_Me__0008_v2,breathy,2,EN-Alto-2,0.6377306580543518,0.8511984348297119,0.04867987334728241
EN-Alto-2__breathy__technique__All_of_Me__0009_v0,breathy,0,EN-Alto-2,0.5518571734428406,0.9467237591743469,0.0762021392583847
EN-Alto-2__breathy__technique__All_of_Me__0009_v1,breathy,1,EN-Alto-2,0.5423591136932373,0.9567036032676697,0.09929520636796951
EN-Alto-2__breathy__technique__All_of_Me__0009_v2,breathy,2,EN-Alto-2,0.5327997207641602,0.9666439294815063,0.13407383859157562
EN-Alto-2__breathy__technique__Dream_It_Possible__0000_v0,breathy,0,EN-Alto-2,0.5390849709510803,0.9601198434829712,-0.09651169925928116
EN-Alto-2__breathy__technique__Dream_It_Possible__0000_v1,breathy,1,EN-Alto-2,0.5840315222740173,0.9121058583259583,-0.04301552474498749
EN-Alto-2__breathy__technique__Dream_It_Possible__0000_v2,breathy,2,EN-Alto-2,0.6001691818237305,0.8942379951477051,0.015461085364222527
EN-Alto-2__breathy__technique__Dream_It_Possible__0001_v0,breathy,0,EN-Alto-2,0.565976083278656,0.9316909313201904,0.013616547919809818
EN-Alto-2__breathy__technique__Dream_It_Possible__0001_v1,breathy,1,EN-Alto-2,0.5851103067398071,0.9109223484992981,0.04602031037211418
EN-Alto-2__breathy__technique__Dream_It_Possible__0001_v2,breathy,2,EN-Alto-2,0.6184843182563782,0.8735167384147644,0.07646708190441132
EN-Alto-2__breathy__technique__Dream_It_Possible__0002_v0,breathy,0,EN-Alto-2,0.6152441501617432,0.8772182464599609,-0.02614486776292324
EN-Alto-2__breathy__technique__Dream_It_Possible__0002_v1,breathy,1,EN-Alto-2,0.614236056804657,0.8783666491508484,-0.016843140125274658
EN-Alto-2__breathy__technique__Dream_It_Possible__0002_v2,breathy,2,EN-Alto-2,0.608065664768219,0.8853636384010315,-0.0031133429147303104
EN-Alto-2__breathy__technique__Dream_It_Possible__0003_v0,breathy,0,EN-Alto-2,0.6546000242233276,0.8311437964439392,-0.010581999085843563
EN-Alto-2__breathy__technique__Dream_It_Possible__0003_v1,breathy,1,EN-Alto-2,0.6511062979698181,0.8353366851806641,0.0067171878181397915
EN-Alto-2__breathy__technique__Dream_It_Possible__0003_v2,breathy,2,EN-Alto-2,0.6259617209434509,0.8649141788482666,0.023924199864268303
EN-Alto-2__breathy__technique__Dream_It_Possible__0004_v0,breathy,0,EN-Alto-2,0.6987981200218201,0.7761467695236206,0.01636124961078167
EN-Alto-2__breathy__technique__Dream_It_Possible__0004_v1,breathy,1,EN-Alto-2,0.6899852752685547,0.7874194979667664,0.022436076775193214
EN-Alto-2__breathy__technique__Dream_It_Possible__0004_v2,breathy,2,EN-Alto-2,0.6476666331291199,0.8394443988800049,0.043833740055561066
EN-Alto-2__breathy__technique__Dream_It_Possible__0005_v0,breathy,0,EN-Alto-2,0.7170727849006653,0.7522330284118652,0.005287005566060543
EN-Alto-2__breathy__technique__Dream_It_Possible__0005_v1,breathy,1,EN-Alto-2,0.7171004414558411,0.7521963715553284,0.031392164528369904
EN-Alto-2__breathy__technique__Dream_It_Possible__0005_v2,breathy,2,EN-Alto-2,0.7027230262756348,0.7710734009742737,0.06207067519426346
EN-Alto-2__breathy__technique__Easy_On_Me__0000_v0,breathy,0,EN-Alto-2,0.5539594292640686,0.9445006251335144,-0.07270032167434692
EN-Alto-2__breathy__technique__Easy_On_Me__0000_v1,breathy,1,EN-Alto-2,0.5478394031524658,0.9509581327438354,-0.05791952833533287
EN-Alto-2__breathy__technique__Easy_On_Me__0000_v2,breathy,2,EN-Alto-2,0.5483419895172119,0.9504294395446777,-0.04708452895283699
EN-Alto-2__breathy__technique__Easy_On_Me__0001_v0,breathy,0,EN-Alto-2,0.6661560535430908,0.8171218037605286,0.010007411241531372
EN-Alto-2__breathy__technique__Easy_On_Me__0001_v1,breathy,1,EN-Alto-2,0.6575362086296082,0.8276035785675049,0.011840096674859524
EN-Alto-2__breathy__technique__Easy_On_Me__0001_v2,breathy,2,EN-Alto-2,0.6474306583404541,0.8397254347801208,0.018933484330773354
EN-Alto-2__breathy__technique__Easy_On_Me__0002_v0,breathy,0,EN-Alto-2,0.5985277891159058,0.8960716128349304,0.049749452620744705
EN-Alto-2__breathy__technique__Easy_On_Me__0002_v1,breathy,1,EN-Alto-2,0.5909664034843445,0.9044707417488098,0.05781770125031471
EN-Alto-2__breathy__technique__Easy_On_Me__0002_v2,breathy,2,EN-Alto-2,0.5944488048553467,0.9006122946739197,0.08770450204610825
EN-Alto-2__breathy__technique__Easy_On_Me__0003_v0,breathy,0,EN-Alto-2,0.7325941324234009,0.7313082814216614,0.002051317598670721
EN-Alto-2__breathy__technique__Easy_On_Me__0003_v1,breathy,1,EN-Alto-2,0.6998528242111206,0.7747867107391357,0.0072237965650856495
EN-Alto-2__breathy__technique__Easy_On_Me__0003_v2,breathy,2,EN-Alto-2,0.6344432830810547,0.8550518751144409,0.01109906192868948
EN-Alto-2__breathy__technique__Easy_On_Me__0004_v0,breathy,0,EN-Alto-2,0.6895486116409302,0.7879738211631775,-0.0027754907496273518
EN-Alto-2__breathy__technique__Easy_On_Me__0004_v1,breathy,1,EN-Alto-2,0.6757311820983887,0.8053184747695923,-0.0026538961101323366
EN-Alto-2__breathy__technique__Easy_On_Me__0004_v2,breathy,2,EN-Alto-2,0.6250962615013123,0.8659142851829529,0.013381198048591614
EN-Alto-2__breathy__technique__Easy_On_Me__0005_v0,breathy,0,EN-Alto-2,0.6382399797439575,0.8505998253822327,-0.04563407227396965
EN-Alto-2__breathy__technique__Easy_On_Me__0005_v1,breathy,1,EN-Alto-2,0.6373947262763977,0.8515929579734802,-0.04158243164420128
EN-Alto-2__breathy__technique__Easy_On_Me__0005_v2,breathy,2,EN-Alto-2,0.6035961508750916,0.8903975486755371,-0.006285712588578463
EN-Alto-2__breathy__technique__Easy_On_Me__0006_v0,breathy,0,EN-Alto-2,0.7221252918243408,0.7454860806465149,0.08315892517566681
EN-Alto-2__breathy__technique__Easy_On_Me__0006_v1,breathy,1,EN-Alto-2,0.6854161620140076,0.7932009696960449,0.06419477611780167
EN-Alto-2__breathy__technique__Easy_On_Me__0006_v2,breathy,2,EN-Alto-2,0.6307961940765381,0.8593065142631531,0.05715436488389969
EN-Alto-2__breathy__technique__Easy_On_Me__0007_v0,breathy,0,EN-Alto-2,0.6415026187896729,0.8467554450035095,-0.0900912880897522
EN-Alto-2__breathy__technique__Easy_On_Me__0007_v1,breathy,1,EN-Alto-2,0.6327859163284302,0.8569878339767456,-0.06513151526451111
EN-Alto-2__breathy__technique__Easy_On_Me__0007_v2,breathy,2,EN-Alto-2,0.5939310789108276,0.9011869430541992,-0.002919207327067852
EN-Alto-2__breathy__technique__Fly_Me_to_the_Moon__0000_v0,breathy,0,EN-Alto-2,0.4744526445865631,1.0252290964126587,-0.11692927032709122
EN-Alto-2__breathy__technique__Fly_Me_to_the_Moon__0000_v1,breathy,1,EN-Alto-2,0.4656922221183777,1.0337387323379517,-0.09379898756742477
EN-Alto-2__breathy__technique__Fly_Me_to_the_Moon__0000_v2,breathy,2,EN-Alto-2,0.4625433683395386,1.0367802381515503,-0.06422039866447449
EN-Alto-2__breathy__technique__Fly_Me_to_the_Moon__0001_v0,breathy,0,EN-Alto-2,0.4027811586856842,1.0929033756256104,-0.13985735177993774
EN-Alto-2__breathy__technique__Fly_Me_to_the_Moon__0001_v1,breathy,1,EN-Alto-2,0.44879311323165894,1.0499589443206787,-0.1108023151755333
EN-Alto-2__breathy__technique__Fly_Me_to_the_Moon__0001_v2,breathy,2,EN-Alto-2,0.46787992119789124,1.0316201448440552,-0.08046531677246094
EN-Alto-2__breathy__technique__Fly_Me_to_the_Moon__0002_v0,breathy,0,EN-Alto-2,0.5152466893196106,0.9846352934837341,-0.12990708649158478
EN-Alto-2__breathy__technique__Fly_Me_to_the_Moon__0002_v1,breathy,1,EN-Alto-2,0.5229778289794922,0.9767519235610962,-0.09765276312828064
EN-Alto-2__breathy__technique__Fly_Me_to_the_Moon__0002_v2,breathy,2,EN-Alto-2,0.5261409282684326,0.9735081195831299,-0.06654034554958344
EN-Alto-2__breathy__technique__Fly_Me_to_the_Moon__0003_v0,breathy,0,EN-Alto-2,0.5667112469673157,0.9309015870094299,-0.08993794769048691
EN-Alto-2__breathy__technique__Fly_Me_to_the_Moon__0003_v1,breathy,1,EN-Alto-2,0.5574130415916443,0.9408369660377502,-0.06260261684656143
EN-Alto-2__breathy__technique__Fly_Me_to_the_Moon__0003_v2,breathy,2,EN-Alto-2,0.5508906245231628,0.9477440714836121,-0.05330255255103111
EN-Alto-2__breathy__technique__Fly_Me_to_the_Moon__0004_v0,breathy,0,EN-Alto-2,0.645786464214325,0.841681182384491,-0.13169842958450317
EN-Alto-2__breathy__technique__Fly_Me_to_the_Moon__0004_v1,breathy,1,EN-Alto-2,0.6407960653305054,0.8475894927978516,-0.08561979234218597
EN-Alto-2__breathy__technique__Fly_Me_to_the_Moon__0004_v2,breathy,2,EN-Alto-2,0.6496191024780273,0.8371151685714722,-0.049342330545186996
EN-Alto-2__breathy__technique__Fly_Me_to_the_Moon__0005_v0,breathy,0,EN-Alto-2,0.6842742562294006,0.7946392297744751,-0.12259693443775177
EN-Alto-2__breathy__technique__Fly_Me_to_the_Moon__0005_v1,breathy,1,EN-Alto-2,0.6780316233634949,0.8024567365646362,-0.10886126756668091
EN-Alto-2__breathy__technique__Fly_Me_to_the_Moon__0005_v2,breathy,2,EN-Alto-2,0.6566769480705261,0.8286411762237549,-0.07986260205507278
EN-Alto-2__breathy__technique__Love_Me_Like_You_Do__0000_v0,breathy,0,EN-Alto-2,0.48690658807754517,1.0130088329315186,0.17923413217067719
EN-Alto-2__breathy__technique__Love_Me_Like_You_Do__0000_v1,breathy,1,EN-Alto-2,0.49962449073791504,1.000375509262085,0.19252818822860718
EN-Alto-2__breathy__technique__Love_Me_Like_You_Do__0000_v2,breathy,2,EN-Alto-2,0.49145400524139404,1.0085097551345825,0.2084174007177353
EN-Alto-2__breathy__technique__Love_Me_Like_You_Do__0001_v0,breathy,0,EN-Alto-2,0.46172675490379333,1.0375676155090332,0.08614148199558258
EN-Alto-2__breathy__technique__Love_Me_Like_You_Do__0001_v1,breathy,1,EN-Alto-2,0.4641041159629822,1.035273790359497,0.11246681213378906
EN-Alto-2__breathy__technique__Love_Me_Like_You_Do__0001_v2,breathy,2,EN-Alto-2,0.4561327397823334,1.042945146560669,0.136002317070961
EN-Alto-2__breathy__technique__Love_Me_Like_You_Do__0002_v0,breathy,0,EN-Alto-2,0.5211488604545593,0.9786227941513062,0.03108643926680088
EN-Alto-2__breathy__technique__Love_Me_Like_You_Do__0002_v1,breathy,1,EN-Alto-2,0.527646541595459,0.9719604849815369,0.04468284919857979
EN-Alto-2__breathy__technique__Love_Me_Like_You_Do__0002_v2,breathy,2,EN-Alto-2,0.5204831957817078,0.979302704334259,0.08864644169807434
EN-Alto-2__breathy__technique__Love_Me_Like_You_Do__0003_v0,breathy,0,EN-Alto-2,0.5214760303497314,0.9782882928848267,-0.032307472079992294
EN-Alto-2__breathy__technique__Love_Me_Like_You_Do__0003_v1,breathy,1,EN-Alto-2,0.5228795409202576,0.9768525958061218,-0.03157312795519829
EN-Alto-2__breathy__technique__Love_Me_Like_You_Do__0003_v2,breathy,2,EN-Alto-2,0.5376161336898804,0.9616484642028809,-0.02120414935052395
EN-Alto-2__breathy__technique__Love_Me_Like_You_Do__0004_v0,breathy,0,EN-Alto-2,0.5416960120201111,0.9573965668678284,0.006122601218521595
EN-Alto-2__breathy__technique__Love_Me_Like_You_Do__0004_v1,breathy,1,EN-Alto-2,0.5475911498069763,0.9512190818786621,0.053698305040597916
EN-Alto-2__breathy__technique__Love_Me_Like_You_Do__0004_v2,breathy,2,EN-Alto-2,0.556803286075592,0.9414847493171692,0.12379496544599533
EN-Alto-2__breathy__technique__Love_Me_Like_You_Do__0005_v0,breathy,0,EN-Alto-2,0.44437330961227417,1.0541601181030273,-0.0774616003036499
EN-Alto-2__breathy__technique__Love_Me_Like_You_Do__0005_v1,breathy,1,EN-Alto-2,0.4773011803627014,1.022446870803833,-0.025377755984663963
EN-Alto-2__breathy__technique__Love_Me_Like_You_Do__0005_v2,breathy,2,EN-Alto-2,0.48894572257995605,1.0109938383102417,0.040683962404727936
EN-Alto-2__breathy__technique__Love_Me_Like_You_Do__0006_v0,breathy,0,EN-Alto-2,0.4789433181285858,1.0208395719528198,0.07022293657064438
EN-Alto-2__breathy__technique__Love_Me_Like_You_Do__0006_v1,breathy,1,EN-Alto-2,0.46238619089126587,1.0369318723678589,0.10572555661201477
EN-Alto-2__breathy__technique__Love_Me_Like_You_Do__0006_v2,breathy,2,EN-Alto-2,0.4375419318675995,1.060620665550232,0.17771515250205994
EN-Alto-2__breathy__technique__Love_Me_Like_You_Do__0007_v0,breathy,0,EN-Alto-2,0.5256115794181824,0.9740517735481262,0.07773476094007492
EN-Alto-2__breathy__technique__Love_Me_Like_You_Do__0007_v1,breathy,1,EN-Alto-2,0.501910924911499,0.9980872869491577,0.11266431212425232
EN-Alto-2__breathy__technique__Love_Me_Like_You_Do__0007_v2,breathy,2,EN-Alto-2,0.5064687132835388,0.993510365486145,0.1429634690284729
EN-Alto-2__breathy__technique__Love_Me_Like_You_Do__0008_v0,breathy,0,EN-Alto-2,0.6727333068847656,0.8090323805809021,-0.0440400205552578
EN-Alto-2__breathy__technique__Love_Me_Like_You_Do__0008_v1,breathy,1,EN-Alto-2,0.6658626198768616,0.817480742931366,-0.08892764896154404
EN-Alto-2__breathy__technique__Love_Me_Like_You_Do__0008_v2,breathy,2,EN-Alto-2,0.6300079822540283,0.8602232336997986,-0.11170247942209244
EN-Alto-2__breathy__technique__Love_Me_Like_You_Do__0009_v0,breathy,0,EN-Alto-2,0.7573056221008301,0.6966984272003174,0.039369456470012665
EN-Alto-2__breathy__technique__Love_Me_Like_You_Do__0009_v1,breathy,1,EN-Alto-2,0.7420632243156433,0.7182433605194092,0.02663104422390461
EN-Alto-2__breathy__technique__Love_Me_Like_You_Do__0009_v2,breathy,2,EN-Alto-2,0.6986296772956848,0.7763637900352478,0.04673688858747482
EN-Alto-2__breathy__technique__Love_Story__0000_v0,breathy,0,EN-Alto-2,0.6705908179283142,0.8116762638092041,-0.0236885454505682
EN-Alto-2__breathy__technique__Love_Story__0000_v1,breathy,1,EN-Alto-2,0.6664218306541443,0.8167964220046997,0.000524786242749542
EN-Alto-2__breathy__technique__Love_Story__0000_v2,breathy,2,EN-Alto-2,0.6689197421073914,0.8137325048446655,0.03576865419745445
EN-Alto-2__breathy__technique__Love_Story__0001_v0,breathy,0,EN-Alto-2,0.5496501326560974,0.949052095413208,0.03950146213173866
EN-Alto-2__breathy__technique__Love_Story__0001_v1,breathy,1,EN-Alto-2,0.5484815239906311,0.950282633304596,0.05652370676398277
EN-Alto-2__breathy__technique__Love_Story__0001_v2,breathy,2,EN-Alto-2,0.5559687614440918,0.9423707127571106,0.09726054966449738
EN-Alto-2__breathy__technique__Love_Story__0002_v0,breathy,0,EN-Alto-2,0.5883337259292603,0.9073768258094788,0.07346002757549286
EN-Alto-2__breathy__technique__Love_Story__0002_v1,breathy,1,EN-Alto-2,0.584944486618042,0.9111043810844421,0.10806906223297119
EN-Alto-2__breathy__technique__Love_Story__0002_v2,breathy,2,EN-Alto-2,0.5568459033966064,0.9414394497871399,0.16952911019325256
EN-Alto-2__breathy__technique__Love_Story__0003_v0,breathy,0,EN-Alto-2,0.525691032409668,0.9739701151847839,0.02364526502788067
EN-Alto-2__breathy__technique__Love_Story__0003_v1,breathy,1,EN-Alto-2,0.5298911333084106,0.9696483016014099,0.03861014172434807
EN-Alto-2__breathy__technique__Love_Story__0003_v2,breathy,2,EN-Alto-2,0.5155403017997742,0.9843370914459229,0.07405753433704376
EN-Alto-2__breathy__technique__Love_Story__0004_v0,breathy,0,EN-Alto-2,0.6401238441467285,0.8483821749687195,0.07179860770702362
EN-Alto-2__breathy__technique__Love_Story__0004_v1,breathy,1,EN-Alto-2,0.6331435441970825,0.8565704226493835,0.07078930735588074
EN-Alto-2__breathy__technique__Love_Story__0004_v2,breathy,2,EN-Alto-2,0.6365037560462952,0.8526385426521301,0.0974709764122963
EN-Alto-2__breathy__technique__My_Heart_Will_Go_On__0000_v0,breathy,0,EN-Alto-2,0.6645798087120056,0.8190485835075378,-0.07278917729854584
EN-Alto-2__breathy__technique__My_Heart_Will_Go_On__0000_v1,breathy,1,EN-Alto-2,0.6371857523918152,0.8518384099006653,-0.020790686830878258
EN-Alto-2__breathy__technique__My_Heart_Will_Go_On__0000_v2,breathy,2,EN-Alto-2,0.6135692596435547,0.8791254758834839,0.012794606387615204
EN-Alto-2__breathy__technique__My_Heart_Will_Go_On__0001_v0,breathy,0,EN-Alto-2,0.7324050664901733,0.7315667271614075,-0.03992043063044548
EN-Alto-2__breathy__technique__My_Heart_Will_Go_On__0001_v1,breathy,1,EN-Alto-2,0.7254980802536011,0.7409480214118958,-0.014350365847349167
EN-Alto-2__breathy__technique__My_Heart_Will_Go_On__0001_v2,breathy,2,EN-Alto-2,0.7185976505279541,0.7502031922340393,0.015225894749164581
EN-Alto-2__breathy__technique__My_Heart_Will_Go_On__0002_v0,breathy,0,EN-Alto-2,0.6650060415267944,0.8185279965400696,0.06341583281755447
EN-Alto-2__breathy__technique__My_Heart_Will_Go_On__0002_v1,breathy,1,EN-Alto-2,0.6647638082504272,0.8188238739967346,0.07339061796665192
EN-Alto-2__breathy__technique__My_Heart_Will_Go_On__0002_v2,breathy,2,EN-Alto-2,0.6526860594749451,0.8334435224533081,0.0741431936621666
EN-Alto-2__breathy__technique__My_Heart_Will_Go_On__0003_v0,breathy,0,EN-Alto-2,0.7444360256195068,0.7149322032928467,-0.08647017180919647
EN-Alto-2__breathy__technique__My_Heart_Will_Go_On__0003_v1,breathy,1,EN-Alto-2,0.7116504907608032,0.7594070434570312,-0.07151078432798386
EN-Alto-2__breathy__technique__My_Heart_Will_Go_On__0003_v2,breathy,2,EN-Alto-2,0.6558369398117065,0.8296542763710022,-0.0649707019329071
EN-Alto-2__breathy__technique__My_Heart_Will_Go_On__0004_v0,breathy,0,EN-Alto-2,0.7281382083892822,0.7373762130737305,0.029089631512761116
EN-Alto-2__breathy__technique__My_Heart_Will_Go_On__0004_v1,breathy,1,EN-Alto-2,0.6951108574867249,0.7808830142021179,0.061547618359327316
EN-Alto-2__breathy__technique__My_Heart_Will_Go_On__0004_v2,breathy,2,EN-Alto-2,0.6356350779533386,0.8536567687988281,0.11550130695104599
EN-Alto-2__breathy__technique__My_Heart_Will_Go_On__0005_v0,breathy,0,EN-Alto-2,0.7832967042922974,0.6583362817764282,0.037433598190546036
EN-Alto-2__breathy__technique__My_Heart_Will_Go_On__0005_v1,breathy,1,EN-Alto-2,0.7536464929580688,0.7019309401512146,0.09449154883623123
EN-Alto-2__breathy__technique__My_Heart_Will_Go_On__0005_v2,breathy,2,EN-Alto-2,0.6884990930557251,0.7893047332763672,0.09559434652328491
EN-Alto-2__breathy__technique__My_Heart_Will_Go_On__0006_v0,breathy,0,EN-Alto-2,0.7761908769607544,0.6690428853034973,0.03704724460840225
EN-Alto-2__breathy__technique__My_Heart_Will_Go_On__0006_v1,breathy,1,EN-Alto-2,0.75029456615448,0.7066901922225952,0.04568498581647873
EN-Alto-2__breathy__technique__My_Heart_Will_Go_On__0006_v2,breathy,2,EN-Alto-2,0.6982314586639404,0.7768765687942505,0.06775795668363571
EN-Alto-2__breathy__technique__My_Heart_Will_Go_On__0007_v0,breathy,0,EN-Alto-2,0.7521507740020752,0.7040585279464722,0.01190106850117445
EN-Alto-2__breathy__technique__My_Heart_Will_Go_On__0007_v1,breathy,1,EN-Alto-2,0.7406958341598511,0.7201445698738098,0.03557773306965828
EN-Alto-2__breathy__technique__My_Heart_Will_Go_On__0007_v2,breathy,2,EN-Alto-2,0.6987947821617126,0.7761511206626892,0.04466715082526207
EN-Alto-2__breathy__technique__My_Heart_Will_Go_On__0008_v0,breathy,0,EN-Alto-2,0.6946418881416321,0.7814834117889404,0.060501161962747574
EN-Alto-2__breathy__technique__My_Heart_Will_Go_On__0008_v1,breathy,1,EN-Alto-2,0.6932828426361084,0.7832205295562744,0.09475018829107285
EN-Alto-2__breathy__technique__My_Heart_Will_Go_On__0008_v2,breathy,2,EN-Alto-2,0.689400315284729,0.7881621718406677,0.1452891230583191
EN-Alto-2__breathy__technique__My_Heart_Will_Go_On__0009_v0,breathy,0,EN-Alto-2,0.7470767498016357,0.7112289667129517,0.05882319435477257
EN-Alto-2__breathy__technique__My_Heart_Will_Go_On__0009_v1,breathy,1,EN-Alto-2,0.7245121002197266,0.7422773838043213,0.10593964159488678
EN-Alto-2__breathy__technique__My_Heart_Will_Go_On__0009_v2,breathy,2,EN-Alto-2,0.6929706931114197,0.7836190462112427,0.1612592190504074
EN-Alto-2__breathy__technique__My_Heart_Will_Go_On__0010_v0,breathy,0,EN-Alto-2,0.7718936204910278,0.6754351854324341,0.09420078992843628
EN-Alto-2__breathy__technique__My_Heart_Will_Go_On__0010_v1,breathy,1,EN-Alto-2,0.7429642081260681,0.7169877886772156,0.12850028276443481
EN-Alto-2__breathy__technique__My_Heart_Will_Go_On__0010_v2,breathy,2,EN-Alto-2,0.6848986744880676,0.7938531041145325,0.15434928238391876
EN-Alto-2__breathy__technique__My_Love__0000_v0,breathy,0,EN-Alto-2,0.3156532943248749,1.1699117422103882,0.011777762323617935
EN-Alto-2__breathy__technique__My_Love__0000_v1,breathy,1,EN-Alto-2,0.348319411277771,1.1416484117507935,0.03528685122728348
EN-Alto-2__breathy__technique__My_Love__0000_v2,breathy,2,EN-Alto-2,0.3721127510070801,1.1206134557724,0.057055164128541946
EN-Alto-2__breathy__technique__My_Love__0001_v0,breathy,0,EN-Alto-2,0.5225063562393188,0.9772346615791321,-0.03673820197582245
EN-Alto-2__breathy__technique__My_Love__0001_v1,breathy,1,EN-Alto-2,0.5349777340888977,0.9643882513046265,-0.003962816204875708
EN-Alto-2__breathy__technique__My_Love__0001_v2,breathy,2,EN-Alto-2,0.5434448719024658,0.9555681943893433,0.044168464839458466
EN-Alto-2__breathy__technique__My_Love__0002_v0,breathy,0,EN-Alto-2,0.6044697761535645,0.8894158601760864,0.04529595002532005
EN-Alto-2__breathy__technique__My_Love__0002_v1,breathy,1,EN-Alto-2,0.6160221099853516,0.8763309121131897,0.03341197595000267
EN-Alto-2__breathy__technique__My_Love__0002_v2,breathy,2,EN-Alto-2,0.6184064149856567,0.8736059069633484,0.037027087062597275
EN-Alto-2__breathy__technique__My_Love__0003_v0,breathy,0,EN-Alto-2,0.6187607645988464,0.8732001185417175,-0.022583801299333572
EN-Alto-2__breathy__technique__My_Love__0003_v1,breathy,1,EN-Alto-2,0.6113678216934204,0.8816258907318115,0.01678994670510292
EN-Alto-2__breathy__technique__My_Love__0003_v2,breathy,2,EN-Alto-2,0.6190094351768494,0.8729153871536255,0.05939236283302307
EN-Alto-2__breathy__technique__My_Love__0004_v0,breathy,0,EN-Alto-2,0.7226262092590332,0.744813859462738,0.07030470669269562
EN-Alto-2__breathy__technique__My_Love__0004_v1,breathy,1,EN-Alto-2,0.7168453335762024,0.752535343170166,0.10322792083024979
EN-Alto-2__breathy__technique__My_Love__0004_v2,breathy,2,EN-Alto-2,0.6848247051239014,0.7939463257789612,0.14994749426841736
EN-Alto-2__breathy__technique__My_Love__0005_v0,breathy,0,EN-Alto-2,0.4938068091869354,1.006174087524414,0.03971228376030922
EN-Alto-2__breathy__technique__My_Love__0005_v1,breathy,1,EN-Alto-2,0.48674261569976807,1.013170599937439,0.08670775592327118
EN-Alto-2__breathy__technique__My_Love__0005_v2,breathy,2,EN-Alto-2,0.462806761264801,1.0365263223648071,0.11525421589612961
EN-Alto-2__breathy__technique__My_Love__0006_v0,breathy,0,EN-Alto-2,0.6863306760787964,0.7920472025871277,0.12203507870435715
EN-Alto-2__breathy__technique__My_Love__0006_v1,breathy,1,EN-Alto-2,0.659940242767334,0.8246936798095703,0.12186369299888611
EN-Alto-2__breathy__technique__My_Love__0006_v2,breathy,2,EN-Alto-2,0.5931273698806763,0.90207839012146,0.16211853921413422
EN-Alto-2__breathy__technique__My_Love__0007_v0,breathy,0,EN-Alto-2,0.6452013850212097,0.8423759937286377,0.06919358670711517
EN-Alto-2__breathy__technique__My_Love__0007_v1,breathy,1,EN-Alto-2,0.6404901146888733,0.8479503989219666,0.062459927052259445
EN-Alto-2__breathy__technique__My_Love__0007_v2,breathy,2,EN-Alto-2,0.6455500721931458,0.8419620394706726,0.07932522892951965
EN-Alto-2__breathy__technique__My_Love__0008_v0,breathy,0,EN-Alto-2,0.6954061985015869,0.7805047631263733,0.029566973447799683
EN-Alto-2__breathy__technique__My_Love__0008_v1,breathy,1,EN-Alto-2,0.6897411942481995,0.7877295017242432,0.08138326555490494
EN-Alto-2__breathy__technique__My_Love__0008_v2,breathy,2,EN-Alto-2,0.6489207744598389,0.8379490375518799,0.15879304707050323
EN-Alto-2__breathy__technique__Safe_and_Sound__0000_v0,breathy,0,EN-Alto-2,0.6486276388168335,0.8382987976074219,-0.07606327533721924
EN-Alto-2__breathy__technique__Safe_and_Sound__0000_v1,breathy,1,EN-Alto-2,0.6448121666908264,0.842837929725647,-0.061947051435709
EN-Alto-2__breathy__technique__Safe_and_Sound__0000_v2,breathy,2,EN-Alto-2,0.6426646113395691,0.8453820943832397,-0.022295191884040833
EN-Alto-2__breathy__technique__Safe_and_Sound__0001_v0,breathy,0,EN-Alto-2,0.7431319355964661,0.7167540788650513,0.008054227568209171
EN-Alto-2__breathy__technique__Safe_and_Sound__0001_v1,breathy,1,EN-Alto-2,0.7075644731521606,0.764768660068512,0.028323575854301453
EN-Alto-2__breathy__technique__Safe_and_Sound__0001_v2,breathy,2,EN-Alto-2,0.6451693177223206,0.8424140810966492,0.0701499804854393
EN-Alto-2__breathy__technique__Safe_and_Sound__0002_v0,breathy,0,EN-Alto-2,0.6268832683563232,0.8638481497764587,0.05052000284194946
EN-Alto-2__breathy__technique__Safe_and_Sound__0002_v1,breathy,1,EN-Alto-2,0.626826286315918,0.8639141321182251,0.05803504213690758
EN-Alto-2__breathy__technique__Safe_and_Sound__0002_v2,breathy,2,EN-Alto-2,0.6143907904624939,0.8781904578208923,0.06470216810703278
EN-Alto-2__breathy__technique__Safe_and_Sound__0003_v0,breathy,0,EN-Alto-2,0.7295531630516052,0.7354548573493958,0.03465152904391289
EN-Alto-2__breathy__technique__Safe_and_Sound__0003_v1,breathy,1,EN-Alto-2,0.704982578754425,0.7681372761726379,0.02942635677754879
EN-Alto-2__breathy__technique__Safe_and_Sound__0003_v2,breathy,2,EN-Alto-2,0.661665678024292,0.8225988149642944,0.03106057457625866
EN-Alto-2__breathy__technique__Safe_and_Sound__0004_v0,breathy,0,EN-Alto-2,0.6746151447296143,0.8067029118537903,-0.05948876962065697
EN-Alto-2__breathy__technique__Safe_and_Sound__0004_v1,breathy,1,EN-Alto-2,0.6633610129356384,0.8205351829528809,-0.047829873859882355
EN-Alto-2__breathy__technique__Safe_and_Sound__0004_v2,breathy,2,EN-Alto-2,0.637822151184082,0.8510910868644714,-0.035240206867456436
EN-Alto-2__breathy__technique__Safe_and_Sound__0005_v0,breathy,0,EN-Alto-2,0.4890228509902954,1.0109176635742188,-0.04653652012348175
EN-Alto-2__breathy__technique__Safe_and_Sound__0005_v1,breathy,1,EN-Alto-2,0.48708009719848633,1.012837529182434,-0.017469853162765503
EN-Alto-2__breathy__technique__Safe_and_Sound__0005_v2,breathy,2,EN-Alto-2,0.4669443666934967,1.0325266122817993,0.038762181997299194
EN-Alto-2__breathy__technique__Safe_and_Sound__0006_v0,breathy,0,EN-Alto-2,0.7052990794181824,0.7677251696586609,0.025964712724089622
EN-Alto-2__breathy__technique__Safe_and_Sound__0006_v1,breathy,1,EN-Alto-2,0.6908627152442932,0.7863044738769531,0.03947390615940094
EN-Alto-2__breathy__technique__Safe_and_Sound__0006_v2,breathy,2,EN-Alto-2,0.6369383931159973,0.8521286249160767,0.032277822494506836
EN-Alto-2__breathy__technique__Someone_Like_You__0000_v0,breathy,0,EN-Alto-2,0.6501942873001099,0.8364278674125671,-0.19964735209941864
EN-Alto-2__breathy__technique__Someone_Like_You__0000_v1,breathy,1,EN-Alto-2,0.6464971899986267,0.8408364057540894,-0.16688401997089386
EN-Alto-2__breathy__technique__Someone_Like_You__0000_v2,breathy,2,EN-Alto-2,0.6144647598266602,0.8781062364578247,-0.15020371973514557
EN-Alto-2__breathy__technique__Someone_Like_You__0001_v0,breathy,0,EN-Alto-2,0.6772499084472656,0.8034303188323975,-0.01025918684899807
EN-Alto-2__breathy__technique__Someone_Like_You__0001_v1,breathy,1,EN-Alto-2,0.6665534973144531,0.8166353106498718,0.019820526242256165
EN-Alto-2__breathy__technique__Someone_Like_You__0001_v2,breathy,2,EN-Alto-2,0.658899188041687,0.8259550333023071,0.03681985288858414
EN-Alto-2__breathy__technique__Someone_Like_You__0002_v0,breathy,0,EN-Alto-2,0.6961660981178284,0.7795305848121643,-0.04161270335316658
EN-Alto-2__breathy__technique__Someone_Like_You__0002_v1,breathy,1,EN-Alto-2,0.686073899269104,0.7923713326454163,0.01370161958038807
EN-Alto-2__breathy__technique__Someone_Like_You__0002_v2,breathy,2,EN-Alto-2,0.6667366623878479,0.8164108991622925,0.057805757969617844
EN-Alto-2__breathy__technique__Someone_Like_You__0003_v0,breathy,0,EN-Alto-2,0.3723720908164978,1.1203819513320923,-0.14389587938785553
EN-Alto-2__breathy__technique__Someone_Like_You__0003_v1,breathy,1,EN-Alto-2,0.3947756886482239,1.1002039909362793,-0.12477942556142807
EN-Alto-2__breathy__technique__Someone_Like_You__0003_v2,breathy,2,EN-Alto-2,0.41117945313453674,1.0851917266845703,-0.0740995779633522
EN-Alto-2__breathy__technique__Someone_Like_You__0004_v0,breathy,0,EN-Alto-2,0.6655944585800171,0.8178088068962097,-0.02872738055884838
EN-Alto-2__breathy__technique__Someone_Like_You__0004_v1,breathy,1,EN-Alto-2,0.6623841524124146,0.8217249512672424,0.005295123904943466
EN-Alto-2__breathy__technique__Someone_Like_You__0004_v2,breathy,2,EN-Alto-2,0.6700904369354248,0.8122925758361816,0.050757698714733124
EN-Alto-2__breathy__technique__Someone_Like_You__0005_v0,breathy,0,EN-Alto-2,0.5983861684799194,0.8962297439575195,-0.13407179713249207
EN-Alto-2__breathy__technique__Someone_Like_You__0005_v1,breathy,1,EN-Alto-2,0.6059519052505493,0.8877478241920471,-0.10120975971221924
EN-Alto-2__breathy__technique__Someone_Like_You__0005_v2,breathy,2,EN-Alto-2,0.6238465309143066,0.8673564195632935,-0.05455895885825157
EN-Alto-2__breathy__technique__Someone_Like_You__0006_v0,breathy,0,EN-Alto-2,0.6533935070037842,0.8325941562652588,0.02148367092013359
EN-Alto-2__breathy__technique__Someone_Like_You__0006_v1,breathy,1,EN-Alto-2,0.633877158164978,0.8557136654853821,0.04557739198207855
EN-Alto-2__breathy__technique__Someone_Like_You__0006_v2,breathy,2,EN-Alto-2,0.598410964012146,0.8962020874023438,0.09306845813989639
EN-Alto-2__breathy__technique__Someone_Like_You__0007_v0,breathy,0,EN-Alto-2,0.7101909518241882,0.7613265514373779,0.027948733419179916
EN-Alto-2__breathy__technique__Someone_Like_You__0007_v1,breathy,1,EN-Alto-2,0.6926196813583374,0.7840667963027954,0.017039472237229347
EN-Alto-2__breathy__technique__Someone_Like_You__0007_v2,breathy,2,EN-Alto-2,0.6495123505592346,0.8372427225112915,0.030558306723833084
EN-Alto-2__breathy__technique__Someone_Like_You__0008_v0,breathy,0,EN-Alto-2,0.698684811592102,0.776292622089386,0.10942118614912033
EN-Alto-2__breathy__technique__Someone_Like_You__0008_v1,breathy,1,EN-Alto-2,0.659875214099884,0.8247724175453186,0.11683065444231033
EN-Alto-2__breathy__technique__Someone_Like_You__0008_v2,breathy,2,EN-Alto-2,0.5792205929756165,0.9173651337623596,0.15264992415905
EN-Alto-2__breathy__technique__Someone_Like_You__0009_v0,breathy,0,EN-Alto-2,0.7553307414054871,0.6995275616645813,0.03746889904141426
EN-Alto-2__breathy__technique__Someone_Like_You__0009_v1,breathy,1,EN-Alto-2,0.6916871070861816,0.7852553725242615,0.044068608433008194
EN-Alto-2__breathy__technique__Someone_Like_You__0009_v2,breathy,2,EN-Alto-2,0.5449627637863159,0.9539782404899597,0.0884796753525734
EN-Alto-2__breathy__technique__Someone_Like_You__0010_v0,breathy,0,EN-Alto-2,0.6601893901824951,0.8243915438652039,0.0974641665816307
EN-Alto-2__breathy__technique__Someone_Like_You__0010_v1,breathy,1,EN-Alto-2,0.6331954002380371,0.8565100431442261,0.09222657233476639
EN-Alto-2__breathy__technique__Someone_Like_You__0010_v2,breathy,2,EN-Alto-2,0.5971631407737732,0.8975933194160461,0.09639554470777512
EN-Alto-2__breathy__technique__Someone_Like_You__0011_v0,breathy,0,EN-Alto-2,0.562754213809967,0.9351425766944885,0.05007399991154671
EN-Alto-2__breathy__technique__Someone_Like_You__0011_v1,breathy,1,EN-Alto-2,0.5473057627677917,0.9515190124511719,0.038553718477487564
EN-Alto-2__breathy__technique__Someone_Like_You__0011_v2,breathy,2,EN-Alto-2,0.5254274010658264,0.9742408990859985,0.04885275289416313
EN-Alto-2__breathy__technique__Someone_You_Loved__0000_v0,breathy,0,EN-Alto-2,0.4629211723804474,1.0364158153533936,-0.03977201133966446
EN-Alto-2__breathy__technique__Someone_You_Loved__0000_v1,breathy,1,EN-Alto-2,0.4610535204410553,1.038216233253479,-0.023889699950814247
EN-Alto-2__breathy__technique__Someone_You_Loved__0000_v2,breathy,2,EN-Alto-2,0.4941880404949188,1.0057952404022217,-0.023569485172629356
EN-Alto-2__breathy__technique__Someone_You_Loved__0001_v0,breathy,0,EN-Alto-2,0.3789283335208893,1.1145148277282715,-0.018917372450232506
EN-Alto-2__breathy__technique__Someone_You_Loved__0001_v1,breathy,1,EN-Alto-2,0.38219547271728516,1.1115796566009521,-0.0039354050531983376
EN-Alto-2__breathy__technique__Someone_You_Loved__0001_v2,breathy,2,EN-Alto-2,0.40099889039993286,1.094533085823059,0.02128586173057556
EN-Alto-2__breathy__technique__Someone_You_Loved__0002_v0,breathy,0,EN-Alto-2,0.60069739818573,0.8936471939086914,-0.00525242742151022
EN-Alto-2__breathy__technique__Someone_You_Loved__0002_v1,breathy,1,EN-Alto-2,0.6195440888404846,0.8723027110099792,0.014315454289317131
EN-Alto-2__breathy__technique__Someone_You_Loved__0002_v2,breathy,2,EN-Alto-2,0.6439340710639954,0.8438791036605835,0.04703029990196228
EN-Alto-2__breathy__technique__Someone_You_Loved__0003_v0,breathy,0,EN-Alto-2,0.7167564630508423,0.7526535391807556,0.06709607690572739
EN-Alto-2__breathy__technique__Someone_You_Loved__0003_v1,breathy,1,EN-Alto-2,0.7016519904136658,0.7724610567092896,0.04066705331206322
EN-Alto-2__breathy__technique__Someone_You_Loved__0003_v2,breathy,2,EN-Alto-2,0.6665768623352051,0.8166065812110901,0.05245088040828705
EN-Alto-2__breathy__technique__Someone_You_Loved__0004_v0,breathy,0,EN-Alto-2,0.5759928822517395,0.9208770394325256,-0.010286889970302582
EN-Alto-2__breathy__technique__Someone_You_Loved__0004_v1,breathy,1,EN-Alto-2,0.5764849781990051,0.9203424453735352,-0.0013246231246739626
EN-Alto-2__breathy__technique__Someone_You_Loved__0004_v2,breathy,2,EN-Alto-2,0.5524874329566956,0.9460577964782715,0.00706101767718792
EN-Alto-2__breathy__technique__Someone_You_Loved__0005_v0,breathy,0,EN-Alto-2,0.6292106509208679,0.8611496686935425,0.10152898728847504
EN-Alto-2__breathy__technique__Someone_You_Loved__0005_v1,breathy,1,EN-Alto-2,0.6212840676307678,0.8703056573867798,0.11724883317947388
EN-Alto-2__breathy__technique__Someone_You_Loved__0005_v2,breathy,2,EN-Alto-2,0.6184852719306946,0.8735156059265137,0.1361207365989685
EN-Alto-2__breathy__technique__What_Are_Words__0000_v0,breathy,0,EN-Alto-2,0.5182948112487793,0.9815347790718079,-0.09239127486944199
EN-Alto-2__breathy__technique__What_Are_Words__0000_v1,breathy,1,EN-Alto-2,0.5200523138046265,0.9797425866127014,-0.023414254188537598
EN-Alto-2__breathy__technique__What_Are_Words__0000_v2,breathy,2,EN-Alto-2,0.5280141830444336,0.9715820550918579,0.03185545653104782
EN-Alto-2__breathy__technique__What_Are_Words__0001_v0,breathy,0,EN-Alto-2,0.6670678853988647,0.8160051703453064,0.03751019015908241
EN-Alto-2__breathy__technique__What_Are_Words__0001_v1,breathy,1,EN-Alto-2,0.6688598394393921,0.8138061165809631,0.10746195912361145
EN-Alto-2__breathy__technique__What_Are_Words__0001_v2,breathy,2,EN-Alto-2,0.6650136709213257,0.8185186386108398,0.15740036964416504
EN-Alto-2__breathy__technique__What_Are_Words__0002_v0,breathy,0,EN-Alto-2,0.6645993590354919,0.8190247416496277,-0.04503202438354492
EN-Alto-2__breathy__technique__What_Are_Words__0002_v1,breathy,1,EN-Alto-2,0.6405757069587708,0.847849428653717,0.019144579768180847
EN-Alto-2__breathy__technique__What_Are_Words__0002_v2,breathy,2,EN-Alto-2,0.6107576489448547,0.8823177814483643,0.05038775876164436
EN-Alto-2__breathy__technique__What_Are_Words__0003_v0,breathy,0,EN-Alto-2,0.7729459404945374,0.6738755106925964,0.042639609426259995
EN-Alto-2__breathy__technique__What_Are_Words__0003_v1,breathy,1,EN-Alto-2,0.7588164210319519,0.694526731967926,0.05495456978678703
EN-Alto-2__breathy__technique__What_Are_Words__0003_v2,breathy,2,EN-Alto-2,0.7220801711082458,0.7455466389656067,0.07662955671548843
EN-Alto-2__breathy__technique__What_Are_Words__0004_v0,breathy,0,EN-Alto-2,0.7810927629470825,0.6616755723953247,0.13387314975261688
EN-Alto-2__breathy__technique__What_Are_Words__0004_v1,breathy,1,EN-Alto-2,0.7606057524681091,0.691945493221283,0.1500435620546341
EN-Alto-2__breathy__technique__What_Are_Words__0004_v2,breathy,2,EN-Alto-2,0.7263174057006836,0.7398414611816406,0.15679048001766205
EN-Alto-2__breathy__technique__What_Are_Words__0005_v0,breathy,0,EN-Alto-2,0.49673348665237427,1.0032612085342407,-0.01934552751481533
EN-Alto-2__breathy__technique__What_Are_Words__0005_v1,breathy,1,EN-Alto-2,0.49437516927719116,1.005609154701233,0.019974227994680405
EN-Alto-2__breathy__technique__What_Are_Words__0005_v2,breathy,2,EN-Alto-2,0.5299869775772095,0.9695494174957275,0.06186399236321449
EN-Alto-2__breathy__technique__What_Are_Words__0006_v0,breathy,0,EN-Alto-2,0.5776996612548828,0.9190216660499573,-0.01665188930928707
EN-Alto-2__breathy__technique__What_Are_Words__0006_v1,breathy,1,EN-Alto-2,0.5939852595329285,0.9011269211769104,0.022572224959731102
EN-Alto-2__breathy__technique__What_Are_Words__0006_v2,breathy,2,EN-Alto-2,0.5933836102485657,0.9017942547798157,0.07716061174869537
EN-Alto-2__breathy__technique__What_Are_Words__0007_v0,breathy,0,EN-Alto-2,0.6637567281723022,0.8200528621673584,0.015717245638370514
EN-Alto-2__breathy__technique__What_Are_Words__0007_v1,breathy,1,EN-Alto-2,0.6619577407836914,0.8222437500953674,0.08445216715335846
EN-Alto-2__breathy__technique__What_Are_Words__0007_v2,breathy,2,EN-Alto-2,0.6432536244392395,0.8446850776672363,0.11670627444982529
EN-Alto-2__breathy__technique__Yesterday_Once_More__0000_v0,breathy,0,EN-Alto-2,0.477687269449234,1.0220692157745361,-0.06447431445121765
EN-Alto-2__breathy__technique__Yesterday_Once_More__0000_v1,breathy,1,EN-Alto-2,0.5031995177268982,0.9967953562736511,-0.04255291447043419
EN-Alto-2__breathy__technique__Yesterday_Once_More__0000_v2,breathy,2,EN-Alto-2,0.5164552927017212,0.9834071397781372,-0.006270539481192827
EN-Alto-2__breathy__technique__Yesterday_Once_More__0001_v0,breathy,0,EN-Alto-2,0.6898203492164612,0.7876290678977966,-0.04343995079398155
EN-Alto-2__breathy__technique__Yesterday_Once_More__0001_v1,breathy,1,EN-Alto-2,0.6719001531600952,0.8100616335868835,-0.015794113278388977
EN-Alto-2__breathy__technique__Yesterday_Once_More__0001_v2,breathy,2,EN-Alto-2,0.6458917856216431,0.8415559530258179,0.006112168543040752
EN-Alto-2__breathy__technique__Yesterday_Once_More__0002_v0,breathy,0,EN-Alto-2,0.6177319288253784,0.8743776679039001,-0.15378104150295258
EN-Alto-2__breathy__technique__Yesterday_Once_More__0002_v1,breathy,1,EN-Alto-2,0.6304136514663696,0.8597515821456909,-0.09084391593933105
EN-Alto-2__breathy__technique__Yesterday_Once_More__0002_v2,breathy,2,EN-Alto-2,0.6290573477745056,0.8613277077674866,-0.01583055965602398
EN-Alto-2__breathy__technique__Yesterday_Once_More__0003_v0,breathy,0,EN-Alto-2,0.7399290800094604,0.7212086915969849,-0.030355390161275864
EN-Alto-2__breathy__technique__Yesterday_Once_More__0003_v1,breathy,1,EN-Alto-2,0.7304480671882629,0.734237015247345,-0.020344439893960953
EN-Alto-2__breathy__technique__Yesterday_Once_More__0003_v2,breathy,2,EN-Alto-2,0.7141762375831604,0.7560738921165466,0.00955192744731903
EN-Alto-2__breathy__technique__Yesterday_Once_More__0004_v0,breathy,0,EN-Alto-2,0.7398235201835632,0.7213550806045532,0.07212492823600769
EN-Alto-2__breathy__technique__Yesterday_Once_More__0004_v1,breathy,1,EN-Alto-2,0.7323921918869019,0.7315844893455505,0.0879073217511177
EN-Alto-2__breathy__technique__Yesterday_Once_More__0004_v2,breathy,2,EN-Alto-2,0.7141117453575134,0.7561591863632202,0.09411899745464325
EN-Alto-2__breathy__technique__Yesterday_Once_More__0005_v0,breathy,0,EN-Alto-2,0.7041299343109131,0.769246518611908,-0.01850481890141964
EN-Alto-2__breathy__technique__Yesterday_Once_More__0005_v1,breathy,1,EN-Alto-2,0.6723504066467285,0.8095055818557739,0.044799260795116425
EN-Alto-2__breathy__technique__Yesterday_Once_More__0005_v2,breathy,2,EN-Alto-2,0.6172420978546143,0.8749375939369202,0.08855289220809937
EN-Alto-2__breathy__technique__Yesterday_Once_More__0006_v0,breathy,0,EN-Alto-2,0.6844415664672852,0.7944286465644836,-0.07340434938669205
EN-Alto-2__breathy__technique__Yesterday_Once_More__0006_v1,breathy,1,EN-Alto-2,0.6770635843276978,0.8036622405052185,-0.03623291477560997
EN-Alto-2__breathy__technique__Yesterday_Once_More__0006_v2,breathy,2,EN-Alto-2,0.6424343585968018,0.8456544280052185,-0.0029516443610191345
EN-Alto-2__breathy__technique__Yesterday_Once_More__0007_v0,breathy,0,EN-Alto-2,0.7097506523132324,0.7619048357009888,0.09843245148658752
EN-Alto-2__breathy__technique__Yesterday_Once_More__0007_v1,breathy,1,EN-Alto-2,0.6971436142921448,0.7782756090164185,0.10953457653522491
EN-Alto-2__breathy__technique__Yesterday_Once_More__0007_v2,breathy,2,EN-Alto-2,0.6775487661361694,0.8030582070350647,0.13308392465114594
EN-Alto-2__breathy__technique__Yesterday_Once_More__0008_v0,breathy,0,EN-Alto-2,0.7233105897903442,0.7438945770263672,-0.04294604808092117
EN-Alto-2__breathy__technique__Yesterday_Once_More__0008_v1,breathy,1,EN-Alto-2,0.7112132906913757,0.7599825859069824,0.016296273097395897
EN-Alto-2__breathy__technique__Yesterday_Once_More__0008_v2,breathy,2,EN-Alto-2,0.6973919868469238,0.7779563665390015,0.05792597681283951
EN-Alto-2__breathy__technique__Young_And_Beautiful__0000_v0,breathy,0,EN-Alto-2,0.596976637840271,0.8978011608123779,-0.09872713685035706
EN-Alto-2__breathy__technique__Young_And_Beautiful__0000_v1,breathy,1,EN-Alto-2,0.5989088416099548,0.8956464529037476,-0.0813252404332161
EN-Alto-2__breathy__technique__Young_And_Beautiful__0000_v2,breathy,2,EN-Alto-2,0.577321469783783,0.9194329977035522,-0.05966627970337868
EN-Alto-2__breathy__technique__Young_And_Beautiful__0001_v0,breathy,0,EN-Alto-2,0.6983789801597595,0.7766865491867065,0.08326190710067749
EN-Alto-2__breathy__technique__Young_And_Beautiful__0001_v1,breathy,1,EN-Alto-2,0.6866558194160461,0.7916365265846252,0.14376038312911987
EN-Alto-2__breathy__technique__Young_And_Beautiful__0001_v2,breathy,2,EN-Alto-2,0.6640412211418152,0.8197058439254761,0.20378930866718292
EN-Alto-2__breathy__technique__Young_And_Beautiful__0002_v0,breathy,0,EN-Alto-2,0.6498122215270996,0.8368845582008362,0.06760529428720474
EN-Alto-2__breathy__technique__Young_And_Beautiful__0002_v1,breathy,1,EN-Alto-2,0.6308600902557373,0.8592323064804077,0.08321250975131989
EN-Alto-2__breathy__technique__Young_And_Beautiful__0002_v2,breathy,2,EN-Alto-2,0.5795314311981201,0.9170264005661011,0.11953762918710709
EN-Alto-2__breathy__technique__Young_And_Beautiful__0003_v0,breathy,0,EN-Alto-2,0.6188255548477173,0.8731260299682617,0.045102983713150024
EN-Alto-2__breathy__technique__Young_And_Beautiful__0003_v1,breathy,1,EN-Alto-2,0.6162922382354736,0.8760226368904114,0.04492327943444252
EN-Alto-2__breathy__technique__Young_And_Beautiful__0003_v2,breathy,2,EN-Alto-2,0.6033211946487427,0.8907063603401184,0.05561342462897301
EN-Alto-2__breathy__technique__Young_And_Beautiful__0004_v0,breathy,0,EN-Alto-2,0.7442375421524048,0.7152096033096313,0.0426328219473362
EN-Alto-2__breathy__technique__Young_And_Beautiful__0004_v1,breathy,1,EN-Alto-2,0.72532719373703,0.7411785125732422,0.05280071124434471
EN-Alto-2__breathy__technique__Young_And_Beautiful__0004_v2,breathy,2,EN-Alto-2,0.691267192363739,0.7857897877693176,0.0845598503947258
EN-Alto-2__breathy__technique__Young_And_Beautiful__0005_v0,breathy,0,EN-Alto-2,0.7449414134025574,0.7142248153686523,0.0467190146446228
EN-Alto-2__breathy__technique__Young_And_Beautiful__0005_v1,breathy,1,EN-Alto-2,0.7331554889678955,0.7305403351783752,0.04405674710869789
EN-Alto-2__breathy__technique__Young_And_Beautiful__0005_v2,breathy,2,EN-Alto-2,0.7025724649429321,0.7712685465812683,0.054109059274196625
EN-Alto-2__glissando__technique__A_Thousand_Years__0000_v0,glissando,0,EN-Alto-2,0.6431004405021667,0.8448663949966431,-0.12529420852661133
EN-Alto-2__glissando__technique__A_Thousand_Years__0000_v1,glissando,1,EN-Alto-2,0.600968599319458,0.8933436274528503,-0.10007280856370926
EN-Alto-2__glissando__technique__A_Thousand_Years__0000_v2,glissando,2,EN-Alto-2,0.6125407814979553,0.8802945017814636,-0.09311442077159882
EN-Alto-2__glissando__technique__A_Thousand_Years__0000_v3,glissando,3,EN-Alto-2,0.6061280965805054,0.8875494003295898,-0.08025937527418137
EN-Alto-2__glissando__technique__A_Thousand_Years__0001_v0,glissando,0,EN-Alto-2,0.7279795408248901,0.7375914454460144,-0.09700681269168854
EN-Alto-2__glissando__technique__A_Thousand_Years__0001_v1,glissando,1,EN-Alto-2,0.711754322052002,0.759270429611206,-0.09790410846471786
EN-Alto-2__glissando__technique__A_Thousand_Years__0001_v2,glissando,2,EN-Alto-2,0.6884326934814453,0.7893888354301453,-0.0688941478729248
EN-Alto-2__glissando__technique__A_Thousand_Years__0001_v3,glissando,3,EN-Alto-2,0.6588599681854248,0.8260024785995483,-0.10606852918863297
EN-Alto-2__glissando__technique__A_Thousand_Years__0002_v0,glissando,0,EN-Alto-2,0.6748733520507812,0.8063828945159912,-0.1306944340467453
EN-Alto-2__glissando__technique__A_Thousand_Years__0002_v1,glissando,1,EN-Alto-2,0.6502217054367065,0.8363950848579407,-0.13932828605175018
EN-Alto-2__glissando__technique__A_Thousand_Years__0002_v2,glissando,2,EN-Alto-2,0.6341212391853333,0.8554283380508423,-0.1370982974767685
EN-Alto-2__glissando__technique__A_Thousand_Years__0002_v3,glissando,3,EN-Alto-2,0.6229679584503174,0.8683686852455139,-0.1252090185880661
EN-Alto-2__glissando__technique__A_Thousand_Years__0003_v0,glissando,0,EN-Alto-2,0.7374346256256104,0.7246590852737427,-0.22328154742717743
EN-Alto-2__glissando__technique__A_Thousand_Years__0003_v1,glissando,1,EN-Alto-2,0.718535304069519,0.7502862215042114,-0.20570804178714752
EN-Alto-2__glissando__technique__A_Thousand_Years__0003_v2,glissando,2,EN-Alto-2,0.7063177824020386,0.7663971781730652,-0.21050149202346802
EN-Alto-2__glissando__technique__A_Thousand_Years__0003_v3,glissando,3,EN-Alto-2,0.6802688837051392,0.7996639013290405,-0.20332932472229004
EN-Alto-2__glissando__technique__A_Thousand_Years__0004_v0,glissando,0,EN-Alto-2,0.631218671798706,0.8588148951530457,-0.19150204956531525
EN-Alto-2__glissando__technique__A_Thousand_Years__0004_v1,glissando,1,EN-Alto-2,0.6073746085166931,0.8861438632011414,-0.17356985807418823
EN-Alto-2__glissando__technique__A_Thousand_Years__0004_v2,glissando,2,EN-Alto-2,0.6089876890182495,0.8843216896057129,-0.17809619009494781
EN-Alto-2__glissando__technique__A_Thousand_Years__0004_v3,glissando,3,EN-Alto-2,0.5777586698532104,0.918957531452179,-0.18500365316867828
EN-Alto-2__glissando__technique__A_Thousand_Years__0005_v0,glissando,0,EN-Alto-2,0.6130010485649109,0.8797716498374939,-0.040964942425489426
EN-Alto-2__glissando__technique__A_Thousand_Years__0005_v1,glissando,1,EN-Alto-2,0.5827397704124451,0.9135209321975708,-0.039506539702415466
EN-Alto-2__glissando__technique__A_Thousand_Years__0005_v2,glissando,2,EN-Alto-2,0.5813694596290588,0.9150198101997375,-0.048491738736629486
EN-Alto-2__glissando__technique__A_Thousand_Years__0005_v3,glissando,3,EN-Alto-2,0.5448837280273438,0.9540611505508423,-0.03428547829389572
EN-Alto-2__glissando__technique__A_Thousand_Years__0006_v0,glissando,0,EN-Alto-2,0.6430625915527344,0.8449112176895142,-0.031064080074429512
EN-Alto-2__glissando__technique__A_Thousand_Years__0006_v1,glissando,1,EN-Alto-2,0.6054794788360596,0.888279914855957,0.0057171727530658245
EN-Alto-2__glissando__technique__A_Thousand_Years__0006_v2,glissando,2,EN-Alto-2,0.5709201693534851,0.9263691902160645,0.0102517269551754
EN-Alto-2__glissando__technique__A_Thousand_Years__0006_v3,glissando,3,EN-Alto-2,0.5288934111595154,0.9706767201423645,-0.0015108301304280758
EN-Alto-2__glissando__technique__A_Thousand_Years__0007_v0,glissando,0,EN-Alto-2,0.6146101951599121,0.8779405355453491,-0.2772374451160431
EN-Alto-2__glissando__technique__A_Thousand_Years__0007_v1,glissando,1,EN-Alto-2,0.6100882291793823,0.8830761909484863,-0.2667807936668396
EN-Alto-2__glissando__technique__A_Thousand_Years__0007_v2,glissando,2,EN-Alto-2,0.5966802835464478,0.8981310725212097,-0.2442295104265213
EN-Alto-2__glissando__technique__A_Thousand_Years__0007_v3,glissando,3,EN-Alto-2,0.5819975733757019,0.914332926273346,-0.242203027009964
EN-Alto-2__glissando__technique__All_of_Me__0000_v0,glissando,0,EN-Alto-2,0.5200390815734863,0.9797560572624207,0.14065423607826233
EN-Alto-2__glissando__technique__All_of_Me__0000_v1,glissando,1,EN-Alto-2,0.4983157813549042,1.0016828775405884,0.15713909268379211
EN-Alto-2__glissando__technique__All_of_Me__0000_v2,glissando,2,EN-Alto-2,0.5047709941864014,0.9952176809310913,0.15530246496200562
EN-Alto-2__glissando__technique__All_of_Me__0000_v3,glissando,3,EN-Alto-2,0.48401379585266113,1.0158604383468628,0.11239413917064667
EN-Alto-2__glissando__technique__All_of_Me__0001_v0,glissando,0,EN-Alto-2,0.5295346975326538,0.970015823841095,0.006801424082368612
EN-Alto-2__glissando__technique__All_of_Me__0001_v1,glissando,1,EN-Alto-2,0.5182255506515503,0.9816052913665771,0.022769251838326454
EN-Alto-2__glissando__technique__All_of_Me__0001_v2,glissando,2,EN-Alto-2,0.5089199542999268,0.9910399913787842,0.032780759036540985
EN-Alto-2__glissando__technique__All_of_Me__0001_v3,glissando,3,EN-Alto-2,0.47602903842926025,1.0236903429031372,0.010460462421178818
EN-Alto-2__glissando__technique__All_of_Me__0002_v0,glissando,0,EN-Alto-2,0.5163552761077881,0.983508825302124,0.08626146614551544
EN-Alto-2__glissando__technique__All_of_Me__0002_v1,glissando,1,EN-Alto-2,0.5247861742973328,0.9748988151550293,0.06870244443416595
EN-Alto-2__glissando__technique__All_of_Me__0002_v2,glissando,2,EN-Alto-2,0.5343223214149475,0.9650676250457764,0.07993225753307343
EN-Alto-2__glissando__technique__All_of_Me__0002_v3,glissando,3,EN-Alto-2,0.5154479146003723,0.9844309687614441,0.0437835268676281
EN-Alto-2__glissando__technique__All_of_Me__0003_v0,glissando,0,EN-Alto-2,0.5475820899009705,0.9512286186218262,-0.018618779256939888
EN-Alto-2__glissando__technique__All_of_Me__0003_v1,glissando,1,EN-Alto-2,0.5407331585884094,0.9584017395973206,-0.01209097821265459
EN-Alto-2__glissando__technique__All_of_Me__0003_v2,glissando,2,EN-Alto-2,0.5308812856674194,0.9686266183853149,-0.00663453433662653
EN-Alto-2__glissando__technique__All_of_Me__0003_v3,glissando,3,EN-Alto-2,0.4990289807319641,1.0009706020355225,-0.02138231322169304
EN-Alto-2__glissando__technique__All_of_Me__0004_v0,glissando,0,EN-Alto-2,0.6331998109817505,0.8565048575401306,-0.05756402760744095
EN-Alto-2__glissando__technique__All_of_Me__0004_v1,glissando,1,EN-Alto-2,0.6405998468399048,0.8478209972381592,-0.06039317697286606
EN-Alto-2__glissando__technique__All_of_Me__0004_v2,glissando,2,EN-Alto-2,0.6320170760154724,0.8578846454620361,-0.05492796003818512
EN-Alto-2__glissando__technique__All_of_Me__0004_v3,glissando,3,EN-Alto-2,0.6174965500831604,0.8746468424797058,-0.08669674396514893
EN-Alto-2__glissando__technique__All_of_Me__0005_v0,glissando,0,EN-Alto-2,0.5672873854637146,0.930282473564148,-0.04400920495390892
EN-Alto-2__glissando__technique__All_of_Me__0005_v1,glissando,1,EN-Alto-2,0.5386718511581421,0.9605500102043152,-0.00993252545595169
EN-Alto-2__glissando__technique__All_of_Me__0005_v2,glissando,2,EN-Alto-2,0.507886528968811,0.9920821189880371,0.003970549441874027
EN-Alto-2__glissando__technique__All_of_Me__0005_v3,glissando,3,EN-Alto-2,0.48432657122612,1.0155525207519531,0.0018968963995575905
EN-Alto-2__glissando__technique__All_of_Me__0006_v0,glissando,0,EN-Alto-2,0.5813953280448914,0.914991557598114,-0.10930309444665909
EN-Alto-2__glissando__technique__All_of_Me__0006_v1,glissando,1,EN-Alto-2,0.5596952438354492,0.9384080171585083,-0.11219308525323868
EN-Alto-2__glissando__technique__All_of_Me__0006_v2,glissando,2,EN-Alto-2,0.5644233822822571,0.9333560466766357,-0.1204635500907898
EN-Alto-2__glissando__technique__All_of_Me__0006_v3,glissando,3,EN-Alto-2,0.550236165523529,0.9484344124794006,-0.11730793118476868
EN-Alto-2__glissando__technique__All_of_Me__0007_v0,glissando,0,EN-Alto-2,0.3993174433708191,1.096068024635315,0.09947758167982101
EN-Alto-2__glissando__technique__All_of_Me__0007_v1,glissando,1,EN-Alto-2,0.4488335847854614,1.0499204397201538,0.11953683197498322
EN-Alto-2__glissando__technique__All_of_Me__0007_v2,glissando,2,EN-Alto-2,0.4382980763912201,1.0599075555801392,0.1115046963095665
EN-Alto-2__glissando__technique__All_of_Me__0007_v3,glissando,3,EN-Alto-2,0.4418540596961975,1.0565471649169922,0.10023408383131027
EN-Alto-2__glissando__technique__All_of_Me__0008_v0,glissando,0,EN-Alto-2,0.6058849096298218,0.8878232836723328,-0.0780877098441124
EN-Alto-2__glissando__technique__All_of_Me__0008_v1,glissando,1,EN-Alto-2,0.5737890601158142,0.9232670068740845,-0.0618705078959465
EN-Alto-2__glissando__technique__All_of_Me__0008_v2,glissando,2,EN-Alto-2,0.5557913780212402,0.9425589442253113,-0.03849388659000397
EN-Alto-2__glissando__technique__All_of_Me__0008_v3,glissando,3,EN-Alto-2,0.5297491550445557,0.9697946906089783,-0.028285806998610497
EN-Alto-2__glissando__technique__All_of_Me__0009_v0,glissando,0,EN-Alto-2,0.46718811988830566,1.0322905778884888,0.14838409423828125
EN-Alto-2__glissando__technique__All_of_Me__0009_v1,glissando,1,EN-Alto-2,0.4774623513221741,1.0222892761230469,0.14520497620105743
EN-Alto-2__glissando__technique__All_of_Me__0009_v2,glissando,2,EN-Alto-2,0.48562806844711304,1.0142701864242554,0.1422233134508133
EN-Alto-2__glissando__technique__All_of_Me__0009_v3,glissando,3,EN-Alto-2,0.464267373085022,1.0351160764694214,0.12260252237319946
EN-Alto-2__glissando__technique__Dream_It_Possible__0000_v0,glissando,0,EN-Alto-2,0.43659093976020813,1.0615168809890747,0.055005256086587906
EN-Alto-2__glissando__technique__Dream_It_Possible__0000_v1,glissando,1,EN-Alto-2,0.42819613218307495,1.0693960189819336,0.07443308085203171
EN-Alto-2__glissando__technique__Dream_It_Possible__0000_v2,glissando,2,EN-Alto-2,0.3771456480026245,1.1161131858825684,0.08873255550861359
EN-Alto-2__glissando__technique__Dream_It_Possible__0000_v3,glissando,3,EN-Alto-2,0.3827727437019348,1.1110601425170898,0.09488550573587418
EN-Alto-2__glissando__technique__Dream_It_Possible__0001_v0,glissando,0,EN-Alto-2,0.5199126601219177,0.9798851013183594,0.08447060734033585
EN-Alto-2__glissando__technique__Dream_It_Possible__0001_v1,glissando,1,EN-Alto-2,0.5046815276145935,0.995307445526123,0.10300111025571823
EN-Alto-2__glissando__technique__Dream_It_Possible__0001_v2,glissando,2,EN-Alto-2,0.4924035370349884,1.0075678825378418,0.10715033859014511
EN-Alto-2__glissando__technique__Dream_It_Possible__0001_v3,glissando,3,EN-Alto-2,0.44348499178886414,1.0550023317337036,0.09879468381404877
EN-Alto-2__glissando__technique__Dream_It_Possible__0002_v0,glissando,0,EN-Alto-2,0.5799036622047424,0.9166203141212463,-0.048122588545084
EN-Alto-2__glissando__technique__Dream_It_Possible__0002_v1,glissando,1,EN-Alto-2,0.5755265355110168,0.9213832020759583,-0.03885434940457344
EN-Alto-2__glissando__technique__Dream_It_Possible__0002_v2,glissando,2,EN-Alto-2,0.530940055847168,0.968565821647644,-0.05297776684165001
EN-Alto-2__glissando__technique__Dream_It_Possible__0002_v3,glissando,3,EN-Alto-2,0.511904239654541,0.9880240559577942,-0.06730909645557404
EN-Alto-2__glissando__technique__Dream_It_Possible__0003_v0,glissando,0,EN-Alto-2,0.6334824562072754,0.8561747670173645,0.03257834166288376
EN-Alto-2__glissando__technique__Dream_It_Possible__0003_v1,glissando,1,EN-Alto-2,0.6118110418319702,0.8811231851577759,0.043045803904533386
EN-Alto-2__glissando__technique__Dream_It_Possible__0003_v2,glissando,2,EN-Alto-2,0.5956207513809204,0.8993099927902222,0.04582186043262482
EN-Alto-2__glissando__technique__Dream_It_Possible__0003_v3,glissando,3,EN-Alto-2,0.5592256784439087,0.9389083385467529,0.022875111550092697
EN-Alto-2__glissando__technique__Dream_It_Possible__0004_v0,glissando,0,EN-Alto-2,0.6475598812103271,0.8395715355873108,0.004998314660042524
EN-Alto-2__glissando__technique__Dream_It_Possible__0004_v1,glissando,1,EN-Alto-2,0.6352072954177856,0.8541576266288757,0.027848994359374046
EN-Alto-2__glissando__technique__Dream_It_Possible__0004_v2,glissando,2,EN-Alto-2,0.6186224818229675,0.8733584880828857,0.015121248550713062
EN-Alto-2__glissando__technique__Dream_It_Possible__0004_v3,glissando,3,EN-Alto-2,0.5793555974960327,0.9172179698944092,-0.021641433238983154
EN-Alto-2__glissando__technique__Dream_It_Possible__0005_v0,glissando,0,EN-Alto-2,0.7052082419395447,0.76784348487854,-0.15315653383731842
EN-Alto-2__glissando__technique__Dream_It_Possible__0005_v1,glissando,1,EN-Alto-2,0.6941635608673096,0.7820952534675598,-0.16417273879051208
EN-Alto-2__glissando__technique__Dream_It_Possible__0005_v2,glissando,2,EN-Alto-2,0.6976625919342041,0.7776084542274475,-0.14534305036067963
EN-Alto-2__glissando__technique__Dream_It_Possible__0005_v3,glissando,3,EN-Alto-2,0.6885628700256348,0.7892240285873413,-0.1306319534778595
EN-Alto-2__glissando__technique__Easy_On_Me__0000_v0,glissando,0,EN-Alto-2,0.49233514070510864,1.0076357126235962,-0.08245320618152618
EN-Alto-2__glissando__technique__Easy_On_Me__0000_v1,glissando,1,EN-Alto-2,0.4974012076854706,1.0025955438613892,-0.09247498959302902
EN-Alto-2__glissando__technique__Easy_On_Me__0000_v2,glissando,2,EN-Alto-2,0.4726678133010864,1.0269685983657837,-0.08062000572681427
EN-Alto-2__glissando__technique__Easy_On_Me__0000_v3,glissando,3,EN-Alto-2,0.47716477513313293,1.0225803852081299,-0.07649427652359009
EN-Alto-2__glissando__technique__Easy_On_Me__0001_v0,glissando,0,EN-Alto-2,0.5469480752944946,0.9518949389457703,-0.2111276388168335
EN-Alto-2__glissando__technique__Easy_On_Me__0001_v1,glissando,1,EN-Alto-2,0.512929379940033,0.9869859218597412,-0.21578143537044525
EN-Alto-2__glissando__technique__Easy_On_Me__0001_v2,glissando,2,EN-Alto-2,0.5213441252708435,0.9784231185913086,-0.21260933578014374
EN-Alto-2__glissando__technique__Easy_On_Me__0001_v3,glissando,3,EN-Alto-2,0.5089037418365479,0.9910562634468079,-0.22598625719547272
EN-Alto-2__glissando__technique__Easy_On_Me__0002_v0,glissando,0,EN-Alto-2,0.5802491903305054,0.9162432551383972,-0.05555329471826553
EN-Alto-2__glissando__technique__Easy_On_Me__0002_v1,glissando,1,EN-Alto-2,0.6034154891967773,0.8906003832817078,-0.05164110288023949
EN-Alto-2__glissando__technique__Easy_On_Me__0002_v2,glissando,2,EN-Alto-2,0.6082070469856262,0.8852039575576782,-0.04558536782860756
EN-Alto-2__glissando__technique__Easy_On_Me__0002_v3,glissando,3,EN-Alto-2,0.5957070589065552,0.8992141485214233,-0.093258336186409
EN-Alto-2__glissando__technique__Easy_On_Me__0003_v0,glissando,0,EN-Alto-2,0.6629258394241333,0.821065366268158,-0.31691429018974304
EN-Alto-2__glissando__technique__Easy_On_Me__0003_v1,glissando,1,EN-Alto-2,0.6353880763053894,0.8539460897445679,-0.2968141734600067
EN-Alto-2__glissando__technique__Easy_On_Me__0003_v2,glissando,2,EN-Alto-2,0.6228561997413635,0.868497371673584,-0.30305394530296326
EN-Alto-2__glissando__technique__Easy_On_Me__0003_v3,glissando,3,EN-Alto-2,0.636204183101654,0.852989912033081,-0.3091607689857483
EN-Alto-2__glissando__technique__Fly_Me_to_the_Moon__0000_v0,glissando,0,EN-Alto-2,0.44444310665130615,1.0540939569473267,-0.1626102179288864
EN-Alto-2__glissando__technique__Fly_Me_to_the_Moon__0000_v1,glissando,1,EN-Alto-2,0.42708244919776917,1.070436954498291,-0.1561424285173416
EN-Alto-2__glissando__technique__Fly_Me_to_the_Moon__0000_v2,glissando,2,EN-Alto-2,0.4119839668273926,1.084450125694275,-0.15327367186546326
EN-Alto-2__glissando__technique__Fly_Me_to_the_Moon__0000_v3,glissando,3,EN-Alto-2,0.3807522654533386,1.1128771305084229,-0.14452897012233734
EN-Alto-2__glissando__technique__Fly_Me_to_the_Moon__0001_v0,glissando,0,EN-Alto-2,0.3204580247402191,1.1657975912094116,-0.020909518003463745
EN-Alto-2__glissando__technique__Fly_Me_to_the_Moon__0001_v1,glissando,1,EN-Alto-2,0.35867607593536377,1.1325404644012451,-0.022072508931159973
EN-Alto-2__glissando__technique__Fly_Me_to_the_Moon__0001_v2,glissando,2,EN-Alto-2,0.3820623755455017,1.1116992235183716,-0.006222668569535017
EN-Alto-2__glissando__technique__Fly_Me_to_the_Moon__0001_v3,glissando,3,EN-Alto-2,0.3822603225708008,1.1115212440490723,-0.00573792913928628
EN-Alto-2__glissando__technique__Fly_Me_to_the_Moon__0002_v0,glissando,0,EN-Alto-2,0.47923731803894043,1.0205514430999756,-0.045671917498111725
EN-Alto-2__glissando__technique__Fly_Me_to_the_Moon__0002_v1,glissando,1,EN-Alto-2,0.4772798717021942,1.0224677324295044,-0.04237186536192894
EN-Alto-2__glissando__technique__Fly_Me_to_the_Moon__0002_v2,glissando,2,EN-Alto-2,0.48125964403152466,1.0185680389404297,-0.0499066486954689
EN-Alto-2__glissando__technique__Fly_Me_to_the_Moon__0002_v3,glissando,3,EN-Alto-2,0.4631875455379486,1.0361586809158325,-0.05315279960632324
EN-Alto-2__glissando__technique__Fly_Me_to_the_Moon__0003_v0,glissando,0,EN-Alto-2,0.4745069444179535,1.0251761674880981,-0.1339966356754303
EN-Alto-2__glissando__technique__Fly_Me_to_the_Moon__0003_v1,glissando,1,EN-Alto-2,0.4516826272010803,1.0472034215927124,-0.1388421207666397
EN-Alto-2__glissando__technique__Fly_Me_to_the_Moon__0003_v2,glissando,2,EN-Alto-2,0.4515054523944855,1.047372579574585,-0.14019358158111572
EN-Alto-2__glissando__technique__Fly_Me_to_the_Moon__0003_v3,glissando,3,EN-Alto-2,0.4310537576675415,1.0667206048965454,-0.1335824877023697
EN-Alto-2__glissando__technique__Fly_Me_to_the_Moon__0004_v0,glissando,0,EN-Alto-2,0.6078920960426331,0.8855596780776978,-0.10415509343147278
EN-Alto-2__glissando__technique__Fly_Me_to_the_Moon__0004_v1,glissando,1,EN-Alto-2,0.5934784412384033,0.9016891121864319,-0.06055644527077675
EN-Alto-2__glissando__technique__Fly_Me_to_the_Moon__0004_v2,glissando,2,EN-Alto-2,0.5839564204216003,0.9121881127357483,-0.06277195364236832
EN-Alto-2__glissando__technique__Fly_Me_to_the_Moon__0004_v3,glissando,3,EN-Alto-2,0.5659627318382263,0.9317052960395813,-0.06140501797199249
EN-Alto-2__glissando__technique__Fly_Me_to_the_Moon__0005_v0,glissando,0,EN-Alto-2,0.5915224552154541,0.9038557410240173,-0.29609164595603943
EN-Alto-2__glissando__technique__Fly_Me_to_the_Moon__0005_v1,glissando,1,EN-Alto-2,0.575056254863739,0.9218934774398804,-0.29784631729125977
EN-Alto-2__glissando__technique__Fly_Me_to_the_Moon__0005_v2,glissando,2,EN-Alto-2,0.5673855543136597,0.930176854133606,-0.2929486632347107
EN-Alto-2__glissando__technique__Fly_Me_to_the_Moon__0005_v3,glissando,3,EN-Alto-2,0.5305494070053101,0.9689692258834839,-0.2996026575565338
EN-Alto-2__glissando__technique__Love_Me_Like_You_Do__0000_v0,glissando,0,EN-Alto-2,0.442749559879303,1.0556992292404175,0.17434874176979065
EN-Alto-2__glissando__technique__Love_Me_Like_You_Do__0000_v1,glissando,1,EN-Alto-2,0.43772149085998535,1.0604512691497803,0.17768599092960358
EN-Alto-2__glissando__technique__Love_Me_Like_You_Do__0000_v2,glissando,2,EN-Alto-2,0.4314040541648865,1.0663920640945435,0.1781758964061737
EN-Alto-2__glissando__technique__Love_Me_Like_You_Do__0000_v3,glissando,3,EN-Alto-2,0.40169695019721985,1.0938949584960938,0.14852170646190643
EN-Alto-2__glissando__technique__Love_Me_Like_You_Do__0001_v0,glissando,0,EN-Alto-2,0.4327181279659271,1.0651590824127197,0.0395074300467968
EN-Alto-2__glissando__technique__Love_Me_Like_You_Do__0001_v1,glissando,1,EN-Alto-2,0.43156078457832336,1.0662450790405273,0.03991257771849632
EN-Alto-2__glissando__technique__Love_Me_Like_You_Do__0001_v2,glissando,2,EN-Alto-2,0.42605358362197876,1.0713976621627808,0.04723517596721649
EN-Alto-2__glissando__technique__Love_Me_Like_You_Do__0001_v3,glissando,3,EN-Alto-2,0.37123364210128784,1.1213977336883545,0.05530967935919762
EN-Alto-2__glissando__technique__Love_Me_Like_You_Do__0002_v0,glissando,0,EN-Alto-2,0.5162141919136047,0.9836522340774536,-0.008520776405930519
EN-Alto-2__glissando__technique__Love_Me_Like_You_Do__0002_v1,glissando,1,EN-Alto-2,0.4975038766860962,1.0024930238723755,-0.017084816470742226
EN-Alto-2__glissando__technique__Love_Me_Like_You_Do__0002_v2,glissando,2,EN-Alto-2,0.5021183490753174,0.9978795051574707,0.0013505957322195172
EN-Alto-2__glissando__technique__Love_Me_Like_You_Do__0002_v3,glissando,3,EN-Alto-2,0.4720974564552307,1.0275238752365112,-0.02865643985569477
EN-Alto-2__glissando__technique__Love_Me_Like_You_Do__0003_v0,glissando,0,EN-Alto-2,0.534328818321228,0.9650608897209167,-0.19605861604213715
EN-Alto-2__glissando__technique__Love_Me_Like_You_Do__0003_v1,glissando,1,EN-Alto-2,0.5390645861625671,0.960141122341156,-0.18370838463306427
EN-Alto-2__glissando__technique__Love_Me_Like_You_Do__0003_v2,glissando,2,EN-Alto-2,0.5389969348907471,0.9602115750312805,-0.18633033335208893
EN-Alto-2__glissando__technique__Love_Me_Like_You_Do__0003_v3,glissando,3,EN-Alto-2,0.5442367196083069,0.9547390341758728,-0.17634572088718414
EN-Alto-2__glissando__technique__Love_Me_Like_You_Do__0004_v0,glissando,0,EN-Alto-2,0.5136736035346985,0.9862317442893982,0.06531573832035065
EN-Alto-2__glissando__technique__Love_Me_Like_You_Do__0004_v1,glissando,1,EN-Alto-2,0.5094441175460815,0.990510880947113,0.06998465210199356
EN-Alto-2__glissando__technique__Love_Me_Like_You_Do__0004_v2,glissando,2,EN-Alto-2,0.5137551426887512,0.98614901304245,0.08783117681741714
EN-Alto-2__glissando__technique__Love_Me_Like_You_Do__0004_v3,glissando,3,EN-Alto-2,0.48808079957962036,1.011849045753479,0.04068249836564064
EN-Alto-2__glissando__technique__Love_Me_Like_You_Do__0005_v0,glissando,0,EN-Alto-2,0.4699190855026245,1.0296416282653809,-0.010723564773797989
EN-Alto-2__glissando__technique__Love_Me_Like_You_Do__0005_v1,glissando,1,EN-Alto-2,0.46413862705230713,1.0352404117584229,0.0035502605605870485
EN-Alto-2__glissando__technique__Love_Me_Like_You_Do__0005_v2,glissando,2,EN-Alto-2,0.4276578426361084,1.0698992013931274,0.019469833001494408
EN-Alto-2__glissando__technique__Love_Me_Like_You_Do__0005_v3,glissando,3,EN-Alto-2,0.4270631670951843,1.0704548358917236,0.01166885532438755
EN-Alto-2__glissando__technique__Love_Me_Like_You_Do__0006_v0,glissando,0,EN-Alto-2,0.4609740078449249,1.0382928848266602,0.08642420172691345
EN-Alto-2__glissando__technique__Love_Me_Like_You_Do__0006_v1,glissando,1,EN-Alto-2,0.4636526107788086,1.0357097387313843,0.08232154697179794
EN-Alto-2__glissando__technique__Love_Me_Like_You_Do__0006_v2,glissando,2,EN-Alto-2,0.4665300250053406,1.0329278707504272,0.10049600154161453
EN-Alto-2__glissando__technique__Love_Me_Like_You_Do__0006_v3,glissando,3,EN-Alto-2,0.4353353977203369,1.0626990795135498,0.07896555960178375
EN-Alto-2__glissando__technique__Love_Me_Like_You_Do__0007_v0,glissando,0,EN-Alto-2,0.4924803674221039,1.0074917078018188,-0.08576436340808868
EN-Alto-2__glissando__technique__Love_Me_Like_You_Do__0007_v1,glissando,1,EN-Alto-2,0.5027657151222229,0.9972305297851562,-0.05071137845516205
EN-Alto-2__glissando__technique__Love_Me_Like_You_Do__0007_v2,glissando,2,EN-Alto-2,0.48117613792419434,1.0186500549316406,-0.05059216916561127
EN-Alto-2__glissando__technique__Love_Me_Like_You_Do__0007_v3,glissando,3,EN-Alto-2,0.4658997356891632,1.0335379838943481,-0.06312099099159241
EN-Alto-2__glissando__technique__Love_Me_Like_You_Do__0008_v0,glissando,0,EN-Alto-2,0.6449701189994812,0.8426505327224731,-0.2394707351922989
EN-Alto-2__glissando__technique__Love_Me_Like_You_Do__0008_v1,glissando,1,EN-Alto-2,0.6428366303443909,0.8451786637306213,-0.22413183748722076
EN-Alto-2__glissando__technique__Love_Me_Like_You_Do__0008_v2,glissando,2,EN-Alto-2,0.6312888264656067,0.8587329983711243,-0.23994415998458862
EN-Alto-2__glissando__technique__Love_Me_Like_You_Do__0008_v3,glissando,3,EN-Alto-2,0.6382201910018921,0.8506231307983398,-0.24135251343250275
EN-Alto-2__glissando__technique__Love_Me_Like_You_Do__0009_v0,glissando,0,EN-Alto-2,0.7400627136230469,0.7210232615470886,-0.3132743537425995
EN-Alto-2__glissando__technique__Love_Me_Like_You_Do__0009_v1,glissando,1,EN-Alto-2,0.7419572472572327,0.7183910012245178,-0.22183634340763092
EN-Alto-2__glissando__technique__Love_Me_Like_You_Do__0009_v2,glissando,2,EN-Alto-2,0.7369210124015808,0.725367546081543,-0.22166088223457336
EN-Alto-2__glissando__technique__Love_Me_Like_You_Do__0009_v3,glissando,3,EN-Alto-2,0.7461267113685608,0.7125635743141174,-0.2807493507862091
EN-Alto-2__glissando__technique__Love_Story__0000_v0,glissando,0,EN-Alto-2,0.6647284030914307,0.8188671469688416,-0.27139633893966675
EN-Alto-2__glissando__technique__Love_Story__0000_v1,glissando,1,EN-Alto-2,0.6778672337532043,0.802661657333374,-0.2682529389858246
EN-Alto-2__glissando__technique__Love_Story__0000_v2,glissando,2,EN-Alto-2,0.6762146949768066,0.8047178983688354,-0.2662169635295868
EN-Alto-2__glissando__technique__Love_Story__0000_v3,glissando,3,EN-Alto-2,0.6639021039009094,0.8198755383491516,-0.28251051902770996
EN-Alto-2__glissando__technique__Love_Story__0001_v0,glissando,0,EN-Alto-2,0.5631847977638245,0.9346820712089539,0.01782834902405739
EN-Alto-2__glissando__technique__Love_Story__0001_v1,glissando,1,EN-Alto-2,0.5692756772041321,0.9281427264213562,0.03895048424601555
EN-Alto-2__glissando__technique__Love_Story__0001_v2,glissando,2,EN-Alto-2,0.5853179097175598,0.910694420337677,0.03317799046635628
EN-Alto-2__glissando__technique__Love_Story__0001_v3,glissando,3,EN-Alto-2,0.5608327388763428,0.9371950030326843,-0.003285597776994109
EN-Alto-2__glissando__technique__Love_Story__0002_v0,glissando,0,EN-Alto-2,0.6557281017303467,0.8297854661941528,-0.11916609108448029
EN-Alto-2__glissando__technique__Love_Story__0002_v1,glissando,1,EN-Alto-2,0.6548442840576172,0.830849826335907,-0.11482889205217361
EN-Alto-2__glissando__technique__Love_Story__0002_v2,glissando,2,EN-Alto-2,0.6599403023719788,0.8246935606002808,-0.11846502870321274
EN-Alto-2__glissando__technique__Love_Story__0002_v3,glissando,3,EN-Alto-2,0.6492939591407776,0.8375036120414734,-0.1197923943400383
EN-Alto-2__glissando__technique__Love_Story__0003_v0,glissando,0,EN-Alto-2,0.6389650702476501,0.8497469425201416,-0.19822098314762115
EN-Alto-2__glissando__technique__Love_Story__0003_v1,glissando,1,EN-Alto-2,0.6344385743141174,0.8550572395324707,-0.20237022638320923
EN-Alto-2__glissando__technique__Love_Story__0003_v2,glissando,2,EN-Alto-2,0.6162328720092773,0.8760903477668762,-0.20326274633407593
EN-Alto-2__glissando__technique__Love_Story__0003_v3,glissando,3,EN-Alto-2,0.6143441200256348,0.8782435655593872,-0.2123231738805771
EN-Alto-2__glissando__technique__Love_Story__0004_v0,glissando,0,EN-Alto-2,0.5208523273468018,0.9789255857467651,-0.16484671831130981
EN-Alto-2__glissando__technique__Love_Story__0004_v1,glissando,1,EN-Alto-2,0.5205268263816833,0.9792580604553223,-0.16200602054595947
EN-Alto-2__glissando__technique__Love_Story__0004_v2,glissando,2,EN-Alto-2,0.5254027843475342,0.9742661714553833,-0.15214680135250092
EN-Alto-2__glissando__technique__Love_Story__0004_v3,glissando,3,EN-Alto-2,0.48301711678504944,1.0168410539627075,-0.17880739271640778
EN-Alto-2__glissando__technique__Love_Story__0005_v0,glissando,0,EN-Alto-2,0.6431358456611633,0.8448244333267212,-0.07293805480003357
EN-Alto-2__glissando__technique__Love_Story__0005_v1,glissando,1,EN-Alto-2,0.650146484375,0.836484968662262,-0.06249671056866646
EN-Alto-2__glissando__technique__Love_Story__0005_v2,glissando,2,EN-Alto-2,0.659101665019989,0.8257098197937012,-0.06537333130836487
EN-Alto-2__glissando__technique__Love_Story__0005_v3,glissando,3,EN-Alto-2,0.63700932264328,0.852045476436615,-0.07303927093744278
EN-Alto-2__glissando__technique__My_Heart_Will_Go_On__0000_v0,glissando,0,EN-Alto-2,0.5489182472229004,0.9498229026794434,-0.23341971635818481
EN-Alto-2__glissando__technique__My_Heart_Will_Go_On__0000_v1,glissando,1,EN-Alto-2,0.5088179707527161,0.9911428689956665,-0.2332170456647873
EN-Alto-2__glissando__technique__My_Heart_Will_Go_On__0000_v2,glissando,2,EN-Alto-2,0.5164299607276917,0.9834328889846802,-0.23579281568527222
EN-Alto-2__glissando__technique__My_Heart_Will_Go_On__0000_v3,glissando,3,EN-Alto-2,0.46948951482772827,1.030058741569519,-0.2588924467563629
EN-Alto-2__glissando__technique__My_Heart_Will_Go_On__0001_v0,glissando,0,EN-Alto-2,0.7285826206207275,0.7367733120918274,-0.28276482224464417
EN-Alto-2__glissando__technique__My_Heart_Will_Go_On__0001_v1,glissando,1,EN-Alto-2,0.7212585210800171,0.7466478943824768,-0.2678435742855072
EN-Alto-2__glissando__technique__My_Heart_Will_Go_On__0001_v2,glissando,2,EN-Alto-2,0.715166449546814,0.7547630071640015,-0.2604488432407379
EN-Alto-2__glissando__technique__My_Heart_Will_Go_On__0001_v3,glissando,3,EN-Alto-2,0.7034518718719482,0.7701275944709778,-0.2625446915626526
EN-Alto-2__glissando__technique__My_Heart_Will_Go_On__0002_v0,glissando,0,EN-Alto-2,0.6308606863021851,0.8592316508293152,-0.0482478067278862
EN-Alto-2__glissando__technique__My_Heart_Will_Go_On__0002_v1,glissando,1,EN-Alto-2,0.6318825483322144,0.8580414652824402,-0.016233107075095177
EN-Alto-2__glissando__technique__My_Heart_Will_Go_On__0002_v2,glissando,2,EN-Alto-2,0.6358835697174072,0.8533657193183899,-0.010284180752933025
EN-Alto-2__glissando__technique__My_Heart_Will_Go_On__0002_v3,glissando,3,EN-Alto-2,0.6425556540489197,0.8455110192298889,-0.040302056819200516
EN-Alto-2__glissando__technique__My_Heart_Will_Go_On__0003_v0,glissando,0,EN-Alto-2,0.6254962086677551,0.865452229976654,-0.14720101654529572
EN-Alto-2__glissando__technique__My_Heart_Will_Go_On__0003_v1,glissando,1,EN-Alto-2,0.5512188673019409,0.947397768497467,-0.14074869453907013
EN-Alto-2__glissando__technique__My_Heart_Will_Go_On__0003_v2,glissando,2,EN-Alto-2,0.5613634586334229,0.9366286993026733,-0.13583223521709442
EN-Alto-2__glissando__technique__My_Heart_Will_Go_On__0003_v3,glissando,3,EN-Alto-2,0.5354616641998291,0.9638863205909729,-0.17352600395679474
EN-Alto-2__glissando__technique__My_Heart_Will_Go_On__0004_v0,glissando,0,EN-Alto-2,0.6703828573226929,0.8119325637817383,-0.14614945650100708
EN-Alto-2__glissando__technique__My_Heart_Will_Go_On__0004_v1,glissando,1,EN-Alto-2,0.659315824508667,0.8254504799842834,-0.12832209467887878
EN-Alto-2__glissando__technique__My_Heart_Will_Go_On__0004_v2,glissando,2,EN-Alto-2,0.6255949139595032,0.8653382658958435,-0.11817970871925354
EN-Alto-2__glissando__technique__My_Heart_Will_Go_On__0004_v3,glissando,3,EN-Alto-2,0.6113104820251465,0.8816910982131958,-0.11979897320270538
EN-Alto-2__glissando__technique__My_Heart_Will_Go_On__0005_v0,glissando,0,EN-Alto-2,0.7226385474205017,0.7447972297668457,-0.13474811613559723
EN-Alto-2__glissando__technique__My_Heart_Will_Go_On__0005_v1,glissando,1,EN-Alto-2,0.6959705948829651,0.7797813415527344,-0.12963567674160004
EN-Alto-2__glissando__technique__My_Heart_Will_Go_On__0005_v2,glissando,2,EN-Alto-2,0.6501421928405762,0.8364899754524231,-0.09496840834617615
EN-Alto-2__glissando__technique__My_Heart_Will_Go_On__0005_v3,glissando,3,EN-Alto-2,0.5906899571418762,0.9047763347625732,-0.06759492307901382
EN-Alto-2__glissando__technique__My_Heart_Will_Go_On__0006_v0,glissando,0,EN-Alto-2,0.7045391201972961,0.768714427947998,-0.1465734839439392
EN-Alto-2__glissando__technique__My_Heart_Will_Go_On__0006_v1,glissando,1,EN-Alto-2,0.69056236743927,0.7866864204406738,-0.15518949925899506
EN-Alto-2__glissando__technique__My_Heart_Will_Go_On__0006_v2,glissando,2,EN-Alto-2,0.6704782247543335,0.8118150234222412,-0.16179361939430237
EN-Alto-2__glissando__technique__My_Heart_Will_Go_On__0006_v3,glissando,3,EN-Alto-2,0.6201304197311401,0.8716302514076233,-0.17337842285633087
EN-Alto-2__glissando__technique__My_Heart_Will_Go_On__0007_v0,glissando,0,EN-Alto-2,0.6301871538162231,0.8600149154663086,-0.2644866108894348
EN-Alto-2__glissando__technique__My_Heart_Will_Go_On__0007_v1,glissando,1,EN-Alto-2,0.5777971744537354,0.9189154505729675,-0.25331857800483704
EN-Alto-2__glissando__technique__My_Heart_Will_Go_On__0007_v2,glissando,2,EN-Alto-2,0.5652523636817932,0.9324673414230347,-0.22777412831783295
EN-Alto-2__glissando__technique__My_Heart_Will_Go_On__0007_v3,glissando,3,EN-Alto-2,0.5113860368728638,0.9885483384132385,-0.20814840495586395
EN-Alto-2__glissando__technique__My_Heart_Will_Go_On__0008_v0,glissando,0,EN-Alto-2,0.6321625113487244,0.8577151298522949,-0.19852805137634277
EN-Alto-2__glissando__technique__My_Heart_Will_Go_On__0008_v1,glissando,1,EN-Alto-2,0.6204296350479126,0.8712868690490723,-0.20120836794376373
EN-Alto-2__glissando__technique__My_Heart_Will_Go_On__0008_v2,glissando,2,EN-Alto-2,0.6335175037384033,0.856133759021759,-0.21589036285877228
EN-Alto-2__glissando__technique__My_Heart_Will_Go_On__0008_v3,glissando,3,EN-Alto-2,0.6168943643569946,0.8753349184989929,-0.2613239586353302
EN-Alto-2__glissando__technique__My_Heart_Will_Go_On__0009_v0,glissando,0,EN-Alto-2,0.6633108258247375,0.8205963969230652,-0.1448683738708496
EN-Alto-2__glissando__technique__My_Heart_Will_Go_On__0009_v1,glissando,1,EN-Alto-2,0.6502578258514404,0.8363519310951233,-0.1583293378353119
EN-Alto-2__glissando__technique__My_Heart_Will_Go_On__0009_v2,glissando,2,EN-Alto-2,0.6563354730606079,0.8290531635284424,-0.16134849190711975
EN-Alto-2__glissando__technique__My_Heart_Will_Go_On__0009_v3,glissando,3,EN-Alto-2,0.605626106262207,0.8881148099899292,-0.1790841817855835
EN-Alto-2__glissando__technique__My_Heart_Will_Go_On__0010_v0,glissando,0,EN-Alto-2,0.7044074535369873,0.7688857913017273,-0.21591173112392426
EN-Alto-2__glissando__technique__My_Heart_Will_Go_On__0010_v1,glissando,1,EN-Alto-2,0.6906728744506836,0.7865458726882935,-0.1943545639514923
EN-Alto-2__glissando__technique__My_Heart_Will_Go_On__0010_v2,glissando,2,EN-Alto-2,0.6813384294509888,0.7983253598213196,-0.17594891786575317
EN-Alto-2__glissando__technique__My_Heart_Will_Go_On__0010_v3,glissando,3,EN-Alto-2,0.6552435755729675,0.830369234085083,-0.19430387020111084
EN-Alto-2__glissando__technique__My_Love__0000_v0,glissando,0,EN-Alto-2,0.33911824226379395,1.1496797800064087,0.07884956896305084
EN-Alto-2__glissando__technique__My_Love__0000_v1,glissando,1,EN-Alto-2,0.33376163244247437,1.1543296575546265,0.0854477509856224
EN-Alto-2__glissando__technique__My_Love__0000_v2,glissando,2,EN-Alto-2,0.2753855884075165,1.2038391828536987,0.09913106262683868
EN-Alto-2__glissando__technique__My_Love__0000_v3,glissando,3,EN-Alto-2,0.2826744616031647,1.197769284248352,0.0761306881904602
EN-Alto-2__glissando__technique__My_Love__0001_v0,glissando,0,EN-Alto-2,0.5129349231719971,0.9869804382324219,0.089351125061512
EN-Alto-2__glissando__technique__My_Love__0001_v1,glissando,1,EN-Alto-2,0.5052903294563293,0.9946956634521484,0.10222276300191879
EN-Alto-2__glissando__technique__My_Love__0001_v2,glissando,2,EN-Alto-2,0.48174354434013367,1.0180928707122803,0.09278340637683868
EN-Alto-2__glissando__technique__My_Love__0001_v3,glissando,3,EN-Alto-2,0.4529362916946411,1.0460056066513062,0.07781588286161423
EN-Alto-2__glissando__technique__My_Love__0002_v0,glissando,0,EN-Alto-2,0.5737577676773071,0.9233008027076721,0.05427167937159538
EN-Alto-2__glissando__technique__My_Love__0002_v1,glissando,1,EN-Alto-2,0.566775918006897,0.9308319091796875,0.04793053865432739
EN-Alto-2__glissando__technique__My_Love__0002_v2,glissando,2,EN-Alto-2,0.5483083128929138,0.9504648447036743,0.041811052709817886
EN-Alto-2__glissando__technique__My_Love__0002_v3,glissando,3,EN-Alto-2,0.5248832702636719,0.9747992157936096,0.04352959245443344
EN-Alto-2__glissando__technique__My_Love__0003_v0,glissando,0,EN-Alto-2,0.6277994513511658,0.8627868294715881,-0.1508854776620865
EN-Alto-2__glissando__technique__My_Love__0003_v1,glissando,1,EN-Alto-2,0.6002950072288513,0.8940973877906799,-0.1489621251821518
EN-Alto-2__glissando__technique__My_Love__0003_v2,glissando,2,EN-Alto-2,0.5933761596679688,0.9018025398254395,-0.14362695813179016
EN-Alto-2__glissando__technique__My_Love__0003_v3,glissando,3,EN-Alto-2,0.548382580280304,0.9503867030143738,-0.15520566701889038
EN-Alto-2__glissando__technique__My_Love__0004_v0,glissando,0,EN-Alto-2,0.4690406322479248,1.0304944515228271,0.1398489624261856
EN-Alto-2__glissando__technique__My_Love__0004_v1,glissando,1,EN-Alto-2,0.48747891187667847,1.0124436616897583,0.14906683564186096
EN-Alto-2__glissando__technique__My_Love__0004_v2,glissando,2,EN-Alto-2,0.48731672763824463,1.0126038789749146,0.14707981050014496
EN-Alto-2__glissando__technique__My_Love__0004_v3,glissando,3,EN-Alto-2,0.49157217144966125,1.0083926916122437,0.11715301871299744
EN-Alto-2__glissando__technique__My_Love__0005_v0,glissando,0,EN-Alto-2,0.6336430311203003,0.8559872508049011,0.04497259482741356
EN-Alto-2__glissando__technique__My_Love__0005_v1,glissando,1,EN-Alto-2,0.6285342574119568,0.8619349002838135,0.036234430968761444
EN-Alto-2__glissando__technique__My_Love__0005_v2,glissando,2,EN-Alto-2,0.6137402653694153,0.878930926322937,0.04671483486890793
EN-Alto-2__glissando__technique__My_Love__0005_v3,glissando,3,EN-Alto-2,0.6039612293243408,0.8899874687194824,0.016859740018844604
EN-Alto-2__glissando__technique__My_Love__0006_v0,glissando,0,EN-Alto-2,0.6688976287841797,0.8137596249580383,-0.09771706163883209
EN-Alto-2__glissando__technique__My_Love__0006_v1,glissando,1,EN-Alto-2,0.6483007073402405,0.8386886715888977,-0.07418568432331085
EN-Alto-2__glissando__technique__My_Love__0006_v2,glissando,2,EN-Alto-2,0.6319735646247864,0.8579353094100952,-0.07359220832586288
EN-Alto-2__glissando__technique__My_Love__0006_v3,glissando,3,EN-Alto-2,0.5992093682289124,0.8953107595443726,-0.09480384737253189
EN-Alto-2__glissando__technique__Safe_and_Sound__0000_v0,glissando,0,EN-Alto-2,0.6072812080383301,0.8862491846084595,-0.221748948097229
EN-Alto-2__glissando__technique__Safe_and_Sound__0000_v1,glissando,1,EN-Alto-2,0.5653578639030457,0.9323542714118958,-0.2038590908050537
EN-Alto-2__glissando__technique__Safe_and_Sound__0000_v2,glissando,2,EN-Alto-2,0.5524837374687195,0.9460616111755371,-0.19637587666511536
EN-Alto-2__glissando__technique__Safe_and_Sound__0000_v3,glissando,3,EN-Alto-2,0.5207145810127258,0.9790663123130798,-0.19830703735351562
EN-Alto-2__glissando__technique__Safe_and_Sound__0001_v0,glissando,0,EN-Alto-2,0.6785391569137573,0.8018240332603455,-0.09740351885557175
EN-Alto-2__glissando__technique__Safe_and_Sound__0001_v1,glissando,1,EN-Alto-2,0.6609628200531006,0.8234527707099915,-0.0963236391544342
EN-Alto-2__glissando__technique__Safe_and_Sound__0001_v2,glissando,2,EN-Alto-2,0.6552424430847168,0.8303704857826233,-0.10010569542646408
EN-Alto-2__glissando__technique__Safe_and_Sound__0001_v3,glissando,3,EN-Alto-2,0.6289283633232117,0.8614774346351624,-0.10640323907136917
EN-Alto-2__glissando__technique__Safe_and_Sound__0002_v0,glissando,0,EN-Alto-2,0.5546219348907471,0.943798840045929,-0.3157675862312317
EN-Alto-2__glissando__technique__Safe_and_Sound__0002_v1,glissando,1,EN-Alto-2,0.5322728157043457,0.9671889543533325,-0.32262060046195984
EN-Alto-2__glissando__technique__Safe_and_Sound__0002_v2,glissando,2,EN-Alto-2,0.5163419246673584,0.9835224151611328,-0.33355581760406494
EN-Alto-2__glissando__technique__Safe_and_Sound__0002_v3,glissando,3,EN-Alto-2,0.4912331700325012,1.0087288618087769,-0.3434704542160034
EN-Alto-2__glissando__technique__Safe_and_Sound__0003_v0,glissando,0,EN-Alto-2,0.6450123190879822,0.842600405216217,-0.2676500380039215
EN-Alto-2__glissando__technique__Safe_and_Sound__0003_v1,glissando,1,EN-Alto-2,0.6282051205635071,0.8623165488243103,-0.265185683965683
EN-Alto-2__glissando__technique__Safe_and_Sound__0003_v2,glissando,2,EN-Alto-2,0.6171236038208008,0.8750730752944946,-0.2654627859592438
EN-Alto-2__glissando__technique__Safe_and_Sound__0003_v3,glissando,3,EN-Alto-2,0.5924204587936401,0.9028616547584534,-0.25444233417510986
EN-Alto-2__glissando__technique__Safe_and_Sound__0004_v0,glissando,0,EN-Alto-2,0.5675209760665894,0.9300313591957092,-0.2552237808704376
EN-Alto-2__glissando__technique__Safe_and_Sound__0004_v1,glissando,1,EN-Alto-2,0.5229566693305969,0.9767736196517944,-0.24514801800251007
EN-Alto-2__glissando__technique__Safe_and_Sound__0004_v2,glissando,2,EN-Alto-2,0.5106656551361084,0.9892768859863281,-0.2367452085018158
EN-Alto-2__glissando__technique__Safe_and_Sound__0004_v3,glissando,3,EN-Alto-2,0.44414111971855164,1.0543804168701172,-0.2423076629638672
EN-Alto-2__glissando__technique__Safe_and_Sound__0005_v0,glissando,0,EN-Alto-2,0.4526629149913788,1.0462669134140015,-0.2872270941734314
EN-Alto-2__glissando__technique__Safe_and_Sound__0005_v1,glissando,1,EN-Alto-2,0.44035279750823975,1.0579670667648315,-0.28395071625709534
EN-Alto-2__glissando__technique__Safe_and_Sound__0005_v2,glissando,2,EN-Alto-2,0.4146101474761963,1.0820257663726807,-0.2798973023891449
EN-Alto-2__glissando__technique__Safe_and_Sound__0005_v3,glissando,3,EN-Alto-2,0.40356364846229553,1.0921871662139893,-0.27064090967178345
EN-Alto-2__glissando__technique__Safe_and_Sound__0006_v0,glissando,0,EN-Alto-2,0.6509174704551697,0.8355627059936523,-0.22584789991378784
EN-Alto-2__glissando__technique__Safe_and_Sound__0006_v1,glissando,1,EN-Alto-2,0.6309150457382202,0.8591681122779846,-0.2051168531179428
EN-Alto-2__glissando__technique__Safe_and_Sound__0006_v2,glissando,2,EN-Alto-2,0.6050810217857361,0.8887282609939575,-0.18008281290531158
EN-Alto-2__glissando__technique__Safe_and_Sound__0006_v3,glissando,3,EN-Alto-2,0.5728039741516113,0.924333393573761,-0.19684778153896332
EN-Alto-2__glissando__technique__Someone_Like_You__0000_v0,glissando,0,EN-Alto-2,0.47992318868637085,1.0198793411254883,-0.15789948403835297
EN-Alto-2__glissando__technique__Someone_Like_You__0000_v1,glissando,1,EN-Alto-2,0.4578073024749756,1.0413384437561035,-0.14478245377540588
EN-Alto-2__glissando__technique__Someone_Like_You__0000_v2,glissando,2,EN-Alto-2,0.431035578250885,1.0667375326156616,-0.13712221384048462
EN-Alto-2__glissando__technique__Someone_Like_You__0000_v3,glissando,3,EN-Alto-2,0.4241068959236145,1.0732131004333496,-0.13237237930297852
EN-Alto-2__glissando__technique__Someone_Like_You__0001_v0,glissando,0,EN-Alto-2,0.6265252232551575,0.8642624616622925,-0.10669515281915665
EN-Alto-2__glissando__technique__Someone_Like_You__0001_v1,glissando,1,EN-Alto-2,0.6279203295707703,0.8626468181610107,-0.09862381964921951
EN-Alto-2__glissando__technique__Someone_Like_You__0001_v2,glissando,2,EN-Alto-2,0.6146632432937622,0.8778802156448364,-0.11667648702859879
EN-Alto-2__glissando__technique__Someone_Like_You__0001_v3,glissando,3,EN-Alto-2,0.6091276407241821,0.8841633796691895,-0.13380584120750427
EN-Alto-2__glissando__technique__Someone_Like_You__0002_v0,glissando,0,EN-Alto-2,0.6082748174667358,0.8851273655891418,-0.13878107070922852
EN-Alto-2__glissando__technique__Someone_Like_You__0002_v1,glissando,1,EN-Alto-2,0.6088244318962097,0.8845062255859375,-0.12903089821338654
EN-Alto-2__glissando__technique__Someone_Like_You__0002_v2,glissando,2,EN-Alto-2,0.5783052444458008,0.9183624982833862,-0.12197083979845047
EN-Alto-2__glissando__technique__Someone_Like_You__0002_v3,glissando,3,EN-Alto-2,0.5615575909614563,0.9364213943481445,-0.11868301779031754
EN-Alto-2__glissando__technique__Someone_Like_You__0003_v0,glissando,0,EN-Alto-2,0.33045250177383423,1.1571928262710571,0.11321325600147247
EN-Alto-2__glissando__technique__Someone_Like_You__0003_v1,glissando,1,EN-Alto-2,0.34239429235458374,1.1468267440795898,0.12672504782676697
EN-Alto-2__glissando__technique__Someone_Like_You__0003_v2,glissando,2,EN-Alto-2,0.3208334445953369,1.1654754877090454,0.1263020932674408
EN-Alto-2__glissando__technique__Someone_Like_You__0003_v3,glissando,3,EN-Alto-2,0.31947067379951477,1.1666442155838013,0.1412852555513382
EN-Alto-2__glissando__technique__Someone_Like_You__0004_v0,glissando,0,EN-Alto-2,0.6790200471878052,0.8012240529060364,-0.1964147537946701
EN-Alto-2__glissando__technique__Someone_Like_You__0004_v1,glissando,1,EN-Alto-2,0.6489142775535583,0.8379567265510559,-0.21128937602043152
EN-Alto-2__glissando__technique__Someone_Like_You__0004_v2,glissando,2,EN-Alto-2,0.6289304494857788,0.8614750504493713,-0.21425697207450867
EN-Alto-2__glissando__technique__Someone_Like_You__0004_v3,glissando,3,EN-Alto-2,0.5836819410324097,0.9124890565872192,-0.21717995405197144
EN-Alto-2__glissando__technique__Someone_Like_You__0005_v0,glissando,0,EN-Alto-2,0.5073116421699524,0.9926614761352539,-0.07127226889133453
EN-Alto-2__glissando__technique__Someone_Like_You__0005_v1,glissando,1,EN-Alto-2,0.4623105823993683,1.037004828453064,-0.06983837485313416
EN-Alto-2__glissando__technique__Someone_Like_You__0005_v2,glissando,2,EN-Alto-2,0.4426405131816864,1.0558024644851685,-0.07592280209064484
EN-Alto-2__glissando__technique__Someone_Like_You__0005_v3,glissando,3,EN-Alto-2,0.45795169472694397,1.0411996841430664,-0.09893413633108139
EN-Alto-2__glissando__technique__Someone_Like_You__0006_v0,glissando,0,EN-Alto-2,0.5339754819869995,0.9654268622398376,0.14103728532791138
EN-Alto-2__glissando__technique__Someone_Like_You__0006_v1,glissando,1,EN-Alto-2,0.5305224657058716,0.968997061252594,0.15555278956890106
EN-Alto-2__glissando__technique__Someone_Like_You__0006_v2,glissando,2,EN-Alto-2,0.5138332843780518,0.9860697388648987,0.16905690729618073
EN-Alto-2__glissando__technique__Someone_Like_You__0006_v3,glissando,3,EN-Alto-2,0.5063745975494385,0.9936050176620483,0.11205963045358658
EN-Alto-2__glissando__technique__Someone_Like_You__0007_v0,glissando,0,EN-Alto-2,0.3899928331375122,1.1045427322387695,0.13014905154705048
EN-Alto-2__glissando__technique__Someone_Like_You__0007_v1,glissando,1,EN-Alto-2,0.3755396902561188,1.117551326751709,0.13687649369239807
EN-Alto-2__glissando__technique__Someone_Like_You__0007_v2,glissando,2,EN-Alto-2,0.3661726713180542,1.1259018182754517,0.12649820744991302
EN-Alto-2__glissando__technique__Someone_Like_You__0007_v3,glissando,3,EN-Alto-2,0.3568577766418457,1.134144902229309,0.14045847952365875
EN-Alto-2__glissando__technique__Someone_Like_You__0008_v0,glissando,0,EN-Alto-2,0.695068895816803,0.7809367775917053,-0.34236010909080505
EN-Alto-2__glissando__technique__Someone_Like_You__0008_v1,glissando,1,EN-Alto-2,0.6882405877113342,0.7896320819854736,-0.3231202960014343
EN-Alto-2__glissando__technique__Someone_Like_You__0008_v2,glissando,2,EN-Alto-2,0.6668490767478943,0.8162732720375061,-0.35150232911109924
EN-Alto-2__glissando__technique__Someone_Like_You__0008_v3,glissando,3,EN-Alto-2,0.6617975234985352,0.8224384784698486,-0.35543087124824524
EN-Alto-2__glissando__technique__Someone_Like_You__0009_v0,glissando,0,EN-Alto-2,0.6708312034606934,0.8113800883293152,-0.2273017317056656
EN-Alto-2__glissando__technique__Someone_Like_You__0009_v1,glissando,1,EN-Alto-2,0.6506038904190063,0.8359379768371582,-0.18352638185024261
EN-Alto-2__glissando__technique__Someone_Like_You__0009_v2,glissando,2,EN-Alto-2,0.6316467523574829,0.8583161234855652,-0.20127393305301666
EN-Alto-2__glissando__technique__Someone_Like_You__0009_v3,glissando,3,EN-Alto-2,0.6065925359725952,0.8870259523391724,-0.21685448288917542
EN-Alto-2__glissando__technique__Someone_Like_You__0010_v0,glissando,0,EN-Alto-2,0.7572417855262756,0.6967901587486267,-0.271217405796051
EN-Alto-2__glissando__technique__Someone_Like_You__0010_v1,glissando,1,EN-Alto-2,0.7402490377426147,0.7207649350166321,-0.2411181479692459
EN-Alto-2__glissando__technique__Someone_Like_You__0010_v2,glissando,2,EN-Alto-2,0.721190333366394,0.7467393279075623,-0.2532111406326294
EN-Alto-2__glissando__technique__Someone_Like_You__0010_v3,glissando,3,EN-Alto-2,0.7303914427757263,0.7343142628669739,-0.24328401684761047
EN-Alto-2__glissando__technique__Someone_Like_You__0011_v0,glissando,0,EN-Alto-2,0.6123614311218262,0.8804983496665955,-0.2127220332622528
EN-Alto-2__glissando__technique__Someone_Like_You__0011_v1,glissando,1,EN-Alto-2,0.606044590473175,0.8876434564590454,-0.22057539224624634
EN-Alto-2__glissando__technique__Someone_Like_You__0011_v2,glissando,2,EN-Alto-2,0.5747976303100586,0.9221739768981934,-0.22541199624538422
EN-Alto-2__glissando__technique__Someone_Like_You__0011_v3,glissando,3,EN-Alto-2,0.5521915555000305,0.9463704228401184,-0.24416674673557281
EN-Alto-2__glissando__technique__Someone_Like_You__0012_v0,glissando,0,EN-Alto-2,0.5830183029174805,0.9132159352302551,-0.09730120748281479
EN-Alto-2__glissando__technique__Someone_Like_You__0012_v1,glissando,1,EN-Alto-2,0.5618669986724854,0.936090886592865,-0.07690898329019547
EN-Alto-2__glissando__technique__Someone_Like_You__0012_v2,glissando,2,EN-Alto-2,0.5557966232299805,0.9425534009933472,-0.1019003689289093
EN-Alto-2__glissando__technique__Someone_Like_You__0012_v3,glissando,3,EN-Alto-2,0.5651016235351562,0.9326289892196655,-0.11780034005641937
EN-Alto-2__glissando__technique__Someone_You_Loved__0000_v0,glissando,0,EN-Alto-2,0.5061179995536804,0.9938632845878601,0.013078105635941029
EN-Alto-2__glissando__technique__Someone_You_Loved__0000_v1,glissando,1,EN-Alto-2,0.5302912592887878,0.9692355990409851,0.022704806178808212
EN-Alto-2__glissando__technique__Someone_You_Loved__0000_v2,glissando,2,EN-Alto-2,0.5209082961082458,0.9788684844970703,0.009838107042014599
EN-Alto-2__glissando__technique__Someone_You_Loved__0000_v3,glissando,3,EN-Alto-2,0.5252708792686462,0.9744015336036682,0.0027826495934277773
EN-Alto-2__glissando__technique__Someone_You_Loved__0001_v0,glissando,0,EN-Alto-2,0.34568631649017334,1.1439526081085205,0.09707823395729065
EN-Alto-2__glissando__technique__Someone_You_Loved__0001_v1,glissando,1,EN-Alto-2,0.35580816864967346,1.1350699663162231,0.11248490959405899
EN-Alto-2__glissando__technique__Someone_You_Loved__0001_v2,glissando,2,EN-Alto-2,0.3386504054069519,1.1500866413116455,0.1052456796169281
EN-Alto-2__glissando__technique__Someone_You_Loved__0001_v3,glissando,3,EN-Alto-2,0.3507540822029114,1.1395139694213867,0.10026779025793076
EN-Alto-2__glissando__technique__Someone_You_Loved__0002_v0,glissando,0,EN-Alto-2,0.5257951021194458,0.973863422870636,0.00852904748171568
EN-Alto-2__glissando__technique__Someone_You_Loved__0002_v1,glissando,1,EN-Alto-2,0.5218615531921387,0.9778942465782166,0.016075298190116882
EN-Alto-2__glissando__technique__Someone_You_Loved__0002_v2,glissando,2,EN-Alto-2,0.5134647488594055,0.9864434599876404,-0.0022047448437660933
EN-Alto-2__glissando__technique__Someone_You_Loved__0002_v3,glissando,3,EN-Alto-2,0.48775020241737366,1.0121757984161377,-0.018411798402667046
EN-Alto-2__glissando__technique__Someone_You_Loved__0003_v0,glissando,0,EN-Alto-2,0.618465781211853,0.8735379576683044,0.024370623752474785
EN-Alto-2__glissando__technique__Someone_You_Loved__0003_v1,glissando,1,EN-Alto-2,0.6169109344482422,0.8753161430358887,0.02386626787483692
EN-Alto-2__glissando__technique__Someone_You_Loved__0003_v2,glissando,2,EN-Alto-2,0.6050580143928528,0.8887541890144348,0.01684706099331379
EN-Alto-2__glissando__technique__Someone_You_Loved__0003_v3,glissando,3,EN-Alto-2,0.5884034633636475,0.9072999358177185,-0.02143498882651329
EN-Alto-2__glissando__technique__Someone_You_Loved__0004_v0,glissando,0,EN-Alto-2,0.5307523012161255,0.9687597751617432,-0.15761254727840424
EN-Alto-2__glissando__technique__Someone_You_Loved__0004_v1,glissando,1,EN-Alto-2,0.5416377782821655,0.9574573636054993,-0.1403164565563202
EN-Alto-2__glissando__technique__Someone_You_Loved__0004_v2,glissando,2,EN-Alto-2,0.5237994194030762,0.9759105443954468,-0.1378052681684494
EN-Alto-2__glissando__technique__Someone_You_Loved__0004_v3,glissando,3,EN-Alto-2,0.49513259530067444,1.004855751991272,-0.1840878129005432
EN-Alto-2__glissando__technique__Someone_You_Loved__0005_v0,glissando,0,EN-Alto-2,0.6216499209403992,0.8698851466178894,-0.12892383337020874
EN-Alto-2__glissando__technique__Someone_You_Loved__0005_v1,glissando,1,EN-Alto-2,0.6325696110725403,0.8572403192520142,-0.12935671210289001
EN-Alto-2__glissando__technique__Someone_You_Loved__0005_v2,glissando,2,EN-Alto-2,0.6386368274688721,0.8501331806182861,-0.1261800080537796
EN-Alto-2__glissando__technique__Someone_You_Loved__0005_v3,glissando,3,EN-Alto-2,0.6230164766311646,0.8683127760887146,-0.15749292075634003
EN-Alto-2__glissando__technique__What_Are_Words__0000_v0,glissando,0,EN-Alto-2,0.5102746486663818,0.9896721243858337,-0.14460083842277527
EN-Alto-2__glissando__technique__What_Are_Words__0000_v1,glissando,1,EN-Alto-2,0.5030462741851807,0.9969491958618164,-0.15181970596313477
EN-Alto-2__glissando__technique__What_Are_Words__0000_v2,glissando,2,EN-Alto-2,0.5094025731086731,0.9905529022216797,-0.14653274416923523
EN-Alto-2__glissando__technique__What_Are_Words__0000_v3,glissando,3,EN-Alto-2,0.4947932958602905,1.0051932334899902,-0.1624322086572647
EN-Alto-2__glissando__technique__What_Are_Words__0001_v0,glissando,0,EN-Alto-2,0.5593982338905334,0.9387244582176208,-0.16482344269752502
EN-Alto-2__glissando__technique__What_Are_Words__0001_v1,glissando,1,EN-Alto-2,0.5512063503265381,0.9474109411239624,-0.14362210035324097
EN-Alto-2__glissando__technique__What_Are_Words__0001_v2,glissando,2,EN-Alto-2,0.5644785165786743,0.9332968592643738,-0.15165339410305023
EN-Alto-2__glissando__technique__What_Are_Words__0001_v3,glissando,3,EN-Alto-2,0.5480136275291443,0.9507748484611511,-0.15605899691581726
EN-Alto-2__glissando__technique__What_Are_Words__0002_v0,glissando,0,EN-Alto-2,0.7132720947265625,0.7572687268257141,-0.20753233134746552
EN-Alto-2__glissando__technique__What_Are_Words__0002_v1,glissando,1,EN-Alto-2,0.7079827785491943,0.7642216086387634,-0.20964613556861877
EN-Alto-2__glissando__technique__What_Are_Words__0002_v2,glissando,2,EN-Alto-2,0.711484432220459,0.7596257925033569,-0.20742100477218628
EN-Alto-2__glissando__technique__What_Are_Words__0002_v3,glissando,3,EN-Alto-2,0.70175701379776,0.7723252177238464,-0.2236586958169937
EN-Alto-2__glissando__technique__What_Are_Words__0003_v0,glissando,0,EN-Alto-2,0.6749095916748047,0.8063380718231201,-0.29619941115379333
EN-Alto-2__glissando__technique__What_Are_Words__0003_v1,glissando,1,EN-Alto-2,0.6646877527236938,0.8189166784286499,-0.2728213369846344
EN-Alto-2__glissando__technique__What_Are_Words__0003_v2,glissando,2,EN-Alto-2,0.6447345614433289,0.842930018901825,-0.28772884607315063
EN-Alto-2__glissando__technique__What_Are_Words__0003_v3,glissando,3,EN-Alto-2,0.6448380351066589,0.8428072333335876,-0.2668115198612213
EN-Alto-2__glissando__technique__What_Are_Words__0004_v0,glissando,0,EN-Alto-2,0.7078506946563721,0.7643943428993225,-0.3142937421798706
EN-Alto-2__glissando__technique__What_Are_Words__0004_v1,glissando,1,EN-Alto-2,0.6779001951217651,0.8026204109191895,-0.3018369674682617
EN-Alto-2__glissando__technique__What_Are_Words__0004_v2,glissando,2,EN-Alto-2,0.6532316207885742,0.8327885270118713,-0.29500746726989746
EN-Alto-2__glissando__technique__What_Are_Words__0004_v3,glissando,3,EN-Alto-2,0.6337892413139343,0.8558163046836853,-0.31459328532218933
EN-Alto-2__glissando__technique__What_Are_Words__0005_v0,glissando,0,EN-Alto-2,0.4901670217514038,1.0097851753234863,-0.09819307923316956
EN-Alto-2__glissando__technique__What_Are_Words__0005_v1,glissando,1,EN-Alto-2,0.4969741106033325,1.0030213594436646,-0.09309800714254379
EN-Alto-2__glissando__technique__What_Are_Words__0005_v2,glissando,2,EN-Alto-2,0.49636468291282654,1.0036287307739258,-0.0877479836344719
EN-Alto-2__glissando__technique__What_Are_Words__0005_v3,glissando,3,EN-Alto-2,0.4684816300868988,1.0310368537902832,-0.09568482637405396
EN-Alto-2__glissando__technique__What_Are_Words__0006_v0,glissando,0,EN-Alto-2,0.5122655034065247,0.9876583218574524,-0.1232323870062828
EN-Alto-2__glissando__technique__What_Are_Words__0006_v1,glissando,1,EN-Alto-2,0.5101130604743958,0.9898353815078735,-0.08798753470182419
EN-Alto-2__glissando__technique__What_Are_Words__0006_v2,glissando,2,EN-Alto-2,0.4978577494621277,1.0021400451660156,-0.09736473113298416
EN-Alto-2__glissando__technique__What_Are_Words__0006_v3,glissando,3,EN-Alto-2,0.48675382137298584,1.0131596326828003,-0.10765967518091202
EN-Alto-2__glissando__technique__What_Are_Words__0007_v0,glissando,0,EN-Alto-2,0.5838576555252075,0.9122963547706604,-0.26319417357444763
EN-Alto-2__glissando__technique__What_Are_Words__0007_v1,glissando,1,EN-Alto-2,0.5701686143875122,0.9271801114082336,-0.2497851401567459
EN-Alto-2__glissando__technique__What_Are_Words__0007_v2,glissando,2,EN-Alto-2,0.5727676749229431,0.924372673034668,-0.2278951108455658
EN-Alto-2__glissando__technique__What_Are_Words__0007_v3,glissando,3,EN-Alto-2,0.5686200857162476,0.9288488030433655,-0.2615426778793335
EN-Alto-2__glissando__technique__Yesterday_Once_More__0000_v0,glissando,0,EN-Alto-2,0.457028865814209,1.0420856475830078,0.06084637716412544
EN-Alto-2__glissando__technique__Yesterday_Once_More__0000_v1,glissando,1,EN-Alto-2,0.45947885513305664,1.0397319793701172,0.07454156875610352
EN-Alto-2__glissando__technique__Yesterday_Once_More__0000_v2,glissando,2,EN-Alto-2,0.45755869150161743,1.0415771007537842,0.07361612468957901
EN-Alto-2__glissando__technique__Yesterday_Once_More__0000_v3,glissando,3,EN-Alto-2,0.4620237350463867,1.0372813940048218,0.06902698427438736
EN-Alto-2__glissando__technique__Yesterday_Once_More__0001_v0,glissando,0,EN-Alto-2,0.6428377628326416,0.8451772332191467,-0.12470109015703201
EN-Alto-2__glissando__technique__Yesterday_Once_More__0001_v1,glissando,1,EN-Alto-2,0.6214326024055481,0.8701350092887878,-0.10584103316068649
EN-Alto-2__glissando__technique__Yesterday_Once_More__0001_v2,glissando,2,EN-Alto-2,0.6141320466995239,0.8784851431846619,-0.11715741455554962
EN-Alto-2__glissando__technique__Yesterday_Once_More__0001_v3,glissando,3,EN-Alto-2,0.591018795967102,0.9044127464294434,-0.1381809264421463
EN-Alto-2__glissando__technique__Yesterday_Once_More__0002_v0,glissando,0,EN-Alto-2,0.5732764005661011,0.9238221049308777,-0.036171264946460724
EN-Alto-2__glissando__technique__Yesterday_Once_More__0002_v1,glissando,1,EN-Alto-2,0.5358687043190002,0.9634639620780945,-0.02288258820772171
EN-Alto-2__glissando__technique__Yesterday_Once_More__0002_v2,glissando,2,EN-Alto-2,0.5304949283599854,0.9690254926681519,-0.04165906086564064
EN-Alto-2__glissando__technique__Yesterday_Once_More__0002_v3,glissando,3,EN-Alto-2,0.5275287628173828,0.9720816612243652,-0.04274524375796318
EN-Alto-2__glissando__technique__Yesterday_Once_More__0003_v0,glissando,0,EN-Alto-2,0.6493314504623413,0.8374587893486023,-0.07625120878219604
EN-Alto-2__glissando__technique__Yesterday_Once_More__0003_v1,glissando,1,EN-Alto-2,0.590257465839386,0.9052543044090271,-0.06582660228013992
EN-Alto-2__glissando__technique__Yesterday_Once_More__0003_v2,glissando,2,EN-Alto-2,0.5587142109870911,0.9394528865814209,-0.05981358513236046
EN-Alto-2__glissando__technique__Yesterday_Once_More__0003_v3,glissando,3,EN-Alto-2,0.533486008644104,0.9659337997436523,-0.07501358538866043
EN-Alto-2__glissando__technique__Yesterday_Once_More__0004_v0,glissando,0,EN-Alto-2,0.6673152446746826,0.8157020211219788,-0.21889802813529968
EN-Alto-2__glissando__technique__Yesterday_Once_More__0004_v1,glissando,1,EN-Alto-2,0.6442911624908447,0.8434558510780334,-0.21957974135875702
EN-Alto-2__glissando__technique__Yesterday_Once_More__0004_v2,glissando,2,EN-Alto-2,0.6487431526184082,0.8381611108779907,-0.2263210117816925
EN-Alto-2__glissando__technique__Yesterday_Once_More__0004_v3,glissando,3,EN-Alto-2,0.6156629323959351,0.8767408132553101,-0.25076621770858765
EN-Alto-2__glissando__technique__Yesterday_Once_More__0005_v0,glissando,0,EN-Alto-2,0.7575449347496033,0.6963549852371216,-0.1937842220067978
EN-Alto-2__glissando__technique__Yesterday_Once_More__0005_v1,glissando,1,EN-Alto-2,0.7241765260696411,0.7427293658256531,-0.18724046647548676
EN-Alto-2__glissando__technique__Yesterday_Once_More__0005_v2,glissando,2,EN-Alto-2,0.7208878397941589,0.7471441030502319,-0.20377184450626373
EN-Alto-2__glissando__technique__Yesterday_Once_More__0005_v3,glissando,3,EN-Alto-2,0.7080787420272827,0.7640960216522217,-0.2091064304113388
EN-Alto-2__glissando__technique__Yesterday_Once_More__0006_v0,glissando,0,EN-Alto-2,0.5858185887336731,0.9101444482803345,-0.15968939661979675
EN-Alto-2__glissando__technique__Yesterday_Once_More__0006_v1,glissando,1,EN-Alto-2,0.5887956619262695,0.9068675637245178,-0.1404784917831421
EN-Alto-2__glissando__technique__Yesterday_Once_More__0006_v2,glissando,2,EN-Alto-2,0.5759177803993225,0.9209584593772888,-0.13690999150276184
EN-Alto-2__glissando__technique__Yesterday_Once_More__0006_v3,glissando,3,EN-Alto-2,0.5443543195724487,0.9546159505844116,-0.1453114002943039
EN-Alto-2__glissando__technique__Yesterday_Once_More__0007_v0,glissando,0,EN-Alto-2,0.5671074390411377,0.9304758310317993,-0.02383369393646717
EN-Alto-2__glissando__technique__Yesterday_Once_More__0007_v1,glissando,1,EN-Alto-2,0.5481600761413574,0.9506208300590515,-0.02426447533071041
EN-Alto-2__glissando__technique__Yesterday_Once_More__0007_v2,glissando,2,EN-Alto-2,0.5572490692138672,0.9410110712051392,0.008790012449026108
EN-Alto-2__glissando__technique__Yesterday_Once_More__0007_v3,glissando,3,EN-Alto-2,0.5318396091461182,0.9676367044448853,-0.00886695459485054
EN-Alto-2__glissando__technique__Yesterday_Once_More__0008_v0,glissando,0,EN-Alto-2,0.6225354671478271,0.868866503238678,-0.22686782479286194
EN-Alto-2__glissando__technique__Yesterday_Once_More__0008_v1,glissando,1,EN-Alto-2,0.6298959851264954,0.8603535294532776,-0.19821897149085999
EN-Alto-2__glissando__technique__Yesterday_Once_More__0008_v2,glissando,2,EN-Alto-2,0.6207892894744873,0.8708739876747131,-0.19058208167552948
EN-Alto-2__glissando__technique__Yesterday_Once_More__0008_v3,glissando,3,EN-Alto-2,0.5935554504394531,0.9016035795211792,-0.19909368455410004
EN-Alto-2__glissando__technique__Yesterday_Once_More__0009_v0,glissando,0,EN-Alto-2,0.6533264517784119,0.8326746821403503,-0.03704661875963211
EN-Alto-2__glissando__technique__Yesterday_Once_More__0009_v1,glissando,1,EN-Alto-2,0.6298065781593323,0.8604573607444763,-0.03928013890981674
EN-Alto-2__glissando__technique__Yesterday_Once_More__0009_v2,glissando,2,EN-Alto-2,0.6263515949249268,0.8644633293151855,-0.011526173911988735
EN-Alto-2__glissando__technique__Yesterday_Once_More__0009_v3,glissando,3,EN-Alto-2,0.6466590166091919,0.8406438231468201,-0.03393600881099701
EN-Alto-2__glissando__technique__You_Raise_Me_Up__0000_v0,glissando,0,EN-Alto-2,0.543808102607727,0.9551879167556763,0.1122664138674736
EN-Alto-2__glissando__technique__You_Raise_Me_Up__0000_v1,glissando,1,EN-Alto-2,0.5235005617141724,0.9762166738510132,0.12795862555503845
EN-Alto-2__glissando__technique__You_Raise_Me_Up__0000_v2,glissando,2,EN-Alto-2,0.5147320628166199,0.9851579070091248,0.14417646825313568
EN-Alto-2__glissando__technique__You_Raise_Me_Up__0000_v3,glissando,3,EN-Alto-2,0.5009175539016724,0.999082088470459,0.14810217916965485
EN-Alto-2__glissando__technique__You_Raise_Me_Up__0001_v0,glissando,0,EN-Alto-2,0.5153672695159912,0.9845128059387207,-0.06668742001056671
EN-Alto-2__glissando__technique__You_Raise_Me_Up__0001_v1,glissando,1,EN-Alto-2,0.4620305895805359,1.037274718284607,-0.055838193744421005
EN-Alto-2__glissando__technique__You_Raise_Me_Up__0001_v2,glissando,2,EN-Alto-2,0.4571901857852936,1.0419307947158813,-0.039981890469789505
EN-Alto-2__glissando__technique__You_Raise_Me_Up__0001_v3,glissando,3,EN-Alto-2,0.41476869583129883,1.0818792581558228,-0.05226787179708481
EN-Alto-2__glissando__technique__You_Raise_Me_Up__0002_v0,glissando,0,EN-Alto-2,0.6939188241958618,0.7824080586433411,-0.19168584048748016
EN-Alto-2__glissando__technique__You_Raise_Me_Up__0002_v1,glissando,1,EN-Alto-2,0.6801087856292725,0.7998639941215515,-0.19537635147571564
EN-Alto-2__glissando__technique__You_Raise_Me_Up__0002_v2,glissando,2,EN-Alto-2,0.6623282432556152,0.8217928409576416,-0.20835267007350922
EN-Alto-2__glissando__technique__You_Raise_Me_Up__0002_v3,glissando,3,EN-Alto-2,0.6548011302947998,0.8309018015861511,-0.22113727033138275
EN-Alto-2__glissando__technique__You_Raise_Me_Up__0003_v0,glissando,0,EN-Alto-2,0.48536843061447144,1.014526128768921,0.05005369335412979
EN-Alto-2__glissando__technique__You_Raise_Me_Up__0003_v1,glissando,1,EN-Alto-2,0.4896542429924011,1.010292887687683,0.05758998543024063
EN-Alto-2__glissando__technique__You_Raise_Me_Up__0003_v2,glissando,2,EN-Alto-2,0.4650665819644928,1.0343437194824219,0.04654470458626747
EN-Alto-2__glissando__technique__You_Raise_Me_Up__0003_v3,glissando,3,EN-Alto-2,0.4388134479522705,1.059421181678772,0.059987861663103104
EN-Alto-2__glissando__technique__You_Raise_Me_Up__0004_v0,glissando,0,EN-Alto-2,0.6063138842582703,0.8873400688171387,-0.24357390403747559
EN-Alto-2__glissando__technique__You_Raise_Me_Up__0004_v1,glissando,1,EN-Alto-2,0.5838854908943176,0.912265956401825,-0.23280808329582214
EN-Alto-2__glissando__technique__You_Raise_Me_Up__0004_v2,glissando,2,EN-Alto-2,0.5740501284599304,0.92298424243927,-0.22886689007282257
EN-Alto-2__glissando__technique__You_Raise_Me_Up__0004_v3,glissando,3,EN-Alto-2,0.5665366053581238,0.9310891032218933,-0.21889731287956238
EN-Alto-2__glissando__technique__You_Raise_Me_Up__0005_v0,glissando,0,EN-Alto-2,0.657497763633728,0.8276501297950745,-0.23280346393585205
EN-Alto-2__glissando__technique__You_Raise_Me_Up__0005_v1,glissando,1,EN-Alto-2,0.6505968570709229,0.8359463810920715,-0.23290306329727173
EN-Alto-2__glissando__technique__You_Raise_Me_Up__0005_v2,glissando,2,EN-Alto-2,0.6445724368095398,0.8431223630905151,-0.23887668550014496
EN-Alto-2__glissando__technique__You_Raise_Me_Up__0005_v3,glissando,3,EN-Alto-2,0.6392646431922913,0.8493943810462952,-0.2522710859775543
EN-Alto-2__glissando__technique__You_Raise_Me_Up__0006_v0,glissando,0,EN-Alto-2,0.5866168141365051,0.909267008304596,-0.037026017904281616
EN-Alto-2__glissando__technique__You_Raise_Me_Up__0006_v1,glissando,1,EN-Alto-2,0.5686468482017517,0.9288199543952942,-0.011257371865212917
EN-Alto-2__glissando__technique__You_Raise_Me_Up__0006_v2,glissando,2,EN-Alto-2,0.5403512716293335,0.9588000774383545,-0.034625936299562454
EN-Alto-2__glissando__technique__You_Raise_Me_Up__0006_v3,glissando,3,EN-Alto-2,0.5052711367607117,0.9947149753570557,-0.03113502264022827
EN-Alto-2__glissando__technique__You_Raise_Me_Up__0007_v0,glissando,0,EN-Alto-2,0.592113733291626,0.9032012820243835,0.0023026238195598125
EN-Alto-2__glissando__technique__You_Raise_Me_Up__0007_v1,glissando,1,EN-Alto-2,0.5711458325386047,0.9261254072189331,0.02773643657565117
EN-Alto-2__glissando__technique__You_Raise_Me_Up__0007_v2,glissando,2,EN-Alto-2,0.563790500164032,0.9340338110923767,0.03144316002726555
EN-Alto-2__glissando__technique__You_Raise_Me_Up__0007_v3,glissando,3,EN-Alto-2,0.519465982913971,0.980340838432312,0.0379837304353714
EN-Alto-2__glissando__technique__Young_And_Beautiful__0000_v0,glissando,0,EN-Alto-2,0.5369458794593811,0.9623452425003052,-0.19193074107170105
EN-Alto-2__glissando__technique__Young_And_Beautiful__0000_v1,glissando,1,EN-Alto-2,0.5171124935150146,0.9827386140823364,-0.18568256497383118
EN-Alto-2__glissando__technique__Young_And_Beautiful__0000_v2,glissando,2,EN-Alto-2,0.4953759014606476,1.0046135187149048,-0.19392338395118713
EN-Alto-2__glissando__technique__Young_And_Beautiful__0000_v3,glissando,3,EN-Alto-2,0.4240483045578003,1.0732675790786743,-0.22748544812202454
EN-Alto-2__glissando__technique__Young_And_Beautiful__0001_v0,glissando,0,EN-Alto-2,0.6629336476325989,0.8210559487342834,-0.08402834832668304
EN-Alto-2__glissando__technique__Young_And_Beautiful__0001_v1,glissando,1,EN-Alto-2,0.6508187651634216,0.8356809020042419,-0.09811733663082123
EN-Alto-2__glissando__technique__Young_And_Beautiful__0001_v2,glissando,2,EN-Alto-2,0.6396363973617554,0.8489565849304199,-0.09943868964910507
EN-Alto-2__glissando__technique__Young_And_Beautiful__0001_v3,glissando,3,EN-Alto-2,0.6210713982582092,0.8705499172210693,-0.1348339319229126
EN-Alto-2__glissando__technique__Young_And_Beautiful__0002_v0,glissando,0,EN-Alto-2,0.6027612686157227,0.8913348317146301,-0.16568119823932648
EN-Alto-2__glissando__technique__Young_And_Beautiful__0002_v1,glissando,1,EN-Alto-2,0.5822039842605591,0.9141073822975159,-0.14523945748806
EN-Alto-2__glissando__technique__Young_And_Beautiful__0002_v2,glissando,2,EN-Alto-2,0.5852264165878296,0.9107949733734131,-0.14502190053462982
EN-Alto-2__glissando__technique__Young_And_Beautiful__0002_v3,glissando,3,EN-Alto-2,0.5721395611763,0.9250518679618835,-0.17607174813747406
EN-Alto-2__glissando__technique__Young_And_Beautiful__0003_v0,glissando,0,EN-Alto-2,0.5701473355293274,0.9272030591964722,-0.19888374209403992
EN-Alto-2__glissando__technique__Young_And_Beautiful__0003_v1,glissando,1,EN-Alto-2,0.5593951344490051,0.9387277364730835,-0.19894267618656158
EN-Alto-2__glissando__technique__Young_And_Beautiful__0003_v2,glissando,2,EN-Alto-2,0.5396292209625244,0.9595528244972229,-0.19756901264190674
EN-Alto-2__glissando__technique__Young_And_Beautiful__0003_v3,glissando,3,EN-Alto-2,0.5184671878814697,0.98135906457901,-0.20999836921691895
EN-Alto-2__glissando__technique__Young_And_Beautiful__0004_v0,glissando,0,EN-Alto-2,0.7318419814109802,0.7323360443115234,-0.06686454266309738
EN-Alto-2__glissando__technique__Young_And_Beautiful__0004_v1,glissando,1,EN-Alto-2,0.7132706046104431,0.7572706341743469,-0.05025097355246544
EN-Alto-2__glissando__technique__Young_And_Beautiful__0004_v2,glissando,2,EN-Alto-2,0.7082456946372986,0.7638774514198303,-0.04624650254845619
EN-Alto-2__glissando__technique__Young_And_Beautiful__0004_v3,glissando,3,EN-Alto-2,0.6560924053192139,0.8293462991714478,-0.10741887241601944
EN-Alto-2__glissando__technique__Young_And_Beautiful__0005_v0,glissando,0,EN-Alto-2,0.6769055724143982,0.8038588166236877,-0.2610416114330292
EN-Alto-2__glissando__technique__Young_And_Beautiful__0005_v1,glissando,1,EN-Alto-2,0.658187210559845,0.8268165588378906,-0.22972190380096436
EN-Alto-2__glissando__technique__Young_And_Beautiful__0005_v2,glissando,2,EN-Alto-2,0.6292608976364136,0.8610913753509521,-0.23319296538829803
EN-Alto-2__glissando__technique__Young_And_Beautiful__0005_v3,glissando,3,EN-Alto-2,0.6086583733558655,0.8846939206123352,-0.23730149865150452
EN-Alto-2__mixed_falsetto__technique__A_Thousand_Years__0000_v0,mixed_falsetto,0,EN-Alto-2,0.6832962036132812,0.7958690524101257,0.159123495221138
EN-Alto-2__mixed_falsetto__technique__A_Thousand_Years__0000_v1,mixed_falsetto,1,EN-Alto-2,0.6896437406539917,0.7878531217575073,0.19865338504314423
EN-Alto-2__mixed_falsetto__technique__A_Thousand_Years__0000_v2,mixed_falsetto,2,EN-Alto-2,0.6862406730651855,0.79216068983078,0.222555011510849
EN-Alto-2__mixed_falsetto__technique__A_Thousand_Years__0001_v0,mixed_falsetto,0,EN-Alto-2,0.7446210980415344,0.7146733999252319,0.3291287124156952
EN-Alto-2__mixed_falsetto__technique__A_Thousand_Years__0001_v1,mixed_falsetto,1,EN-Alto-2,0.7355957627296448,0.7271922826766968,0.38038572669029236
EN-Alto-2__mixed_falsetto__technique__A_Thousand_Years__0001_v2,mixed_falsetto,2,EN-Alto-2,0.7259172201156616,0.7403821349143982,0.3708997368812561
EN-Alto-2__mixed_falsetto__technique__A_Thousand_Years__0002_v0,mixed_falsetto,0,EN-Alto-2,0.7285841703414917,0.736771285533905,0.26217785477638245
EN-Alto-2__mixed_falsetto__technique__A_Thousand_Years__0002_v1,mixed_falsetto,1,EN-Alto-2,0.7418022751808167,0.7186067700386047,0.3449914753437042
EN-Alto-2__mixed_falsetto__technique__A_Thousand_Years__0002_v2,mixed_falsetto,2,EN-Alto-2,0.7266807556152344,0.7393501400947571,0.3873356580734253
EN-Alto-2__mixed_falsetto__technique__A_Thousand_Years__0003_v0,mixed_falsetto,0,EN-Alto-2,0.7250768542289734,0.7415164709091187,0.27617183327674866
EN-Alto-2__mixed_falsetto__technique__A_Thousand_Years__0003_v1,mixed_falsetto,1,EN-Alto-2,0.731683075428009,0.7325530648231506,0.31362512707710266
EN-Alto-2__mixed_falsetto__technique__A_Thousand_Years__0003_v2,mixed_falsetto,2,EN-Alto-2,0.7203142046928406,0.7479117512702942,0.31723588705062866
EN-Alto-2__mixed_falsetto__technique__A_Thousand_Years__0004_v0,mixed_falsetto,0,EN-Alto-2,0.7227178812026978,0.7446907162666321,0.3706725835800171
EN-Alto-2__mixed_falsetto__technique__A_Thousand_Years__0004_v1,mixed_falsetto,1,EN-Alto-2,0.6940465569496155,0.782244861125946,0.37610292434692383
EN-Alto-2__mixed_falsetto__technique__A_Thousand_Years__0004_v2,mixed_falsetto,2,EN-Alto-2,0.6814344525337219,0.7982050180435181,0.41149213910102844
EN-Alto-2__mixed_falsetto__technique__A_Thousand_Years__0005_v0,mixed_falsetto,0,EN-Alto-2,0.5927507877349854,0.9024956822395325,0.35522735118865967
EN-Alto-2__mixed_falsetto__technique__A_Thousand_Years__0005_v1,mixed_falsetto,1,EN-Alto-2,0.594796895980835,0.9002256393432617,0.397421658039093
EN-Alto-2__mixed_falsetto__technique__A_Thousand_Years__0005_v2,mixed_falsetto,2,EN-Alto-2,0.5824686288833618,0.9138177633285522,0.4190615117549896
EN-Alto-2__mixed_falsetto__technique__A_Thousand_Years__0006_v0,mixed_falsetto,0,EN-Alto-2,0.6847559213638306,0.794032871723175,0.28011882305145264
EN-Alto-2__mixed_falsetto__technique__A_Thousand_Years__0006_v1,mixed_falsetto,1,EN-Alto-2,0.6794333457946777,0.8007082343101501,0.3424147069454193
EN-Alto-2__mixed_falsetto__technique__A_Thousand_Years__0006_v2,mixed_falsetto,2,EN-Alto-2,0.6597169637680054,0.8249643445014954,0.3571338951587677
EN-Alto-2__mixed_falsetto__technique__A_Thousand_Years__0007_v0,mixed_falsetto,0,EN-Alto-2,0.7091000080108643,0.762758195400238,0.3647349178791046
EN-Alto-2__mixed_falsetto__technique__A_Thousand_Years__0007_v1,mixed_falsetto,1,EN-Alto-2,0.6922226548194885,0.7845730781555176,0.3637372851371765
EN-Alto-2__mixed_falsetto__technique__A_Thousand_Years__0007_v2,mixed_falsetto,2,EN-Alto-2,0.6789235472679138,0.8013445138931274,0.4334401488304138
EN-Alto-2__mixed_falsetto__technique__A_Thousand_Years__0008_v0,mixed_falsetto,0,EN-Alto-2,0.7122673392295837,0.7585943937301636,0.32513493299484253
EN-Alto-2__mixed_falsetto__technique__A_Thousand_Years__0008_v1,mixed_falsetto,1,EN-Alto-2,0.7220728397369385,0.7455564737319946,0.2893986701965332
EN-Alto-2__mixed_falsetto__technique__A_Thousand_Years__0008_v2,mixed_falsetto,2,EN-Alto-2,0.6769585013389587,0.8037928938865662,0.23859451711177826
EN-Alto-2__mixed_falsetto__technique__All_of_Me__0000_v0,mixed_falsetto,0,EN-Alto-2,0.5954556465148926,0.8994936347007751,0.3803098499774933
EN-Alto-2__mixed_falsetto__technique__All_of_Me__0000_v1,mixed_falsetto,1,EN-Alto-2,0.5903453826904297,0.9051570296287537,0.4451824426651001
EN-Alto-2__mixed_falsetto__technique__All_of_Me__0000_v2,mixed_falsetto,2,EN-Alto-2,0.6006707549095154,0.8936769962310791,0.49941664934158325
EN-Alto-2__mixed_falsetto__technique__All_of_Me__0001_v0,mixed_falsetto,0,EN-Alto-2,0.6283291578292847,0.8621727824211121,0.2644580900669098
EN-Alto-2__mixed_falsetto__technique__All_of_Me__0001_v1,mixed_falsetto,1,EN-Alto-2,0.6159025430679321,0.8764673471450806,0.3096432685852051
EN-Alto-2__mixed_falsetto__technique__All_of_Me__0001_v2,mixed_falsetto,2,EN-Alto-2,0.6069604754447937,0.8866110444068909,0.409321129322052
EN-Alto-2__mixed_falsetto__technique__All_of_Me__0002_v0,mixed_falsetto,0,EN-Alto-2,0.605010449886322,0.8888077735900879,0.3515245318412781
EN-Alto-2__mixed_falsetto__technique__All_of_Me__0002_v1,mixed_falsetto,1,EN-Alto-2,0.5645415186882019,0.9332293272018433,0.4175833463668823
EN-Alto-2__mixed_falsetto__technique__All_of_Me__0002_v2,mixed_falsetto,2,EN-Alto-2,0.5816664099693298,0.9146952033042908,0.46126192808151245
EN-Alto-2__mixed_falsetto__technique__All_of_Me__0003_v0,mixed_falsetto,0,EN-Alto-2,0.6598758101463318,0.8247718811035156,0.28940290212631226
EN-Alto-2__mixed_falsetto__technique__All_of_Me__0003_v1,mixed_falsetto,1,EN-Alto-2,0.691596269607544,0.7853710055351257,0.36191365122795105
EN-Alto-2__mixed_falsetto__technique__All_of_Me__0003_v2,mixed_falsetto,2,EN-Alto-2,0.64519202709198,0.8423872590065002,0.43213388323783875
EN-Alto-2__mixed_falsetto__technique__All_of_Me__0004_v0,mixed_falsetto,0,EN-Alto-2,0.7225837111473083,0.7448709011077881,0.2950665354728699
EN-Alto-2__mixed_falsetto__technique__All_of_Me__0004_v1,mixed_falsetto,1,EN-Alto-2,0.6791977882385254,0.8010022640228271,0.3993922770023346
EN-Alto-2__mixed_falsetto__technique__All_of_Me__0004_v2,mixed_falsetto,2,EN-Alto-2,0.6584471464157104,0.8265021443367004,0.4768454134464264
EN-Alto-2__mixed_falsetto__technique__All_of_Me__0005_v0,mixed_falsetto,0,EN-Alto-2,0.6511643528938293,0.8352672457695007,0.31510797142982483
EN-Alto-2__mixed_falsetto__technique__All_of_Me__0005_v1,mixed_falsetto,1,EN-Alto-2,0.657050609588623,0.8281900882720947,0.36616477370262146
EN-Alto-2__mixed_falsetto__technique__All_of_Me__0005_v2,mixed_falsetto,2,EN-Alto-2,0.6023788452148438,0.8917636871337891,0.3830523192882538
EN-Alto-2__mixed_falsetto__technique__All_of_Me__0006_v0,mixed_falsetto,0,EN-Alto-2,0.7636400461196899,0.6875463128089905,0.29379111528396606
EN-Alto-2__mixed_falsetto__technique__All_of_Me__0006_v1,mixed_falsetto,1,EN-Alto-2,0.733673632144928,0.7298306822776794,0.37638142704963684
EN-Alto-2__mixed_falsetto__technique__All_of_Me__0006_v2,mixed_falsetto,2,EN-Alto-2,0.7061387896537781,0.7666307091712952,0.4156206548213959
EN-Alto-2__mixed_falsetto__technique__All_of_Me__0007_v0,mixed_falsetto,0,EN-Alto-2,0.6190056204795837,0.8729197382926941,0.407952219247818
EN-Alto-2__mixed_falsetto__technique__All_of_Me__0007_v1,mixed_falsetto,1,EN-Alto-2,0.5602731704711914,0.9377920627593994,0.47196266055107117
EN-Alto-2__mixed_falsetto__technique__All_of_Me__0007_v2,mixed_falsetto,2,EN-Alto-2,0.5117362141609192,0.9881942272186279,0.5043163299560547
EN-Alto-2__mixed_falsetto__technique__All_of_Me__0008_v0,mixed_falsetto,0,EN-Alto-2,0.7267365455627441,0.7392746806144714,0.37507861852645874
EN-Alto-2__mixed_falsetto__technique__All_of_Me__0008_v1,mixed_falsetto,1,EN-Alto-2,0.6994075775146484,0.775361180305481,0.382114976644516
EN-Alto-2__mixed_falsetto__technique__All_of_Me__0008_v2,mixed_falsetto,2,EN-Alto-2,0.6577944755554199,0.8272915482521057,0.38790205121040344
EN-Alto-2__mixed_falsetto__technique__All_of_Me__0009_v0,mixed_falsetto,0,EN-Alto-2,0.688727855682373,0.7890148162841797,0.27352026104927063
EN-Alto-2__mixed_falsetto__technique__All_of_Me__0009_v1,mixed_falsetto,1,EN-Alto-2,0.6770213842391968,0.8037146925926208,0.3388461172580719
EN-Alto-2__mixed_falsetto__technique__All_of_Me__0009_v2,mixed_falsetto,2,EN-Alto-2,0.6675648093223572,0.8153958916664124,0.38308724761009216
EN-Alto-2__mixed_falsetto__technique__Call_Me_Maybe__0000_v0,mixed_falsetto,0,EN-Alto-2,0.4333341419696808,1.0645805597305298,0.2647542953491211
EN-Alto-2__mixed_falsetto__technique__Call_Me_Maybe__0000_v1,mixed_falsetto,1,EN-Alto-2,0.4936445951461792,1.0063353776931763,0.3378055691719055
EN-Alto-2__mixed_falsetto__technique__Call_Me_Maybe__0000_v2,mixed_falsetto,2,EN-Alto-2,0.4873301088809967,1.0125906467437744,0.4024727940559387
EN-Alto-2__mixed_falsetto__technique__Call_Me_Maybe__0001_v0,mixed_falsetto,0,EN-Alto-2,0.5390492677688599,0.960157036781311,0.33520442247390747
EN-Alto-2__mixed_falsetto__technique__Call_Me_Maybe__0001_v1,mixed_falsetto,1,EN-Alto-2,0.5262957811355591,0.9733492136001587,0.37173306941986084
EN-Alto-2__mixed_falsetto__technique__Call_Me_Maybe__0001_v2,mixed_falsetto,2,EN-Alto-2,0.533987820148468,0.9654141664505005,0.4301769435405731
EN-Alto-2__mixed_falsetto__technique__Call_Me_Maybe__0002_v0,mixed_falsetto,0,EN-Alto-2,0.4658598005771637,1.0335766077041626,0.3540465533733368
EN-Alto-2__mixed_falsetto__technique__Call_Me_Maybe__0002_v1,mixed_falsetto,1,EN-Alto-2,0.45042353868484497,1.0484050512313843,0.3449028730392456
EN-Alto-2__mixed_falsetto__technique__Call_Me_Maybe__0002_v2,mixed_falsetto,2,EN-Alto-2,0.45470985770225525,1.0443085432052612,0.3652175962924957
EN-Alto-2__mixed_falsetto__technique__Call_Me_Maybe__0003_v0,mixed_falsetto,0,EN-Alto-2,0.5128045678138733,0.9871124029159546,0.3708760440349579
EN-Alto-2__mixed_falsetto__technique__Call_Me_Maybe__0003_v1,mixed_falsetto,1,EN-Alto-2,0.4927923381328583,1.0071818828582764,0.39274442195892334
EN-Alto-2__mixed_falsetto__technique__Call_Me_Maybe__0003_v2,mixed_falsetto,2,EN-Alto-2,0.4738994538784027,1.025768518447876,0.3970530033111572
EN-Alto-2__mixed_falsetto__technique__Call_Me_Maybe__0004_v0,mixed_falsetto,0,EN-Alto-2,0.5035246014595032,0.9964691400527954,0.3340701460838318
EN-Alto-2__mixed_falsetto__technique__Call_Me_Maybe__0004_v1,mixed_falsetto,1,EN-Alto-2,0.5118141174316406,0.9881152510643005,0.3738845884799957
EN-Alto-2__mixed_falsetto__technique__Call_Me_Maybe__0004_v2,mixed_falsetto,2,EN-Alto-2,0.5008682012557983,0.999131441116333,0.39762043952941895
EN-Alto-2__mixed_falsetto__technique__City_Of_Stars__0000_v0,mixed_falsetto,0,EN-Alto-2,0.6196502447128296,0.8721808791160583,0.2157459557056427
EN-Alto-2__mixed_falsetto__technique__City_Of_Stars__0000_v1,mixed_falsetto,1,EN-Alto-2,0.6152260303497314,0.8772388100624084,0.2444707751274109
EN-Alto-2__mixed_falsetto__technique__City_Of_Stars__0000_v2,mixed_falsetto,2,EN-Alto-2,0.6094772815704346,0.8837677836418152,0.24585965275764465
EN-Alto-2__mixed_falsetto__technique__City_Of_Stars__0001_v0,mixed_falsetto,0,EN-Alto-2,0.595056414604187,0.8999373912811279,0.1565861850976944
EN-Alto-2__mixed_falsetto__technique__City_Of_Stars__0001_v1,mixed_falsetto,1,EN-Alto-2,0.5911721587181091,0.9042432308197021,0.15469302237033844
EN-Alto-2__mixed_falsetto__technique__City_Of_Stars__0001_v2,mixed_falsetto,2,EN-Alto-2,0.6356518268585205,0.8536372184753418,0.28254610300064087
EN-Alto-2__mixed_falsetto__technique__City_Of_Stars__0002_v0,mixed_falsetto,0,EN-Alto-2,0.7129971981048584,0.7576317191123962,0.31966638565063477
EN-Alto-2__mixed_falsetto__technique__City_Of_Stars__0002_v1,mixed_falsetto,1,EN-Alto-2,0.7294022440910339,0.7356600165367126,0.37878257036209106
EN-Alto-2__mixed_falsetto__technique__City_Of_Stars__0002_v2,mixed_falsetto,2,EN-Alto-2,0.7068657279014587,0.7656819224357605,0.3631475567817688
EN-Alto-2__mixed_falsetto__technique__City_Of_Stars__0003_v0,mixed_falsetto,0,EN-Alto-2,0.6660059690475464,0.8173054456710815,0.17522236704826355
EN-Alto-2__mixed_falsetto__technique__City_Of_Stars__0003_v1,mixed_falsetto,1,EN-Alto-2,0.6757608652114868,0.8052816390991211,0.20845359563827515
EN-Alto-2__mixed_falsetto__technique__City_Of_Stars__0003_v2,mixed_falsetto,2,EN-Alto-2,0.657459020614624,0.8276968598365784,0.21704386174678802
EN-Alto-2__mixed_falsetto__technique__City_Of_Stars__0004_v0,mixed_falsetto,0,EN-Alto-2,0.6004056930541992,0.8939735889434814,0.22140130400657654
EN-Alto-2__mixed_falsetto__technique__City_Of_Stars__0004_v1,mixed_falsetto,1,EN-Alto-2,0.6046475172042847,0.8892159461975098,0.28709298372268677
EN-Alto-2__mixed_falsetto__technique__City_Of_Stars__0004_v2,mixed_falsetto,2,EN-Alto-2,0.6116709113121033,0.8812822103500366,0.3303624391555786
EN-Alto-2__mixed_falsetto__technique__City_Of_Stars__0005_v0,mixed_falsetto,0,EN-Alto-2,0.6113544702529907,0.8816412091255188,0.16562645137310028
EN-Alto-2__mixed_falsetto__technique__City_Of_Stars__0005_v1,mixed_falsetto,1,EN-Alto-2,0.6146355867385864,0.8779117465019226,0.22933368384838104
EN-Alto-2__mixed_falsetto__technique__City_Of_Stars__0005_v2,mixed_falsetto,2,EN-Alto-2,0.625501275062561,0.8654463887214661,0.28628572821617126
EN-Alto-2__mixed_falsetto__technique__City_Of_Stars__0006_v0,mixed_falsetto,0,EN-Alto-2,0.6710600852966309,0.811098039150238,0.2574060261249542
EN-Alto-2__mixed_falsetto__technique__City_Of_Stars__0006_v1,mixed_falsetto,1,EN-Alto-2,0.6819806098937988,0.7975204586982727,0.3131077289581299
EN-Alto-2__mixed_falsetto__technique__City_Of_Stars__0006_v2,mixed_falsetto,2,EN-Alto-2,0.670235276222229,0.8121143579483032,0.33155253529548645
EN-Alto-2__mixed_falsetto__technique__City_Of_Stars__0007_v0,mixed_falsetto,0,EN-Alto-2,0.6883468627929688,0.7894974946975708,0.3458063304424286
EN-Alto-2__mixed_falsetto__technique__City_Of_Stars__0007_v1,mixed_falsetto,1,EN-Alto-2,0.6851376891136169,0.793552041053772,0.37302446365356445
EN-Alto-2__mixed_falsetto__technique__City_Of_Stars__0007_v2,mixed_falsetto,2,EN-Alto-2,0.6930734515190125,0.783487856388092,0.4184989929199219
EN-Alto-2__mixed_falsetto__technique__City_Of_Stars__0008_v0,mixed_falsetto,0,EN-Alto-2,0.6939041018486023,0.7824269533157349,0.3910903036594391
EN-Alto-2__mixed_falsetto__technique__City_Of_Stars__0008_v1,mixed_falsetto,1,EN-Alto-2,0.6718946099281311,0.8100683689117432,0.4264184832572937
EN-Alto-2__mixed_falsetto__technique__City_Of_Stars__0008_v2,mixed_falsetto,2,EN-Alto-2,0.6447593569755554,0.8429005742073059,0.4488346576690674
EN-Alto-2__mixed_falsetto__technique__City_Of_Stars__0009_v0,mixed_falsetto,0,EN-Alto-2,0.6088417172431946,0.8844866156578064,0.34006810188293457
EN-Alto-2__mixed_falsetto__technique__City_Of_Stars__0009_v1,mixed_falsetto,1,EN-Alto-2,0.6122150421142578,0.8806644678115845,0.3780846893787384
EN-Alto-2__mixed_falsetto__technique__City_Of_Stars__0009_v2,mixed_falsetto,2,EN-Alto-2,0.5998221635818481,0.8946259021759033,0.4167795777320862
EN-Alto-2__mixed_falsetto__technique__City_Of_Stars__0010_v0,mixed_falsetto,0,EN-Alto-2,0.5993146896362305,0.8951930999755859,0.36616143584251404
EN-Alto-2__mixed_falsetto__technique__City_Of_Stars__0010_v1,mixed_falsetto,1,EN-Alto-2,0.5980448722839355,0.8966104984283447,0.41726478934288025
EN-Alto-2__mixed_falsetto__technique__City_Of_Stars__0010_v2,mixed_falsetto,2,EN-Alto-2,0.5393970012664795,0.959794819355011,0.3855762183666229
EN-Alto-2__mixed_falsetto__technique__City_Of_Stars__0011_v0,mixed_falsetto,0,EN-Alto-2,0.6717869639396667,0.8102013468742371,0.22186097502708435
EN-Alto-2__mixed_falsetto__technique__City_Of_Stars__0011_v1,mixed_falsetto,1,EN-Alto-2,0.6397616863250732,0.848809003829956,0.2432165890932083
EN-Alto-2__mixed_falsetto__technique__City_Of_Stars__0011_v2,mixed_falsetto,2,EN-Alto-2,0.6298255920410156,0.8604353070259094,0.25632864236831665
EN-Alto-2__mixed_falsetto__technique__City_Of_Stars__0012_v0,mixed_falsetto,0,EN-Alto-2,0.6885690689086914,0.7892161011695862,0.14270234107971191
EN-Alto-2__mixed_falsetto__technique__City_Of_Stars__0012_v1,mixed_falsetto,1,EN-Alto-2,0.6982883810997009,0.7768033146858215,0.1776725798845291
EN-Alto-2__mixed_falsetto__technique__City_Of_Stars__0012_v2,mixed_falsetto,2,EN-Alto-2,0.7039384841918945,0.7694954872131348,0.19212310016155243
EN-Alto-2__mixed_falsetto__technique__City_Of_Stars__0013_v0,mixed_falsetto,0,EN-Alto-2,0.7108819484710693,0.7604185938835144,0.24931079149246216
EN-Alto-2__mixed_falsetto__technique__City_Of_Stars__0013_v1,mixed_falsetto,1,EN-Alto-2,0.6998403072357178,0.7748028635978699,0.23703913390636444
EN-Alto-2__mixed_falsetto__technique__City_Of_Stars__0013_v2,mixed_falsetto,2,EN-Alto-2,0.6286221146583557,0.861832857131958,0.2317890077829361
EN-Alto-2__mixed_falsetto__technique__Cry_on_My_Shoulder__0000_v0,mixed_falsetto,0,EN-Alto-2,0.4765133559703827,1.0232172012329102,0.23624679446220398
EN-Alto-2__mixed_falsetto__technique__Cry_on_My_Shoulder__0000_v1,mixed_falsetto,1,EN-Alto-2,0.5254529714584351,0.9742146730422974,0.2866416275501251
EN-Alto-2__mixed_falsetto__technique__Cry_on_My_Shoulder__0000_v2,mixed_falsetto,2,EN-Alto-2,0.4877392649650574,1.0121865272521973,0.2836103141307831
EN-Alto-2__mixed_falsetto__technique__Cry_on_My_Shoulder__0001_v0,mixed_falsetto,0,EN-Alto-2,0.7078393697738647,0.764409065246582,0.26650470495224
EN-Alto-2__mixed_falsetto__technique__Cry_on_My_Shoulder__0001_v1,mixed_falsetto,1,EN-Alto-2,0.7077280282974243,0.7645547986030579,0.33063873648643494
EN-Alto-2__mixed_falsetto__technique__Cry_on_My_Shoulder__0001_v2,mixed_falsetto,2,EN-Alto-2,0.6490048170089722,0.8378486037254333,0.31576821208000183
EN-Alto-2__mixed_falsetto__technique__Cry_on_My_Shoulder__0002_v0,mixed_falsetto,0,EN-Alto-2,0.6573086977005005,0.8278784155845642,0.3406371772289276
EN-Alto-2__mixed_falsetto__technique__Cry_on_My_Shoulder__0002_v1,mixed_falsetto,1,EN-Alto-2,0.6328673958778381,0.8568928241729736,0.36697593331336975
EN-Alto-2__mixed_falsetto__technique__Cry_on_My_Shoulder__0002_v2,mixed_falsetto,2,EN-Alto-2,0.6051211357116699,0.8886832594871521,0.34041768312454224
EN-Alto-2__mixed_falsetto__technique__Cry_on_My_Shoulder__0003_v0,mixed_falsetto,0,EN-Alto-2,0.6285889744758606,0.8618713617324829,0.34921932220458984
EN-Alto-2__mixed_falsetto__technique__Cry_on_My_Shoulder__0003_v1,mixed_falsetto,1,EN-Alto-2,0.6038657426834106,0.8900947570800781,0.3745550811290741
EN-Alto-2__mixed_falsetto__technique__Cry_on_My_Shoulder__0003_v2,mixed_falsetto,2,EN-Alto-2,0.5943303108215332,0.9007439017295837,0.42794370651245117
EN-Alto-2__mixed_falsetto__technique__Cry_on_My_Shoulder__0004_v0,mixed_falsetto,0,EN-Alto-2,0.6729453802108765,0.8087703585624695,0.2706797420978546
EN-Alto-2__mixed_falsetto__technique__Cry_on_My_Shoulder__0004_v1,mixed_falsetto,1,EN-Alto-2,0.6472635269165039,0.8399245142936707,0.32284119725227356
EN-Alto-2__mixed_falsetto__technique__Cry_on_My_Shoulder__0004_v2,mixed_falsetto,2,EN-Alto-2,0.6284632086753845,0.8620172142982483,0.2807541787624359
EN-Alto-2__mixed_falsetto__technique__Cry_on_My_Shoulder__0005_v0,mixed_falsetto,0,EN-Alto-2,0.6504926681518555,0.8360711336135864,0.321913480758667
EN-Alto-2__mixed_falsetto__technique__Cry_on_My_Shoulder__0005_v1,mixed_falsetto,1,EN-Alto-2,0.6169714331626892,0.8752469420433044,0.3751642405986786
EN-Alto-2__mixed_falsetto__technique__Cry_on_My_Shoulder__0005_v2,mixed_falsetto,2,EN-Alto-2,0.6241981983184814,0.8669507503509521,0.44844627380371094
EN-Alto-2__mixed_falsetto__technique__Cry_on_My_Shoulder__0006_v0,mixed_falsetto,0,EN-Alto-2,0.6946316957473755,0.7814964652061462,0.27566826343536377
EN-Alto-2__mixed_falsetto__technique__Cry_on_My_Shoulder__0006_v1,mixed_falsetto,1,EN-Alto-2,0.6865389943122864,0.7917841076850891,0.35111987590789795
EN-Alto-2__mixed_falsetto__technique__Cry_on_My_Shoulder__0006_v2,mixed_falsetto,2,EN-Alto-2,0.6667242050170898,0.8164262175559998,0.3737339973449707
EN-Alto-2__mixed_falsetto__technique__Cry_on_My_Shoulder__0007_v0,mixed_falsetto,0,EN-Alto-2,0.5945454835891724,0.9005049467086792,0.4079878032207489
EN-Alto-2__mixed_falsetto__technique__Cry_on_My_Shoulder__0007_v1,mixed_falsetto,1,EN-Alto-2,0.5844337940216064,0.9116647839546204,0.4314775764942169
EN-Alto-2__mixed_falsetto__technique__Cry_on_My_Shoulder__0007_v2,mixed_falsetto,2,EN-Alto-2,0.5704260468482971,0.9269024729728699,0.4574072062969208
EN-Alto-2__mixed_falsetto__technique__Dream_It_Possible__0000_v0,mixed_falsetto,0,EN-Alto-2,0.6164971590042114,0.8757887482643127,0.14352947473526
EN-Alto-2__mixed_falsetto__technique__Dream_It_Possible__0000_v1,mixed_falsetto,1,EN-Alto-2,0.6544920802116394,0.83127361536026,0.24957264959812164
EN-Alto-2__mixed_falsetto__technique__Dream_It_Possible__0000_v2,mixed_falsetto,2,EN-Alto-2,0.642744779586792,0.8452873229980469,0.23229891061782837
EN-Alto-2__mixed_falsetto__technique__Dream_It_Possible__0001_v0,mixed_falsetto,0,EN-Alto-2,0.6673430800437927,0.8156678080558777,0.3075631260871887
EN-Alto-2__mixed_falsetto__technique__Dream_It_Possible__0001_v1,mixed_falsetto,1,EN-Alto-2,0.6666345000267029,0.8165360689163208,0.3636474013328552
EN-Alto-2__mixed_falsetto__technique__Dream_It_Possible__0001_v2,mixed_falsetto,2,EN-Alto-2,0.6659458875656128,0.8173788785934448,0.394077867269516
EN-Alto-2__mixed_falsetto__technique__Dream_It_Possible__0002_v0,mixed_falsetto,0,EN-Alto-2,0.6749250888824463,0.8063188195228577,0.3962235748767853
EN-Alto-2__mixed_falsetto__technique__Dream_It_Possible__0002_v1,mixed_falsetto,1,EN-Alto-2,0.6434721350669861,0.8444263339042664,0.42027541995048523
EN-Alto-2__mixed_falsetto__technique__Dream_It_Possible__0002_v2,mixed_falsetto,2,EN-Alto-2,0.6214253306388855,0.8701433539390564,0.37410247325897217
EN-Alto-2__mixed_falsetto__technique__Dream_It_Possible__0003_v0,mixed_falsetto,0,EN-Alto-2,0.6851515769958496,0.7935344576835632,0.32734909653663635
EN-Alto-2__mixed_falsetto__technique__Dream_It_Possible__0003_v1,mixed_falsetto,1,EN-Alto-2,0.6590232849121094,0.8258047699928284,0.3564243018627167
EN-Alto-2__mixed_falsetto__technique__Dream_It_Possible__0003_v2,mixed_falsetto,2,EN-Alto-2,0.6526853442192078,0.8334444165229797,0.38922664523124695
EN-Alto-2__mixed_falsetto__technique__Dream_It_Possible__0004_v0,mixed_falsetto,0,EN-Alto-2,0.6707806587219238,0.8114424347877502,0.3589938282966614
EN-Alto-2__mixed_falsetto__technique__Dream_It_Possible__0004_v1,mixed_falsetto,1,EN-Alto-2,0.6426976323127747,0.8453429937362671,0.38102778792381287
EN-Alto-2__mixed_falsetto__technique__Dream_It_Possible__0004_v2,mixed_falsetto,2,EN-Alto-2,0.6404244303703308,0.8480279445648193,0.3978956341743469
EN-Alto-2__mixed_falsetto__technique__Dream_It_Possible__0005_v0,mixed_falsetto,0,EN-Alto-2,0.6452180743217468,0.8423562049865723,0.31465354561805725
EN-Alto-2__mixed_falsetto__technique__Dream_It_Possible__0005_v1,mixed_falsetto,1,EN-Alto-2,0.6382889747619629,0.8505423069000244,0.37955987453460693
EN-Alto-2__mixed_falsetto__technique__Dream_It_Possible__0005_v2,mixed_falsetto,2,EN-Alto-2,0.6164891123771667,0.8757979273796082,0.38159024715423584
EN-Alto-2__mixed_falsetto__technique__Easy_On_Me__0000_v0,mixed_falsetto,0,EN-Alto-2,0.6447046399116516,0.8429654240608215,0.2143307626247406
EN-Alto-2__mixed_falsetto__technique__Easy_On_Me__0000_v1,mixed_falsetto,1,EN-Alto-2,0.6216381192207336,0.8698987364768982,0.2167799323797226
EN-Alto-2__mixed_falsetto__technique__Easy_On_Me__0000_v2,mixed_falsetto,2,EN-Alto-2,0.6167975664138794,0.875445544719696,0.2402641326189041
EN-Alto-2__mixed_falsetto__technique__Easy_On_Me__0001_v0,mixed_falsetto,0,EN-Alto-2,0.7457693219184875,0.7130649089813232,0.3263460099697113
EN-Alto-2__mixed_falsetto__technique__Easy_On_Me__0001_v1,mixed_falsetto,1,EN-Alto-2,0.731526255607605,0.7327671051025391,0.3785354197025299
EN-Alto-2__mixed_falsetto__technique__Easy_On_Me__0001_v2,mixed_falsetto,2,EN-Alto-2,0.7010873556137085,0.7731916308403015,0.37535199522972107
EN-Alto-2__mixed_falsetto__technique__Easy_On_Me__0002_v0,mixed_falsetto,0,EN-Alto-2,0.6423779726028442,0.8457211256027222,0.4394358992576599
EN-Alto-2__mixed_falsetto__technique__Easy_On_Me__0002_v1,mixed_falsetto,1,EN-Alto-2,0.6604758501052856,0.8240439295768738,0.5136324763298035
EN-Alto-2__mixed_falsetto__technique__Easy_On_Me__0002_v2,mixed_falsetto,2,EN-Alto-2,0.6218859553337097,0.8696138262748718,0.5219523310661316
EN-Alto-2__mixed_falsetto__technique__Easy_On_Me__0003_v0,mixed_falsetto,0,EN-Alto-2,0.6334365606307983,0.8562282919883728,0.21655838191509247
EN-Alto-2__mixed_falsetto__technique__Easy_On_Me__0003_v1,mixed_falsetto,1,EN-Alto-2,0.6321635246276855,0.8577138781547546,0.23214766383171082
EN-Alto-2__mixed_falsetto__technique__Easy_On_Me__0003_v2,mixed_falsetto,2,EN-Alto-2,0.6353286504745483,0.8540157079696655,0.26578399538993835
EN-Alto-2__mixed_falsetto__technique__Easy_On_Me__0004_v0,mixed_falsetto,0,EN-Alto-2,0.6159616112709045,0.8763998746871948,0.14720116555690765
EN-Alto-2__mixed_falsetto__technique__Easy_On_Me__0004_v1,mixed_falsetto,1,EN-Alto-2,0.6232890486717224,0.8679987788200378,0.193111389875412
EN-Alto-2__mixed_falsetto__technique__Easy_On_Me__0004_v2,mixed_falsetto,2,EN-Alto-2,0.600905179977417,0.8934146165847778,0.27055487036705017
EN-Alto-2__mixed_falsetto__technique__Easy_On_Me__0005_v0,mixed_falsetto,0,EN-Alto-2,0.5745725631713867,0.9224180579185486,0.38157084584236145
EN-Alto-2__mixed_falsetto__technique__Easy_On_Me__0005_v1,mixed_falsetto,1,EN-Alto-2,0.5779657959938049,0.9187320470809937,0.426286518573761
EN-Alto-2__mixed_falsetto__technique__Easy_On_Me__0005_v2,mixed_falsetto,2,EN-Alto-2,0.5827255249023438,0.9135366082191467,0.42647606134414673
EN-Alto-2__mixed_falsetto__technique__Easy_On_Me__0006_v0,mixed_falsetto,0,EN-Alto-2,0.6919487714767456,0.7849219441413879,0.23829194903373718
EN-Alto-2__mixed_falsetto__technique__Easy_On_Me__0006_v1,mixed_falsetto,1,EN-Alto-2,0.6721813678741455,0.8097144365310669,0.2597666084766388
EN-Alto-2__mixed_falsetto__technique__Easy_On_Me__0006_v2,mixed_falsetto,2,EN-Alto-2,0.6353272199630737,0.8540173768997192,0.29244545102119446
EN-Alto-2__mixed_falsetto__technique__Easy_On_Me__0007_v0,mixed_falsetto,0,EN-Alto-2,0.6429936289787292,0.8449927568435669,0.2168731987476349
EN-Alto-2__mixed_falsetto__technique__Easy_On_Me__0007_v1,mixed_falsetto,1,EN-Alto-2,0.6295732259750366,0.8607285618782043,0.2358219176530838
EN-Alto-2__mixed_falsetto__technique__Easy_On_Me__0007_v2,mixed_falsetto,2,EN-Alto-2,0.635651171207428,0.8536379933357239,0.2832103967666626
EN-Alto-2__mixed_falsetto__technique__Five_Hundred_Miles__0000_v0,mixed_falsetto,0,EN-Alto-2,0.6545943021774292,0.8311507701873779,0.3354354202747345
EN-Alto-2__mixed_falsetto__technique__Five_Hundred_Miles__0000_v1,mixed_falsetto,1,EN-Alto-2,0.6562879085540771,0.8291105031967163,0.39488157629966736
EN-Alto-2__mixed_falsetto__technique__Five_Hundred_Miles__0000_v2,mixed_falsetto,2,EN-Alto-2,0.6395198106765747,0.8490939140319824,0.44245365262031555
EN-Alto-2__mixed_falsetto__technique__Five_Hundred_Miles__0001_v0,mixed_falsetto,0,EN-Alto-2,0.7867797613143921,0.6530242562294006,0.3105776011943817
EN-Alto-2__mixed_falsetto__technique__Five_Hundred_Miles__0001_v1,mixed_falsetto,1,EN-Alto-2,0.7970641851425171,0.6370806694030762,0.3835705816745758
EN-Alto-2__mixed_falsetto__technique__Five_Hundred_Miles__0001_v2,mixed_falsetto,2,EN-Alto-2,0.7783878445625305,0.6657510995864868,0.40853986144065857
EN-Alto-2__mixed_falsetto__technique__Five_Hundred_Miles__0002_v0,mixed_falsetto,0,EN-Alto-2,0.7459927201271057,0.7127513885498047,0.3648737072944641
EN-Alto-2__mixed_falsetto__technique__Five_Hundred_Miles__0002_v1,mixed_falsetto,1,EN-Alto-2,0.7352144122123718,0.7277163863182068,0.37965628504753113
EN-Alto-2__mixed_falsetto__technique__Five_Hundred_Miles__0002_v2,mixed_falsetto,2,EN-Alto-2,0.6874918937683105,0.7905797362327576,0.4160490036010742
EN-Alto-2__mixed_falsetto__technique__Five_Hundred_Miles__0003_v0,mixed_falsetto,0,EN-Alto-2,0.8197420239448547,0.600429892539978,0.32072609663009644
EN-Alto-2__mixed_falsetto__technique__Five_Hundred_Miles__0003_v1,mixed_falsetto,1,EN-Alto-2,0.80887770652771,0.6182594895362854,0.36157655715942383
EN-Alto-2__mixed_falsetto__technique__Five_Hundred_Miles__0003_v2,mixed_falsetto,2,EN-Alto-2,0.7787010669708252,0.6652804017066956,0.3671956956386566
EN-Alto-2__mixed_falsetto__technique__Five_Hundred_Miles__0004_v0,mixed_falsetto,0,EN-Alto-2,0.8107877969741821,0.615162193775177,0.30579355359077454
EN-Alto-2__mixed_falsetto__technique__Five_Hundred_Miles__0004_v1,mixed_falsetto,1,EN-Alto-2,0.7910613417625427,0.646434485912323,0.3305512070655823
EN-Alto-2__mixed_falsetto__technique__Five_Hundred_Miles__0004_v2,mixed_falsetto,2,EN-Alto-2,0.7281222343444824,0.7373979687690735,0.2817381024360657
EN-Alto-2__mixed_falsetto__technique__Five_Hundred_Miles__0005_v0,mixed_falsetto,0,EN-Alto-2,0.7644720077514648,0.6863352656364441,0.2998112738132477
EN-Alto-2__mixed_falsetto__technique__Five_Hundred_Miles__0005_v1,mixed_falsetto,1,EN-Alto-2,0.761709451675415,0.6903486251831055,0.33842507004737854
EN-Alto-2__mixed_falsetto__technique__Five_Hundred_Miles__0005_v2,mixed_falsetto,2,EN-Alto-2,0.7319746017456055,0.7321549654006958,0.3691560924053192
EN-Alto-2__mixed_falsetto__technique__Five_Hundred_Miles__0006_v0,mixed_falsetto,0,EN-Alto-2,0.710480272769928,0.7609463930130005,0.3012588620185852
EN-Alto-2__mixed_falsetto__technique__Five_Hundred_Miles__0006_v1,mixed_falsetto,1,EN-Alto-2,0.7275276184082031,0.7382038235664368,0.3331106901168823
EN-Alto-2__mixed_falsetto__technique__Five_Hundred_Miles__0006_v2,mixed_falsetto,2,EN-Alto-2,0.7129494547843933,0.7576947212219238,0.3725655674934387
EN-Alto-2__mixed_falsetto__technique__Five_Hundred_Miles__0007_v0,mixed_falsetto,0,EN-Alto-2,0.6905553936958313,0.7866951823234558,0.3495112359523773
EN-Alto-2__mixed_falsetto__technique__Five_Hundred_Miles__0007_v1,mixed_falsetto,1,EN-Alto-2,0.6967798471450806,0.778742790222168,0.4203893840312958
EN-Alto-2__mixed_falsetto__technique__Five_Hundred_Miles__0007_v2,mixed_falsetto,2,EN-Alto-2,0.698524534702301,0.7764990925788879,0.49545782804489136
EN-Alto-2__mixed_falsetto__technique__Five_Hundred_Miles__0008_v0,mixed_falsetto,0,EN-Alto-2,0.7180682420730591,0.7509085536003113,0.27430808544158936
EN-Alto-2__mixed_falsetto__technique__Five_Hundred_Miles__0008_v1,mixed_falsetto,1,EN-Alto-2,0.7120535969734192,0.7588760256767273,0.3537297546863556
EN-Alto-2__mixed_falsetto__technique__Five_Hundred_Miles__0008_v2,mixed_falsetto,2,EN-Alto-2,0.6771309971809387,0.80357825756073,0.3721398115158081
EN-Alto-2__mixed_falsetto__technique__Fly_Me_to_the_Moon__0000_v0,mixed_falsetto,0,EN-Alto-2,0.5590129494667053,0.9391348361968994,0.2728102505207062
EN-Alto-2__mixed_falsetto__technique__Fly_Me_to_the_Moon__0000_v1,mixed_falsetto,1,EN-Alto-2,0.5853369832038879,0.9106734395027161,0.3321298360824585
EN-Alto-2__mixed_falsetto__technique__Fly_Me_to_the_Moon__0000_v2,mixed_falsetto,2,EN-Alto-2,0.5736229419708252,0.9234468936920166,0.41516491770744324
EN-Alto-2__mixed_falsetto__technique__Fly_Me_to_the_Moon__0001_v0,mixed_falsetto,0,EN-Alto-2,0.3778854012489319,1.1154502630233765,0.29610592126846313
EN-Alto-2__mixed_falsetto__technique__Fly_Me_to_the_Moon__0001_v1,mixed_falsetto,1,EN-Alto-2,0.3973475992679596,1.0978639125823975,0.3656369745731354
EN-Alto-2__mixed_falsetto__technique__Fly_Me_to_the_Moon__0001_v2,mixed_falsetto,2,EN-Alto-2,0.44017738103866577,1.0581330060958862,0.4412681460380554
EN-Alto-2__mixed_falsetto__technique__Fly_Me_to_the_Moon__0002_v0,mixed_falsetto,0,EN-Alto-2,0.5777837634086609,0.918930172920227,0.3221224248409271
EN-Alto-2__mixed_falsetto__technique__Fly_Me_to_the_Moon__0002_v1,mixed_falsetto,1,EN-Alto-2,0.5734744071960449,0.9236077070236206,0.4088108539581299
EN-Alto-2__mixed_falsetto__technique__Fly_Me_to_the_Moon__0002_v2,mixed_falsetto,2,EN-Alto-2,0.571735680103302,0.9254884719848633,0.42224812507629395
EN-Alto-2__mixed_falsetto__technique__Fly_Me_to_the_Moon__0003_v0,mixed_falsetto,0,EN-Alto-2,0.6146800518035889,0.8778610229492188,0.3900119662284851
EN-Alto-2__mixed_falsetto__technique__Fly_Me_to_the_Moon__0003_v1,mixed_falsetto,1,EN-Alto-2,0.6203567981719971,0.8713704943656921,0.4298986792564392
EN-Alto-2__mixed_falsetto__technique__Fly_Me_to_the_Moon__0003_v2,mixed_falsetto,2,EN-Alto-2,0.591941773891449,0.9033917188644409,0.47770553827285767
EN-Alto-2__mixed_falsetto__technique__Fly_Me_to_the_Moon__0004_v0,mixed_falsetto,0,EN-Alto-2,0.6334066390991211,0.8562632203102112,0.2972569763660431
EN-Alto-2__mixed_falsetto__technique__Fly_Me_to_the_Moon__0004_v1,mixed_falsetto,1,EN-Alto-2,0.6251742839813232,0.8658241629600525,0.315019816160202
EN-Alto-2__mixed_falsetto__technique__Fly_Me_to_the_Moon__0004_v2,mixed_falsetto,2,EN-Alto-2,0.6293100118637085,0.8610343337059021,0.3643649220466614
EN-Alto-2__mixed_falsetto__technique__God_is_A_Girl__0000_v0,mixed_falsetto,0,EN-Alto-2,0.6476089954376221,0.8395129442214966,0.28728121519088745
EN-Alto-2__mixed_falsetto__technique__God_is_A_Girl__0000_v1,mixed_falsetto,1,EN-Alto-2,0.6353709697723389,0.853966236114502,0.33934837579727173
EN-Alto-2__mixed_falsetto__technique__God_is_A_Girl__0000_v2,mixed_falsetto,2,EN-Alto-2,0.5927430987358093,0.9025042653083801,0.36302512884140015
EN-Alto-2__mixed_falsetto__technique__God_is_A_Girl__0001_v0,mixed_falsetto,0,EN-Alto-2,0.7180256843566895,0.7509651780128479,0.379241019487381
EN-Alto-2__mixed_falsetto__technique__God_is_A_Girl__0001_v1,mixed_falsetto,1,EN-Alto-2,0.7055361866950989,0.7674162983894348,0.44091343879699707
EN-Alto-2__mixed_falsetto__technique__God_is_A_Girl__0001_v2,mixed_falsetto,2,EN-Alto-2,0.6753358840942383,0.8058091998100281,0.44826796650886536
EN-Alto-2__mixed_falsetto__technique__God_is_A_Girl__0002_v0,mixed_falsetto,0,EN-Alto-2,0.7036765813827515,0.7698355913162231,0.39099588990211487
EN-Alto-2__mixed_falsetto__technique__God_is_A_Girl__0002_v1,mixed_falsetto,1,EN-Alto-2,0.6832118630409241,0.7959751486778259,0.4234623610973358
EN-Alto-2__mixed_falsetto__technique__God_is_A_Girl__0002_v2,mixed_falsetto,2,EN-Alto-2,0.6398254632949829,0.8487338423728943,0.4376436173915863
EN-Alto-2__mixed_falsetto__technique__God_is_A_Girl__0003_v0,mixed_falsetto,0,EN-Alto-2,0.5638465881347656,0.9339736700057983,0.47886326909065247
EN-Alto-2__mixed_falsetto__technique__God_is_A_Girl__0003_v1,mixed_falsetto,1,EN-Alto-2,0.541084885597229,0.9580346345901489,0.5278388261795044
EN-Alto-2__mixed_falsetto__technique__God_is_A_Girl__0003_v2,mixed_falsetto,2,EN-Alto-2,0.5111468434333801,0.9887902736663818,0.5505566000938416
EN-Alto-2__mixed_falsetto__technique__God_is_A_Girl__0004_v0,mixed_falsetto,0,EN-Alto-2,0.5008859634399414,0.9991137385368347,0.35252484679222107
EN-Alto-2__mixed_falsetto__technique__God_is_A_Girl__0004_v1,mixed_falsetto,1,EN-Alto-2,0.5120322108268738,0.987894594669342,0.3979109525680542
EN-Alto-2__mixed_falsetto__technique__God_is_A_Girl__0004_v2,mixed_falsetto,2,EN-Alto-2,0.45608848333358765,1.042987585067749,0.42274898290634155
EN-Alto-2__mixed_falsetto__technique__God_is_A_Girl__0005_v0,mixed_falsetto,0,EN-Alto-2,0.5989618897438049,0.895587146282196,0.31384533643722534
EN-Alto-2__mixed_falsetto__technique__God_is_A_Girl__0005_v1,mixed_falsetto,1,EN-Alto-2,0.5539678931236267,0.9444915652275085,0.4034958481788635
EN-Alto-2__mixed_falsetto__technique__God_is_A_Girl__0005_v2,mixed_falsetto,2,EN-Alto-2,0.5117213129997253,0.9882093071937561,0.4432651400566101
EN-Alto-2__mixed_falsetto__technique__God_is_A_Girl__0006_v0,mixed_falsetto,0,EN-Alto-2,0.6151397228240967,0.8773370981216431,0.3550100326538086
EN-Alto-2__mixed_falsetto__technique__God_is_A_Girl__0006_v1,mixed_falsetto,1,EN-Alto-2,0.6070750951766968,0.8864818215370178,0.42393121123313904
EN-Alto-2__mixed_falsetto__technique__God_is_A_Girl__0006_v2,mixed_falsetto,2,EN-Alto-2,0.5541406273841858,0.9443086981773376,0.4663519561290741
EN-Alto-2__mixed_falsetto__technique__God_is_A_Girl__0007_v0,mixed_falsetto,0,EN-Alto-2,0.5624067783355713,0.935513973236084,0.42358335852622986
EN-Alto-2__mixed_falsetto__technique__God_is_A_Girl__0007_v1,mixed_falsetto,1,EN-Alto-2,0.5081073045730591,0.9918596148490906,0.47376057505607605
EN-Alto-2__mixed_falsetto__technique__God_is_A_Girl__0007_v2,mixed_falsetto,2,EN-Alto-2,0.47226181626319885,1.027363896369934,0.49830004572868347
EN-Alto-2__mixed_falsetto__technique__Hello__0000_v0,mixed_falsetto,0,EN-Alto-2,0.6331188678741455,0.8565993905067444,0.1659996509552002
EN-Alto-2__mixed_falsetto__technique__Hello__0000_v1,mixed_falsetto,1,EN-Alto-2,0.5821794271469116,0.9141340851783752,0.18658138811588287
EN-Alto-2__mixed_falsetto__technique__Hello__0000_v2,mixed_falsetto,2,EN-Alto-2,0.5806038975715637,0.915856122970581,0.22166328132152557
EN-Alto-2__mixed_falsetto__technique__Hello__0001_v0,mixed_falsetto,0,EN-Alto-2,0.6145755648612976,0.87798011302948,0.2729001045227051
EN-Alto-2__mixed_falsetto__technique__Hello__0001_v1,mixed_falsetto,1,EN-Alto-2,0.6282070279121399,0.8623142838478088,0.3462270498275757
EN-Alto-2__mixed_falsetto__technique__Hello__0001_v2,mixed_falsetto,2,EN-Alto-2,0.6083164215087891,0.8850803971290588,0.3980773091316223
EN-Alto-2__mixed_falsetto__technique__Hello__0002_v0,mixed_falsetto,0,EN-Alto-2,0.5367547869682312,0.9625437259674072,0.2755624055862427
EN-Alto-2__mixed_falsetto__technique__Hello__0002_v1,mixed_falsetto,1,EN-Alto-2,0.5702153444290161,0.9271296262741089,0.3797207176685333
EN-Alto-2__mixed_falsetto__technique__Hello__0002_v2,mixed_falsetto,2,EN-Alto-2,0.5468350648880005,0.9520137310028076,0.40976622700691223
EN-Alto-2__mixed_falsetto__technique__Hello__0003_v0,mixed_falsetto,0,EN-Alto-2,0.6089017391204834,0.8844189047813416,0.17913049459457397
EN-Alto-2__mixed_falsetto__technique__Hello__0003_v1,mixed_falsetto,1,EN-Alto-2,0.6336868405342102,0.8559361100196838,0.2006516009569168
EN-Alto-2__mixed_falsetto__technique__Hello__0003_v2,mixed_falsetto,2,EN-Alto-2,0.6259621977806091,0.8649137616157532,0.2432142198085785
EN-Alto-2__mixed_falsetto__technique__Hello__0004_v0,mixed_falsetto,0,EN-Alto-2,0.6046997308731079,0.889157235622406,0.27493733167648315
EN-Alto-2__mixed_falsetto__technique__Hello__0004_v1,mixed_falsetto,1,EN-Alto-2,0.6031883955001831,0.8908553719520569,0.4056908190250397
EN-Alto-2__mixed_falsetto__technique__Hello__0004_v2,mixed_falsetto,2,EN-Alto-2,0.5742549896240234,0.9227622151374817,0.4282616972923279
EN-Alto-2__mixed_falsetto__technique__Hello__0005_v0,mixed_falsetto,0,EN-Alto-2,0.7158558368682861,0.7538490891456604,0.17639116942882538
EN-Alto-2__mixed_falsetto__technique__Hello__0005_v1,mixed_falsetto,1,EN-Alto-2,0.6973243355751038,0.7780433297157288,0.22864504158496857
EN-Alto-2__mixed_falsetto__technique__Hello__0005_v2,mixed_falsetto,2,EN-Alto-2,0.676440954208374,0.8044365644454956,0.2767936885356903
EN-Alto-2__mixed_falsetto__technique__Hello__0006_v0,mixed_falsetto,0,EN-Alto-2,0.6554497480392456,0.8301209211349487,0.34262704849243164
EN-Alto-2__mixed_falsetto__technique__Hello__0006_v1,mixed_falsetto,1,EN-Alto-2,0.6714769601821899,0.8105838894844055,0.37467870116233826
EN-Alto-2__mixed_falsetto__technique__Hello__0006_v2,mixed_falsetto,2,EN-Alto-2,0.6432431936264038,0.8446974754333496,0.3199135661125183
EN-Alto-2__mixed_falsetto__technique__Hello__0007_v0,mixed_falsetto,0,EN-Alto-2,0.7590937614440918,0.6941273212432861,0.39197397232055664
EN-Alto-2__mixed_falsetto__technique__Hello__0007_v1,mixed_falsetto,1,EN-Alto-2,0.7582823038101196,0.6952952742576599,0.40084439516067505
EN-Alto-2__mixed_falsetto__technique__Hello__0007_v2,mixed_falsetto,2,EN-Alto-2,0.7047892808914185,0.7683889865875244,0.4244077801704407
EN-Alto-2__mixed_falsetto__technique__Hello__0008_v0,mixed_falsetto,0,EN-Alto-2,0.6897963285446167,0.7876595258712769,0.3861618638038635
EN-Alto-2__mixed_falsetto__technique__Hello__0008_v1,mixed_falsetto,1,EN-Alto-2,0.6857506632804871,0.7927792072296143,0.4316181242465973
EN-Alto-2__mixed_falsetto__technique__Hello__0008_v2,mixed_falsetto,2,EN-Alto-2,0.6639536023139954,0.8198127150535583,0.4294077455997467
EN-Alto-2__mixed_falsetto__technique__Hello__0009_v0,mixed_falsetto,0,EN-Alto-2,0.7113444805145264,0.7598098516464233,0.2832382917404175
EN-Alto-2__mixed_falsetto__technique__Hello__0009_v1,mixed_falsetto,1,EN-Alto-2,0.7063558101654053,0.7663474082946777,0.30207401514053345
EN-Alto-2__mixed_falsetto__technique__Hello__0009_v2,mixed_falsetto,2,EN-Alto-2,0.6738355159759521,0.8076689839363098,0.26633673906326294
EN-Alto-2__mixed_falsetto__technique__Hello__0010_v0,mixed_falsetto,0,EN-Alto-2,0.7020940780639648,0.7718885540962219,0.30043381452560425
EN-Alto-2__mixed_falsetto__technique__Hello__0010_v1,mixed_falsetto,1,EN-Alto-2,0.7044357061386108,0.7688489556312561,0.3264507055282593
EN-Alto-2__mixed_falsetto__technique__Hello__0010_v2,mixed_falsetto,2,EN-Alto-2,0.6837058067321777,0.7953543066978455,0.3422602117061615
EN-Alto-2__mixed_falsetto__technique__Hello__0011_v0,mixed_falsetto,0,EN-Alto-2,0.697498083114624,0.7778200507164001,0.25329601764678955
EN-Alto-2__mixed_falsetto__technique__Hello__0011_v1,mixed_falsetto,1,EN-Alto-2,0.695319652557373,0.7806158065795898,0.36603760719299316
EN-Alto-2__mixed_falsetto__technique__Hello__0011_v2,mixed_falsetto,2,EN-Alto-2,0.648520827293396,0.8384262323379517,0.3813880383968353
EN-Alto-2__mixed_falsetto__technique__Hey_Jude__0000_v0,mixed_falsetto,0,EN-Alto-2,0.6180945634841919,0.8739628791809082,0.12464981526136398
EN-Alto-2__mixed_falsetto__technique__Hey_Jude__0000_v1,mixed_falsetto,1,EN-Alto-2,0.6385650634765625,0.8502176403999329,0.20484231412410736
EN-Alto-2__mixed_falsetto__technique__Hey_Jude__0000_v2,mixed_falsetto,2,EN-Alto-2,0.6537603139877319,0.8321536183357239,0.25380179286003113
EN-Alto-2__mixed_falsetto__technique__Hey_Jude__0001_v0,mixed_falsetto,0,EN-Alto-2,0.6942037343978882,0.7820438742637634,0.2566814720630646
EN-Alto-2__mixed_falsetto__technique__Hey_Jude__0001_v1,mixed_falsetto,1,EN-Alto-2,0.7082571983337402,0.7638624310493469,0.33011916279792786
EN-Alto-2__mixed_falsetto__technique__Hey_Jude__0001_v2,mixed_falsetto,2,EN-Alto-2,0.6961800456047058,0.7795127034187317,0.36792612075805664
EN-Alto-2__mixed_falsetto__technique__Hey_Jude__0002_v0,mixed_falsetto,0,EN-Alto-2,0.6782400012016296,0.8021969795227051,0.34487852454185486
EN-Alto-2__mixed_falsetto__technique__Hey_Jude__0002_v1,mixed_falsetto,1,EN-Alto-2,0.6694600582122803,0.8130682110786438,0.38181623816490173
EN-Alto-2__mixed_falsetto__technique__Hey_Jude__0002_v2,mixed_falsetto,2,EN-Alto-2,0.6557675004005432,0.8297379612922668,0.38062360882759094
EN-Alto-2__mixed_falsetto__technique__Hey_Jude__0003_v0,mixed_falsetto,0,EN-Alto-2,0.7387458086013794,0.7228475213050842,0.174802765250206
EN-Alto-2__mixed_falsetto__technique__Hey_Jude__0003_v1,mixed_falsetto,1,EN-Alto-2,0.7476201057434082,0.710464596748352,0.251228004693985
EN-Alto-2__mixed_falsetto__technique__Hey_Jude__0003_v2,mixed_falsetto,2,EN-Alto-2,0.7351211905479431,0.7278444766998291,0.30242443084716797
EN-Alto-2__mixed_falsetto__technique__Hey_Jude__0004_v0,mixed_falsetto,0,EN-Alto-2,0.7318661212921143,0.7323031425476074,0.27103757858276367
EN-Alto-2__mixed_falsetto__technique__Hey_Jude__0004_v1,mixed_falsetto,1,EN-Alto-2,0.6998956203460693,0.7747315764427185,0.3357074558734894
EN-Alto-2__mixed_falsetto__technique__Hey_Jude__0004_v2,mixed_falsetto,2,EN-Alto-2,0.6804206371307373,0.7994741201400757,0.38162240386009216
EN-Alto-2__mixed_falsetto__technique__Hey_Jude__0005_v0,mixed_falsetto,0,EN-Alto-2,0.6774176359176636,0.8032215237617493,0.27074500918388367
EN-Alto-2__mixed_falsetto__technique__Hey_Jude__0005_v1,mixed_falsetto,1,EN-Alto-2,0.6860122680664062,0.7924491167068481,0.31816765666007996
EN-Alto-2__mixed_falsetto__technique__Hey_Jude__0005_v2,mixed_falsetto,2,EN-Alto-2,0.6499843597412109,0.8366788625717163,0.28630927205085754
EN-Alto-2__mixed_falsetto__technique__Hey_Jude__0006_v0,mixed_falsetto,0,EN-Alto-2,0.565959632396698,0.9317084550857544,0.3928902745246887
EN-Alto-2__mixed_falsetto__technique__Hey_Jude__0006_v1,mixed_falsetto,1,EN-Alto-2,0.5715059638023376,0.9257365465164185,0.4325340688228607
EN-Alto-2__mixed_falsetto__technique__Hey_Jude__0006_v2,mixed_falsetto,2,EN-Alto-2,0.558388888835907,0.9397990703582764,0.44786766171455383
EN-Alto-2__mixed_falsetto__technique__Hey_Jude__0007_v0,mixed_falsetto,0,EN-Alto-2,0.6994606852531433,0.7752926349639893,0.22929760813713074
EN-Alto-2__mixed_falsetto__technique__Hey_Jude__0007_v1,mixed_falsetto,1,EN-Alto-2,0.6869180798530579,0.7913051843643188,0.282389760017395
EN-Alto-2__mixed_falsetto__technique__Hey_Jude__0007_v2,mixed_falsetto,2,EN-Alto-2,0.6665585041046143,0.8166290521621704,0.34957969188690186
EN-Alto-2__mixed_falsetto__technique__Hey_Jude__0008_v0,mixed_falsetto,0,EN-Alto-2,0.6657401323318481,0.8176305890083313,0.29392361640930176
EN-Alto-2__mixed_falsetto__technique__Hey_Jude__0008_v1,mixed_falsetto,1,EN-Alto-2,0.6681646108627319,0.8146598935127258,0.3734574317932129
EN-Alto-2__mixed_falsetto__technique__Hey_Jude__0008_v2,mixed_falsetto,2,EN-Alto-2,0.6278033256530762,0.8627822995185852,0.41819101572036743
EN-Alto-2__mixed_falsetto__technique__Hey_Jude__0009_v0,mixed_falsetto,0,EN-Alto-2,0.7223347425460815,0.7452051639556885,0.22295331954956055
EN-Alto-2__mixed_falsetto__technique__Hey_Jude__0009_v1,mixed_falsetto,1,EN-Alto-2,0.7236230969429016,0.7434742450714111,0.31018584966659546
EN-Alto-2__mixed_falsetto__technique__Hey_Jude__0009_v2,mixed_falsetto,2,EN-Alto-2,0.7294617891311646,0.7355790734291077,0.3389468789100647
EN-Alto-2__mixed_falsetto__technique__Lemon_Tree__0000_v0,mixed_falsetto,0,EN-Alto-2,0.534805178642273,0.9645670652389526,0.32465997338294983
EN-Alto-2__mixed_falsetto__technique__Lemon_Tree__0000_v1,mixed_falsetto,1,EN-Alto-2,0.5141410827636719,0.9857574701309204,0.3399640917778015
EN-Alto-2__mixed_falsetto__technique__Lemon_Tree__0000_v2,mixed_falsetto,2,EN-Alto-2,0.5050656795501709,0.9949214458465576,0.3811643719673157
EN-Alto-2__mixed_falsetto__technique__Lemon_Tree__0001_v0,mixed_falsetto,0,EN-Alto-2,0.6260296106338501,0.8648358583450317,0.4275800883769989
EN-Alto-2__mixed_falsetto__technique__Lemon_Tree__0001_v1,mixed_falsetto,1,EN-Alto-2,0.6194590330123901,0.8724002242088318,0.4507185220718384
EN-Alto-2__mixed_falsetto__technique__Lemon_Tree__0001_v2,mixed_falsetto,2,EN-Alto-2,0.6347507238388062,0.854692280292511,0.5240834951400757
EN-Alto-2__mixed_falsetto__technique__Lemon_Tree__0002_v0,mixed_falsetto,0,EN-Alto-2,0.5538091659545898,0.9446595907211304,0.3657367527484894
EN-Alto-2__mixed_falsetto__technique__Lemon_Tree__0002_v1,mixed_falsetto,1,EN-Alto-2,0.5711681842803955,0.9261012673377991,0.41781842708587646
EN-Alto-2__mixed_falsetto__technique__Lemon_Tree__0002_v2,mixed_falsetto,2,EN-Alto-2,0.5828489065170288,0.9134014844894409,0.4885571300983429
EN-Alto-2__mixed_falsetto__technique__Lemon_Tree__0003_v0,mixed_falsetto,0,EN-Alto-2,0.5936622619628906,0.9014851450920105,0.33892640471458435
EN-Alto-2__mixed_falsetto__technique__Lemon_Tree__0003_v1,mixed_falsetto,1,EN-Alto-2,0.5954095721244812,0.8995447158813477,0.3770473599433899
EN-Alto-2__mixed_falsetto__technique__Lemon_Tree__0003_v2,mixed_falsetto,2,EN-Alto-2,0.6011800765991211,0.8931068778038025,0.46022969484329224
EN-Alto-2__mixed_falsetto__technique__Lemon_Tree__0004_v0,mixed_falsetto,0,EN-Alto-2,0.6045328378677368,0.8893449306488037,0.3164067268371582
EN-Alto-2__mixed_falsetto__technique__Lemon_Tree__0004_v1,mixed_falsetto,1,EN-Alto-2,0.5849748849868774,0.9110709428787231,0.34586092829704285
EN-Alto-2__mixed_falsetto__technique__Lemon_Tree__0004_v2,mixed_falsetto,2,EN-Alto-2,0.5809198617935181,0.9155109524726868,0.4461379945278168
EN-Alto-2__mixed_falsetto__technique__Lemon_Tree__0005_v0,mixed_falsetto,0,EN-Alto-2,0.4871349334716797,1.012783408164978,0.39476892352104187
EN-Alto-2__mixed_falsetto__technique__Lemon_Tree__0005_v1,mixed_falsetto,1,EN-Alto-2,0.49372899532318115,1.006251573562622,0.4446372091770172
EN-Alto-2__mixed_falsetto__technique__Lemon_Tree__0005_v2,mixed_falsetto,2,EN-Alto-2,0.4932790994644165,1.006698489189148,0.4856857359409332
EN-Alto-2__mixed_falsetto__technique__Lemon_Tree__0006_v0,mixed_falsetto,0,EN-Alto-2,0.5886880159378052,0.9069862365722656,0.37980449199676514
EN-Alto-2__mixed_falsetto__technique__Lemon_Tree__0006_v1,mixed_falsetto,1,EN-Alto-2,0.5536648631095886,0.9448122978210449,0.4273112714290619
EN-Alto-2__mixed_falsetto__technique__Lemon_Tree__0006_v2,mixed_falsetto,2,EN-Alto-2,0.5467568039894104,0.9520959258079529,0.4881514012813568
EN-Alto-2__mixed_falsetto__technique__Let_Her_Go__0000_v0,mixed_falsetto,0,EN-Alto-2,0.5537501573562622,0.9447221159934998,0.30435535311698914
EN-Alto-2__mixed_falsetto__technique__Let_Her_Go__0000_v1,mixed_falsetto,1,EN-Alto-2,0.568743884563446,0.9287154078483582,0.304985374212265
EN-Alto-2__mixed_falsetto__technique__Let_Her_Go__0000_v2,mixed_falsetto,2,EN-Alto-2,0.5462772846221924,0.9525993466377258,0.34746333956718445
EN-Alto-2__mixed_falsetto__technique__Let_Her_Go__0001_v0,mixed_falsetto,0,EN-Alto-2,0.6790124773979187,0.8012335300445557,0.3858738839626312
EN-Alto-2__mixed_falsetto__technique__Let_Her_Go__0001_v1,mixed_falsetto,1,EN-Alto-2,0.6892544031143188,0.7883473038673401,0.4376230239868164
EN-Alto-2__mixed_falsetto__technique__Let_Her_Go__0001_v2,mixed_falsetto,2,EN-Alto-2,0.6582894921302795,0.8266928791999817,0.44913193583488464
EN-Alto-2__mixed_falsetto__technique__Let_Her_Go__0002_v0,mixed_falsetto,0,EN-Alto-2,0.626531720161438,0.8642550110816956,0.32280388474464417
EN-Alto-2__mixed_falsetto__technique__Let_Her_Go__0002_v1,mixed_falsetto,1,EN-Alto-2,0.6453206539154053,0.8422342538833618,0.32002830505371094
EN-Alto-2__mixed_falsetto__technique__Let_Her_Go__0002_v2,mixed_falsetto,2,EN-Alto-2,0.6046743988990784,0.8891857862472534,0.36447370052337646
EN-Alto-2__mixed_falsetto__technique__Let_Her_Go__0003_v0,mixed_falsetto,0,EN-Alto-2,0.5622513890266418,0.935680091381073,0.3950011432170868
EN-Alto-2__mixed_falsetto__technique__Let_Her_Go__0003_v1,mixed_falsetto,1,EN-Alto-2,0.5863192677497864,0.9095941781997681,0.39826154708862305
EN-Alto-2__mixed_falsetto__technique__Let_Her_Go__0003_v2,mixed_falsetto,2,EN-Alto-2,0.5612705945968628,0.9367278218269348,0.4472229778766632
EN-Alto-2__mixed_falsetto__technique__Let_Her_Go__0004_v0,mixed_falsetto,0,EN-Alto-2,0.5484867095947266,0.9502770900726318,0.31498247385025024
EN-Alto-2__mixed_falsetto__technique__Let_Her_Go__0004_v1,mixed_falsetto,1,EN-Alto-2,0.5183418989181519,0.9814867973327637,0.30696332454681396
EN-Alto-2__mixed_falsetto__technique__Let_Her_Go__0004_v2,mixed_falsetto,2,EN-Alto-2,0.522361159324646,0.9773831367492676,0.33070436120033264
EN-Alto-2__mixed_falsetto__technique__Let_Her_Go__0005_v0,mixed_falsetto,0,EN-Alto-2,0.5323566794395447,0.9671022891998291,0.42903462052345276
EN-Alto-2__mixed_falsetto__technique__Let_Her_Go__0005_v1,mixed_falsetto,1,EN-Alto-2,0.5078117251396179,0.9921576976776123,0.4409799575805664
EN-Alto-2__mixed_falsetto__technique__Let_Her_Go__0005_v2,mixed_falsetto,2,EN-Alto-2,0.5113098621368408,0.9886255860328674,0.502017080783844
EN-Alto-2__mixed_falsetto__technique__Let_It_Go__0000_v0,mixed_falsetto,0,EN-Alto-2,0.5309091806411743,0.9685977101325989,0.18341319262981415
EN-Alto-2__mixed_falsetto__technique__Let_It_Go__0000_v1,mixed_falsetto,1,EN-Alto-2,0.5675404667854309,0.930010199546814,0.2473355531692505
EN-Alto-2__mixed_falsetto__technique__Let_It_Go__0000_v2,mixed_falsetto,2,EN-Alto-2,0.5612294673919678,0.9367715716362,0.2772790193557739
EN-Alto-2__mixed_falsetto__technique__Let_It_Go__0001_v0,mixed_falsetto,0,EN-Alto-2,0.5949184894561768,0.9000906348228455,0.2687913179397583
EN-Alto-2__mixed_falsetto__technique__Let_It_Go__0001_v1,mixed_falsetto,1,EN-Alto-2,0.5987789630889893,0.8957914710044861,0.29855552315711975
EN-Alto-2__mixed_falsetto__technique__Let_It_Go__0001_v2,mixed_falsetto,2,EN-Alto-2,0.5365239381790161,0.9627835750579834,0.32216042280197144
EN-Alto-2__mixed_falsetto__technique__Let_It_Go__0002_v0,mixed_falsetto,0,EN-Alto-2,0.4653207063674927,1.0340980291366577,0.2709156274795532
EN-Alto-2__mixed_falsetto__technique__Let_It_Go__0002_v1,mixed_falsetto,1,EN-Alto-2,0.5062327980995178,0.9937477707862854,0.36275729537010193
EN-Alto-2__mixed_falsetto__technique__Let_It_Go__0002_v2,mixed_falsetto,2,EN-Alto-2,0.49768897891044617,1.0023083686828613,0.4370684027671814
EN-Alto-2__mixed_falsetto__technique__Let_It_Go__0003_v0,mixed_falsetto,0,EN-Alto-2,0.666845977306366,0.816277027130127,0.4059693515300751
EN-Alto-2__mixed_falsetto__technique__Let_It_Go__0003_v1,mixed_falsetto,1,EN-Alto-2,0.6529947519302368,0.8330730199813843,0.4384166896343231
EN-Alto-2__mixed_falsetto__technique__Let_It_Go__0003_v2,mixed_falsetto,2,EN-Alto-2,0.6510523557662964,0.8354013562202454,0.46323850750923157
EN-Alto-2__mixed_falsetto__technique__Love_Me_Like_You_Do__0000_v0,mixed_falsetto,0,EN-Alto-2,0.5460696220397949,0.9528173208236694,0.2771589457988739
EN-Alto-2__mixed_falsetto__technique__Love_Me_Like_You_Do__0000_v1,mixed_falsetto,1,EN-Alto-2,0.5643176436424255,0.9334693551063538,0.3322426974773407
EN-Alto-2__mixed_falsetto__technique__Love_Me_Like_You_Do__0000_v2,mixed_falsetto,2,EN-Alto-2,0.569874107837677,0.9274977445602417,0.35407400131225586
EN-Alto-2__mixed_falsetto__technique__Love_Me_Like_You_Do__0001_v0,mixed_falsetto,0,EN-Alto-2,0.5595098733901978,0.9386054873466492,0.3598940670490265
EN-Alto-2__mixed_falsetto__technique__Love_Me_Like_You_Do__0001_v1,mixed_falsetto,1,EN-Alto-2,0.5673100352287292,0.9302580952644348,0.40863150358200073
EN-Alto-2__mixed_falsetto__technique__Love_Me_Like_You_Do__0001_v2,mixed_falsetto,2,EN-Alto-2,0.5579148530960083,0.9403034448623657,0.4377477765083313
EN-Alto-2__mixed_falsetto__technique__Love_Me_Like_You_Do__0002_v0,mixed_falsetto,0,EN-Alto-2,0.5929538011550903,0.9022707343101501,0.23160552978515625
EN-Alto-2__mixed_falsetto__technique__Love_Me_Like_You_Do__0002_v1,mixed_falsetto,1,EN-Alto-2,0.5858312249183655,0.910130500793457,0.25387680530548096
EN-Alto-2__mixed_falsetto__technique__Love_Me_Like_You_Do__0002_v2,mixed_falsetto,2,EN-Alto-2,0.6027837991714478,0.8913094401359558,0.3371421694755554
EN-Alto-2__mixed_falsetto__technique__Love_Me_Like_You_Do__0003_v0,mixed_falsetto,0,EN-Alto-2,0.6557184457778931,0.829797089099884,0.28011223673820496
EN-Alto-2__mixed_falsetto__technique__Love_Me_Like_You_Do__0003_v1,mixed_falsetto,1,EN-Alto-2,0.6767030954360962,0.8041106462478638,0.29806065559387207
EN-Alto-2__mixed_falsetto__technique__Love_Me_Like_You_Do__0003_v2,mixed_falsetto,2,EN-Alto-2,0.6556472182273865,0.8298829197883606,0.32387715578079224
EN-Alto-2__mixed_falsetto__technique__Love_Me_Like_You_Do__0004_v0,mixed_falsetto,0,EN-Alto-2,0.6301127076148987,0.860101580619812,0.26183706521987915
EN-Alto-2__mixed_falsetto__technique__Love_Me_Like_You_Do__0004_v1,mixed_falsetto,1,EN-Alto-2,0.6449084877967834,0.8427236676216125,0.34085991978645325
EN-Alto-2__mixed_falsetto__technique__Love_Me_Like_You_Do__0004_v2,mixed_falsetto,2,EN-Alto-2,0.6297182440757751,0.8605599999427795,0.37877392768859863
EN-Alto-2__mixed_falsetto__technique__Love_Me_Like_You_Do__0005_v0,mixed_falsetto,0,EN-Alto-2,0.6269898414611816,0.8637248277664185,0.2848655581474304
EN-Alto-2__mixed_falsetto__technique__Love_Me_Like_You_Do__0005_v1,mixed_falsetto,1,EN-Alto-2,0.6355099678039551,0.8538035154342651,0.33673524856567383
EN-Alto-2__mixed_falsetto__technique__Love_Me_Like_You_Do__0005_v2,mixed_falsetto,2,EN-Alto-2,0.609347939491272,0.8839142322540283,0.36623695492744446
EN-Alto-2__mixed_falsetto__technique__Love_Me_Like_You_Do__0006_v0,mixed_falsetto,0,EN-Alto-2,0.4693676829338074,1.0301769971847534,0.29593008756637573
EN-Alto-2__mixed_falsetto__technique__Love_Me_Like_You_Do__0006_v1,mixed_falsetto,1,EN-Alto-2,0.49298757314682007,1.0069880485534668,0.3390164077281952
EN-Alto-2__mixed_falsetto__technique__Love_Me_Like_You_Do__0006_v2,mixed_falsetto,2,EN-Alto-2,0.47801437973976135,1.0217491388320923,0.39946436882019043
EN-Alto-2__mixed_falsetto__technique__Love_Me_Like_You_Do__0007_v0,mixed_falsetto,0,EN-Alto-2,0.5308741927146912,0.9686338901519775,0.3424845337867737
EN-Alto-2__mixed_falsetto__technique__Love_Me_Like_You_Do__0007_v1,mixed_falsetto,1,EN-Alto-2,0.5347478985786438,0.9646264910697937,0.35772594809532166
EN-Alto-2__mixed_falsetto__technique__Love_Me_Like_You_Do__0007_v2,mixed_falsetto,2,EN-Alto-2,0.5383708477020264,0.9608634114265442,0.4293450713157654
EN-Alto-2__mixed_falsetto__technique__Love_Me_Like_You_Do__0008_v0,mixed_falsetto,0,EN-Alto-2,0.6776203513145447,0.8029690980911255,0.3392462134361267
EN-Alto-2__mixed_falsetto__technique__Love_Me_Like_You_Do__0008_v1,mixed_falsetto,1,EN-Alto-2,0.6731165051460266,0.8085585832595825,0.3287586271762848
EN-Alto-2__mixed_falsetto__technique__Love_Me_Like_You_Do__0008_v2,mixed_falsetto,2,EN-Alto-2,0.6722506880760193,0.8096286654472351,0.31395795941352844
EN-Alto-2__mixed_falsetto__technique__Love_Me_Like_You_Do__0009_v0,mixed_falsetto,0,EN-Alto-2,0.7037489414215088,0.7697415947914124,0.32100722193717957
EN-Alto-2__mixed_falsetto__technique__Love_Me_Like_You_Do__0009_v1,mixed_falsetto,1,EN-Alto-2,0.6934738159179688,0.7829766869544983,0.3661341965198517
EN-Alto-2__mixed_falsetto__technique__Love_Me_Like_You_Do__0009_v2,mixed_falsetto,2,EN-Alto-2,0.6734766960144043,0.8081129789352417,0.3787558972835541
EN-Alto-2__mixed_falsetto__technique__Love_Story__0000_v0,mixed_falsetto,0,EN-Alto-2,0.6780815124511719,0.802394688129425,0.30977416038513184
EN-Alto-2__mixed_falsetto__technique__Love_Story__0000_v1,mixed_falsetto,1,EN-Alto-2,0.6717265248298645,0.8102759718894958,0.32023218274116516
EN-Alto-2__mixed_falsetto__technique__Love_Story__0000_v2,mixed_falsetto,2,EN-Alto-2,0.6639048457145691,0.819872260093689,0.3494946360588074
EN-Alto-2__mixed_falsetto__technique__Love_Story__0001_v0,mixed_falsetto,0,EN-Alto-2,0.586858868598938,0.909000813961029,0.39292529225349426
EN-Alto-2__mixed_falsetto__technique__Love_Story__0001_v1,mixed_falsetto,1,EN-Alto-2,0.609634280204773,0.8835901618003845,0.4419898986816406
EN-Alto-2__mixed_falsetto__technique__Love_Story__0001_v2,mixed_falsetto,2,EN-Alto-2,0.5977379083633423,0.8969528079032898,0.4744797348976135
EN-Alto-2__mixed_falsetto__technique__Love_Story__0002_v0,mixed_falsetto,0,EN-Alto-2,0.7055196166038513,0.7674378156661987,0.25195857882499695
EN-Alto-2__mixed_falsetto__technique__Love_Story__0002_v1,mixed_falsetto,1,EN-Alto-2,0.7160665988922119,0.7535694241523743,0.2732984125614166
EN-Alto-2__mixed_falsetto__technique__Love_Story__0002_v2,mixed_falsetto,2,EN-Alto-2,0.7232598066329956,0.7439627051353455,0.32102781534194946
EN-Alto-2__mixed_falsetto__technique__Love_Story__0003_v0,mixed_falsetto,0,EN-Alto-2,0.6796202659606934,0.8004744648933411,0.4258909225463867
EN-Alto-2__mixed_falsetto__technique__Love_Story__0003_v1,mixed_falsetto,1,EN-Alto-2,0.6672683954238892,0.8157593607902527,0.4215654134750366
EN-Alto-2__mixed_falsetto__technique__Love_Story__0003_v2,mixed_falsetto,2,EN-Alto-2,0.6336500644683838,0.8559790253639221,0.45084887742996216
EN-Alto-2__mixed_falsetto__technique__Love_Story__0004_v0,mixed_falsetto,0,EN-Alto-2,0.5676413178443909,0.9299018383026123,0.47350040078163147
EN-Alto-2__mixed_falsetto__technique__Love_Story__0004_v1,mixed_falsetto,1,EN-Alto-2,0.5476076006889343,0.951201856136322,0.5050126910209656
EN-Alto-2__mixed_falsetto__technique__Love_Story__0004_v2,mixed_falsetto,2,EN-Alto-2,0.5002993941307068,0.9997006058692932,0.5379459261894226
EN-Alto-2__mixed_falsetto__technique__My_Love__0000_v0,mixed_falsetto,0,EN-Alto-2,0.5210286974906921,0.9787454605102539,0.29450228810310364
EN-Alto-2__mixed_falsetto__technique__My_Love__0000_v1,mixed_falsetto,1,EN-Alto-2,0.5461261868476868,0.9527578949928284,0.3645496070384979
EN-Alto-2__mixed_falsetto__technique__My_Love__0000_v2,mixed_falsetto,2,EN-Alto-2,0.5357352495193481,0.9636023640632629,0.40276703238487244
EN-Alto-2__mixed_falsetto__technique__My_Love__0001_v0,mixed_falsetto,0,EN-Alto-2,0.6467598676681519,0.8405237793922424,0.31580790877342224
EN-Alto-2__mixed_falsetto__technique__My_Love__0001_v1,mixed_falsetto,1,EN-Alto-2,0.6551721096038818,0.8304552435874939,0.3897925615310669
EN-Alto-2__mixed_falsetto__technique__My_Love__0001_v2,mixed_falsetto,2,EN-Alto-2,0.6342107057571411,0.8553237318992615,0.4757368266582489
EN-Alto-2__mixed_falsetto__technique__My_Love__0002_v0,mixed_falsetto,0,EN-Alto-2,0.6209526062011719,0.8706865310668945,0.2831655740737915
EN-Alto-2__mixed_falsetto__technique__My_Love__0002_v1,mixed_falsetto,1,EN-Alto-2,0.6276364326477051,0.8629758358001709,0.3224775791168213
EN-Alto-2__mixed_falsetto__technique__My_Love__0002_v2,mixed_falsetto,2,EN-Alto-2,0.63081955909729,0.8592793941497803,0.35100695490837097
EN-Alto-2__mixed_falsetto__technique__My_Love__0003_v0,mixed_falsetto,0,EN-Alto-2,0.6197208166122437,0.8721000552177429,0.39768627285957336
EN-Alto-2__mixed_falsetto__technique__My_Love__0003_v1,mixed_falsetto,1,EN-Alto-2,0.6225500106811523,0.8688499927520752,0.45411744713783264
EN-Alto-2__mixed_falsetto__technique__My_Love__0003_v2,mixed_falsetto,2,EN-Alto-2,0.6074585914611816,0.8860490322113037,0.49352481961250305
EN-Alto-2__mixed_falsetto__technique__My_Love__0004_v0,mixed_falsetto,0,EN-Alto-2,0.6521087884902954,0.8341357707977295,0.44713518023490906
EN-Alto-2__mixed_falsetto__technique__My_Love__0004_v1,mixed_falsetto,1,EN-Alto-2,0.6424918174743652,0.8455864191055298,0.46282804012298584
EN-Alto-2__mixed_falsetto__technique__My_Love__0004_v2,mixed_falsetto,2,EN-Alto-2,0.616656482219696,0.8756067156791687,0.4809111952781677
EN-Alto-2__mixed_falsetto__technique__My_Love__0005_v0,mixed_falsetto,0,EN-Alto-2,0.4394626021385193,1.0588082075119019,0.27414122223854065
EN-Alto-2__mixed_falsetto__technique__My_Love__0005_v1,mixed_falsetto,1,EN-Alto-2,0.43538209795951843,1.0626550912857056,0.33068567514419556
EN-Alto-2__mixed_falsetto__technique__My_Love__0005_v2,mixed_falsetto,2,EN-Alto-2,0.44524097442626953,1.0533367395401,0.41007786989212036
EN-Alto-2__mixed_falsetto__technique__My_Love__0006_v0,mixed_falsetto,0,EN-Alto-2,0.6218381524085999,0.8696688413619995,0.38026586174964905
EN-Alto-2__mixed_falsetto__technique__My_Love__0006_v1,mixed_falsetto,1,EN-Alto-2,0.6341814398765564,0.8553580045700073,0.4173952639102936
EN-Alto-2__mixed_falsetto__technique__My_Love__0006_v2,mixed_falsetto,2,EN-Alto-2,0.5885173082351685,0.9071744680404663,0.4317505955696106
EN-Alto-2__mixed_falsetto__technique__My_Love__0007_v0,mixed_falsetto,0,EN-Alto-2,0.6266852021217346,0.8640772700309753,0.3646465539932251
EN-Alto-2__mixed_falsetto__technique__My_Love__0007_v1,mixed_falsetto,1,EN-Alto-2,0.6539216637611389,0.8319595456123352,0.44625115394592285
EN-Alto-2__mixed_falsetto__technique__My_Love__0007_v2,mixed_falsetto,2,EN-Alto-2,0.5902464389801025,0.9052663445472717,0.494953989982605
EN-Alto-2__mixed_falsetto__technique__My_Love__0008_v0,mixed_falsetto,0,EN-Alto-2,0.6570941209793091,0.8281375765800476,0.42363032698631287
EN-Alto-2__mixed_falsetto__technique__My_Love__0008_v1,mixed_falsetto,1,EN-Alto-2,0.6382516026496887,0.8505862951278687,0.4683528542518616
EN-Alto-2__mixed_falsetto__technique__My_Love__0008_v2,mixed_falsetto,2,EN-Alto-2,0.5993252992630005,0.8951812386512756,0.5202209949493408
EN-Alto-2__mixed_falsetto__technique__Safe_and_Sound__0000_v0,mixed_falsetto,0,EN-Alto-2,0.5338538885116577,0.9655528664588928,0.28577595949172974
EN-Alto-2__mixed_falsetto__technique__Safe_and_Sound__0000_v1,mixed_falsetto,1,EN-Alto-2,0.565621554851532,0.9320713877677917,0.3182593584060669
EN-Alto-2__mixed_falsetto__technique__Safe_and_Sound__0000_v2,mixed_falsetto,2,EN-Alto-2,0.5677881240844727,0.9297440052032471,0.36346063017845154
EN-Alto-2__mixed_falsetto__technique__Safe_and_Sound__0001_v0,mixed_falsetto,0,EN-Alto-2,0.7909701466560364,0.646575391292572,0.2435358166694641
EN-Alto-2__mixed_falsetto__technique__Safe_and_Sound__0001_v1,mixed_falsetto,1,EN-Alto-2,0.7751867175102234,0.6705420613288879,0.30658236145973206
EN-Alto-2__mixed_falsetto__technique__Safe_and_Sound__0001_v2,mixed_falsetto,2,EN-Alto-2,0.7533257603645325,0.7023876905441284,0.34289413690567017
EN-Alto-2__mixed_falsetto__technique__Safe_and_Sound__0002_v0,mixed_falsetto,0,EN-Alto-2,0.7510709166526794,0.7055907249450684,0.2486167848110199
EN-Alto-2__mixed_falsetto__technique__Safe_and_Sound__0002_v1,mixed_falsetto,1,EN-Alto-2,0.7449527382850647,0.7142090201377869,0.23870472609996796
EN-Alto-2__mixed_falsetto__technique__Safe_and_Sound__0002_v2,mixed_falsetto,2,EN-Alto-2,0.7539306879043579,0.7015259861946106,0.3041430711746216
EN-Alto-2__mixed_falsetto__technique__Safe_and_Sound__0003_v0,mixed_falsetto,0,EN-Alto-2,0.7037143111228943,0.7697866559028625,0.40656134486198425
EN-Alto-2__mixed_falsetto__technique__Safe_and_Sound__0003_v1,mixed_falsetto,1,EN-Alto-2,0.6984236836433411,0.7766289710998535,0.4099145829677582
EN-Alto-2__mixed_falsetto__technique__Safe_and_Sound__0003_v2,mixed_falsetto,2,EN-Alto-2,0.6878532767295837,0.7901224493980408,0.4231093227863312
EN-Alto-2__mixed_falsetto__technique__Safe_and_Sound__0004_v0,mixed_falsetto,0,EN-Alto-2,0.6702619791030884,0.8120812773704529,0.3828871250152588
EN-Alto-2__mixed_falsetto__technique__Safe_and_Sound__0004_v1,mixed_falsetto,1,EN-Alto-2,0.6776469349861145,0.8029358983039856,0.4167802333831787
EN-Alto-2__mixed_falsetto__technique__Safe_and_Sound__0004_v2,mixed_falsetto,2,EN-Alto-2,0.6791072487831116,0.8011152148246765,0.4676779508590698
EN-Alto-2__mixed_falsetto__technique__Safe_and_Sound__0005_v0,mixed_falsetto,0,EN-Alto-2,0.5081844925880432,0.9917817711830139,0.3399272859096527
EN-Alto-2__mixed_falsetto__technique__Safe_and_Sound__0005_v1,mixed_falsetto,1,EN-Alto-2,0.5272306203842163,0.9723881483078003,0.383373498916626
EN-Alto-2__mixed_falsetto__technique__Safe_and_Sound__0005_v2,mixed_falsetto,2,EN-Alto-2,0.5436232686042786,0.9553813338279724,0.42326098680496216
EN-Alto-2__mixed_falsetto__technique__Safe_and_Sound__0006_v0,mixed_falsetto,0,EN-Alto-2,0.7288581132888794,0.7363992929458618,0.33225855231285095
EN-Alto-2__mixed_falsetto__technique__Safe_and_Sound__0006_v1,mixed_falsetto,1,EN-Alto-2,0.7044432163238525,0.7688391804695129,0.3328443467617035
EN-Alto-2__mixed_falsetto__technique__Safe_and_Sound__0006_v2,mixed_falsetto,2,EN-Alto-2,0.6845601201057434,0.7942794561386108,0.33286818861961365
EN-Alto-2__mixed_falsetto__technique__Seasons_of_Love__0000_v0,mixed_falsetto,0,EN-Alto-2,0.6144130229949951,0.8781651854515076,0.21625365316867828
EN-Alto-2__mixed_falsetto__technique__Seasons_of_Love__0000_v1,mixed_falsetto,1,EN-Alto-2,0.6405191421508789,0.8479162454605103,0.2558977007865906
EN-Alto-2__mixed_falsetto__technique__Seasons_of_Love__0000_v2,mixed_falsetto,2,EN-Alto-2,0.6272554993629456,0.8634170889854431,0.2880338728427887
EN-Alto-2__pharyngeal__technique__A_Thousand_Years__0000_v0,pharyngeal,0,EN-Alto-2,0.5944316387176514,0.9006312489509583,0.027687320485711098
EN-Alto-2__pharyngeal__technique__A_Thousand_Years__0000_v1,pharyngeal,1,EN-Alto-2,0.5514397621154785,0.9471644759178162,0.03476405888795853
EN-Alto-2__pharyngeal__technique__A_Thousand_Years__0000_v2,pharyngeal,2,EN-Alto-2,0.5734946131706238,0.9235858917236328,0.04034874588251114
EN-Alto-2__pharyngeal__technique__A_Thousand_Years__0001_v0,pharyngeal,0,EN-Alto-2,0.6971840262413025,0.7782236337661743,0.009939230047166348
EN-Alto-2__pharyngeal__technique__A_Thousand_Years__0001_v1,pharyngeal,1,EN-Alto-2,0.6549584865570068,0.8307123780250549,0.026906510815024376
EN-Alto-2__pharyngeal__technique__A_Thousand_Years__0001_v2,pharyngeal,2,EN-Alto-2,0.6474200487136841,0.8397380709648132,0.019130263477563858
EN-Alto-2__pharyngeal__technique__A_Thousand_Years__0002_v0,pharyngeal,0,EN-Alto-2,0.7405967116355896,0.7202823758125305,-0.08089745044708252
EN-Alto-2__pharyngeal__technique__A_Thousand_Years__0002_v1,pharyngeal,1,EN-Alto-2,0.728019118309021,0.7375378012657166,-0.057149071246385574
EN-Alto-2__pharyngeal__technique__A_Thousand_Years__0002_v2,pharyngeal,2,EN-Alto-2,0.7053909301757812,0.7676056027412415,-0.06156368553638458
EN-Alto-2__pharyngeal__technique__A_Thousand_Years__0003_v0,pharyngeal,0,EN-Alto-2,0.592348039150238,0.9029419422149658,-0.04499015584588051
EN-Alto-2__pharyngeal__technique__A_Thousand_Years__0003_v1,pharyngeal,1,EN-Alto-2,0.6595585346221924,0.8251563906669617,-0.06189655512571335
EN-Alto-2__pharyngeal__technique__A_Thousand_Years__0003_v2,pharyngeal,2,EN-Alto-2,0.6577450037002563,0.8273512125015259,-0.04945523291826248
EN-Alto-2__pharyngeal__technique__All_of_Me__0000_v0,pharyngeal,0,EN-Alto-2,0.48814839124679565,1.0117822885513306,-0.0687439888715744
EN-Alto-2__pharyngeal__technique__All_of_Me__0000_v1,pharyngeal,1,EN-Alto-2,0.4654925465583801,1.033931851387024,-0.0546952523291111
EN-Alto-2__pharyngeal__technique__All_of_Me__0000_v2,pharyngeal,2,EN-Alto-2,0.3883202075958252,1.1060558557510376,-0.04752528294920921
EN-Alto-2__pharyngeal__technique__All_of_Me__0001_v0,pharyngeal,0,EN-Alto-2,0.5768038034439087,0.919995903968811,-0.07804370671510696
EN-Alto-2__pharyngeal__technique__All_of_Me__0001_v1,pharyngeal,1,EN-Alto-2,0.5331859588623047,0.9662443995475769,-0.08942517638206482
EN-Alto-2__pharyngeal__technique__All_of_Me__0001_v2,pharyngeal,2,EN-Alto-2,0.5291556119918823,0.9704064726829529,-0.08248980343341827
EN-Alto-2__pharyngeal__technique__All_of_Me__0002_v0,pharyngeal,0,EN-Alto-2,0.510671079158783,0.9892714619636536,-0.052994292229413986
EN-Alto-2__pharyngeal__technique__All_of_Me__0002_v1,pharyngeal,1,EN-Alto-2,0.4761057198047638,1.0236154794692993,-0.06334476172924042
EN-Alto-2__pharyngeal__technique__All_of_Me__0002_v2,pharyngeal,2,EN-Alto-2,0.4412684142589569,1.0571013689041138,-0.058419592678546906
EN-Alto-2__pharyngeal__technique__All_of_Me__0003_v0,pharyngeal,0,EN-Alto-2,0.5748990774154663,0.922063946723938,-0.07480698823928833
EN-Alto-2__pharyngeal__technique__All_of_Me__0003_v1,pharyngeal,1,EN-Alto-2,0.5483663082122803,0.9504037499427795,-0.06412076950073242
EN-Alto-2__pharyngeal__technique__All_of_Me__0003_v2,pharyngeal,2,EN-Alto-2,0.5208464860916138,0.9789316058158875,-0.07048525661230087
EN-Alto-2__pharyngeal__technique__All_of_Me__0004_v0,pharyngeal,0,EN-Alto-2,0.7081912755966187,0.7639486789703369,0.03427111729979515
EN-Alto-2__pharyngeal__technique__All_of_Me__0004_v1,pharyngeal,1,EN-Alto-2,0.6752013564109802,0.8059760332107544,0.011464365758001804
EN-Alto-2__pharyngeal__technique__All_of_Me__0004_v2,pharyngeal,2,EN-Alto-2,0.6767955422401428,0.803995668888092,0.021453076973557472
EN-Alto-2__pharyngeal__technique__All_of_Me__0005_v0,pharyngeal,0,EN-Alto-2,0.6111024618148804,0.881926953792572,-0.016704939305782318
EN-Alto-2__pharyngeal__technique__All_of_Me__0005_v1,pharyngeal,1,EN-Alto-2,0.5659316778182983,0.931738555431366,-0.015374812297523022
EN-Alto-2__pharyngeal__technique__All_of_Me__0005_v2,pharyngeal,2,EN-Alto-2,0.5278958082199097,0.9717039465904236,-0.024489428848028183
EN-Alto-2__pharyngeal__technique__All_of_Me__0006_v0,pharyngeal,0,EN-Alto-2,0.6780449151992798,0.8024401664733887,-0.0008685582433827221
EN-Alto-2__pharyngeal__technique__All_of_Me__0006_v1,pharyngeal,1,EN-Alto-2,0.6467312574386597,0.8405579924583435,0.011295860633254051
EN-Alto-2__pharyngeal__technique__All_of_Me__0006_v2,pharyngeal,2,EN-Alto-2,0.652889609336853,0.8331992030143738,0.026364155113697052
EN-Alto-2__pharyngeal__technique__All_of_Me__0007_v0,pharyngeal,0,EN-Alto-2,0.3940121531486511,1.1008977890014648,-0.13990890979766846
EN-Alto-2__pharyngeal__technique__All_of_Me__0007_v1,pharyngeal,1,EN-Alto-2,0.35201531648635864,1.13840651512146,-0.14354124665260315
EN-Alto-2__pharyngeal__technique__All_of_Me__0007_v2,pharyngeal,2,EN-Alto-2,0.3263087570667267,1.1607680320739746,-0.15081998705863953
EN-Alto-2__pharyngeal__technique__All_of_Me__0008_v0,pharyngeal,0,EN-Alto-2,0.6925326585769653,0.7841777801513672,-0.01835503987967968
EN-Alto-2__pharyngeal__technique__All_of_Me__0008_v1,pharyngeal,1,EN-Alto-2,0.6510117053985596,0.8354500532150269,-0.0007302741869352758
EN-Alto-2__pharyngeal__technique__All_of_Me__0008_v2,pharyngeal,2,EN-Alto-2,0.6354338526725769,0.8538925647735596,-0.022562449797987938
EN-Alto-2__pharyngeal__technique__All_of_Me__0009_v0,pharyngeal,0,EN-Alto-2,0.5475481748580933,0.9512643218040466,-0.008380667306482792
EN-Alto-2__pharyngeal__technique__All_of_Me__0009_v1,pharyngeal,1,EN-Alto-2,0.5141527652740479,0.9857456684112549,-0.024384774267673492
EN-Alto-2__pharyngeal__technique__All_of_Me__0009_v2,pharyngeal,2,EN-Alto-2,0.48673588037490845,1.0131773948669434,-0.05407625436782837
EN-Alto-2__pharyngeal__technique__Dream_It_Possible__0000_v0,pharyngeal,0,EN-Alto-2,0.44519752264022827,1.0533779859542847,0.11692473292350769
EN-Alto-2__pharyngeal__technique__Dream_It_Possible__0000_v1,pharyngeal,1,EN-Alto-2,0.3390134871006012,1.1497708559036255,0.12214537709951401
EN-Alto-2__pharyngeal__technique__Dream_It_Possible__0000_v2,pharyngeal,2,EN-Alto-2,0.3091493248939514,1.1754579544067383,0.1146647036075592
EN-Alto-2__pharyngeal__technique__Dream_It_Possible__0001_v0,pharyngeal,0,EN-Alto-2,0.4677027761936188,1.0317919254302979,0.11866292357444763
EN-Alto-2__pharyngeal__technique__Dream_It_Possible__0001_v1,pharyngeal,1,EN-Alto-2,0.4401049315929413,1.0582014322280884,0.10871138423681259
EN-Alto-2__pharyngeal__technique__Dream_It_Possible__0001_v2,pharyngeal,2,EN-Alto-2,0.39824438095092773,1.0970466136932373,0.1080511212348938
EN-Alto-2__pharyngeal__technique__Dream_It_Possible__0002_v0,pharyngeal,0,EN-Alto-2,0.6331309080123901,0.8565852046012878,0.08105181157588959
EN-Alto-2__pharyngeal__technique__Dream_It_Possible__0002_v1,pharyngeal,1,EN-Alto-2,0.6118589043617249,0.8810688257217407,0.1117805540561676
EN-Alto-2__pharyngeal__technique__Dream_It_Possible__0002_v2,pharyngeal,2,EN-Alto-2,0.5659610033035278,0.9317071437835693,0.10664235800504684
EN-Alto-2__pharyngeal__technique__Dream_It_Possible__0003_v0,pharyngeal,0,EN-Alto-2,0.6302995681762695,0.8598843812942505,0.031162407249212265
EN-Alto-2__pharyngeal__technique__Dream_It_Possible__0003_v1,pharyngeal,1,EN-Alto-2,0.6215187311172485,0.8700360655784607,0.050434425473213196
EN-Alto-2__pharyngeal__technique__Dream_It_Possible__0003_v2,pharyngeal,2,EN-Alto-2,0.5862753987312317,0.9096423983573914,0.08175759762525558
EN-Alto-2__pharyngeal__technique__Dream_It_Possible__0004_v0,pharyngeal,0,EN-Alto-2,0.4757111072540283,1.0240010023117065,0.09819286316633224
EN-Alto-2__pharyngeal__technique__Dream_It_Possible__0004_v1,pharyngeal,1,EN-Alto-2,0.43882235884666443,1.0594127178192139,0.1347605288028717
EN-Alto-2__pharyngeal__technique__Dream_It_Possible__0004_v2,pharyngeal,2,EN-Alto-2,0.40277379751205444,1.0929101705551147,0.13153795897960663
EN-Alto-2__pharyngeal__technique__Dream_It_Possible__0005_v0,pharyngeal,0,EN-Alto-2,0.6603714227676392,0.8241706490516663,0.06554669141769409
EN-Alto-2__pharyngeal__technique__Dream_It_Possible__0005_v1,pharyngeal,1,EN-Alto-2,0.6341802477836609,0.8553594350814819,0.07753817737102509
EN-Alto-2__pharyngeal__technique__Dream_It_Possible__0005_v2,pharyngeal,2,EN-Alto-2,0.607125997543335,0.8864243626594543,0.05295136198401451
EN-Alto-2__pharyngeal__technique__Dream_It_Possible__0006_v0,pharyngeal,0,EN-Alto-2,0.7180482745170593,0.7509351372718811,-0.06599754095077515
EN-Alto-2__pharyngeal__technique__Dream_It_Possible__0006_v1,pharyngeal,1,EN-Alto-2,0.6930941343307495,0.7834615707397461,-0.043241433799266815
EN-Alto-2__pharyngeal__technique__Dream_It_Possible__0006_v2,pharyngeal,2,EN-Alto-2,0.6655421257019043,0.8178727626800537,-0.025921110063791275
EN-Alto-2__pharyngeal__technique__Easy_On_Me__0000_v0,pharyngeal,0,EN-Alto-2,0.5313059091567993,0.9681881666183472,0.06513424962759018
EN-Alto-2__pharyngeal__technique__Easy_On_Me__0000_v1,pharyngeal,1,EN-Alto-2,0.5216216444969177,0.9781395196914673,0.06549783796072006
EN-Alto-2__pharyngeal__technique__Easy_On_Me__0000_v2,pharyngeal,2,EN-Alto-2,0.4613518714904785,1.0379289388656616,0.08287212997674942
EN-Alto-2__pharyngeal__technique__Easy_On_Me__0001_v0,pharyngeal,0,EN-Alto-2,0.6446758508682251,0.8429996371269226,-0.0021271463483572006
EN-Alto-2__pharyngeal__technique__Easy_On_Me__0001_v1,pharyngeal,1,EN-Alto-2,0.6352892518043518,0.8540618419647217,0.008854885585606098
EN-Alto-2__pharyngeal__technique__Easy_On_Me__0001_v2,pharyngeal,2,EN-Alto-2,0.626316249370575,0.8645042181015015,-0.01417029369622469
EN-Alto-2__pharyngeal__technique__Easy_On_Me__0002_v0,pharyngeal,0,EN-Alto-2,0.6135246753692627,0.8791761994361877,-0.08322513103485107
EN-Alto-2__pharyngeal__technique__Easy_On_Me__0002_v1,pharyngeal,1,EN-Alto-2,0.6013481616973877,0.8929186463356018,-0.06802176684141159
EN-Alto-2__pharyngeal__technique__Easy_On_Me__0002_v2,pharyngeal,2,EN-Alto-2,0.5788170099258423,0.9178048968315125,-0.07814844697713852
EN-Alto-2__pharyngeal__technique__Easy_On_Me__0003_v0,pharyngeal,0,EN-Alto-2,0.7351691126823425,0.7277786731719971,-0.014868744648993015
EN-Alto-2__pharyngeal__technique__Easy_On_Me__0003_v1,pharyngeal,1,EN-Alto-2,0.7248935699462891,0.7417634129524231,0.01714693196117878
EN-Alto-2__pharyngeal__technique__Easy_On_Me__0003_v2,pharyngeal,2,EN-Alto-2,0.7065104246139526,0.7661457061767578,0.01652623899281025
EN-Alto-2__pharyngeal__technique__Easy_On_Me__0004_v0,pharyngeal,0,EN-Alto-2,0.7085578441619873,0.7634687423706055,0.009825474582612514
EN-Alto-2__pharyngeal__technique__Easy_On_Me__0004_v1,pharyngeal,1,EN-Alto-2,0.6792762279510498,0.8009044528007507,0.02492702379822731
EN-Alto-2__pharyngeal__technique__Easy_On_Me__0004_v2,pharyngeal,2,EN-Alto-2,0.6680909395217896,0.8147503733634949,0.05002215504646301
EN-Alto-2__pharyngeal__technique__Easy_On_Me__0005_v0,pharyngeal,0,EN-Alto-2,0.6169939637184143,0.8752212524414062,0.03894900903105736
EN-Alto-2__pharyngeal__technique__Easy_On_Me__0005_v1,pharyngeal,1,EN-Alto-2,0.5987357497215271,0.8958396315574646,0.06433217972517014
EN-Alto-2__pharyngeal__technique__Easy_On_Me__0005_v2,pharyngeal,2,EN-Alto-2,0.6000003218650818,0.8944269418716431,0.09187883883714676
EN-Alto-2__pharyngeal__technique__Easy_On_Me__0006_v0,pharyngeal,0,EN-Alto-2,0.7462646961212158,0.7123696804046631,-0.012618077918887138
EN-Alto-2__pharyngeal__technique__Easy_On_Me__0006_v1,pharyngeal,1,EN-Alto-2,0.7111617922782898,0.7600502967834473,0.0021095217671245337
EN-Alto-2__pharyngeal__technique__Easy_On_Me__0006_v2,pharyngeal,2,EN-Alto-2,0.6667035818099976,0.8164514303207397,0.015881415456533432
EN-Alto-2__pharyngeal__technique__Easy_On_Me__0007_v0,pharyngeal,0,EN-Alto-2,0.6242510676383972,0.8668897747993469,0.05725308507680893
EN-Alto-2__pharyngeal__technique__Easy_On_Me__0007_v1,pharyngeal,1,EN-Alto-2,0.6321191787719727,0.8577654957771301,0.08040474355220795
EN-Alto-2__pharyngeal__technique__Easy_On_Me__0007_v2,pharyngeal,2,EN-Alto-2,0.6183162927627563,0.8737090229988098,0.08658600598573685
EN-Alto-2__pharyngeal__technique__Fly_Me_to_the_Moon__0000_v0,pharyngeal,0,EN-Alto-2,0.4726731479167938,1.026963472366333,-0.008119489066302776
EN-Alto-2__pharyngeal__technique__Fly_Me_to_the_Moon__0000_v1,pharyngeal,1,EN-Alto-2,0.3701341152191162,1.1223777532577515,0.020975405350327492
EN-Alto-2__pharyngeal__technique__Fly_Me_to_the_Moon__0000_v2,pharyngeal,2,EN-Alto-2,0.34913310408592224,1.1409355401992798,-0.009372278116643429
EN-Alto-2__pharyngeal__technique__Fly_Me_to_the_Moon__0001_v0,pharyngeal,0,EN-Alto-2,0.27613577246665955,1.2032159566879272,0.05952030420303345
EN-Alto-2__pharyngeal__technique__Fly_Me_to_the_Moon__0001_v1,pharyngeal,1,EN-Alto-2,0.2739450931549072,1.2050352096557617,0.083160899579525
EN-Alto-2__pharyngeal__technique__Fly_Me_to_the_Moon__0001_v2,pharyngeal,2,EN-Alto-2,0.27586203813552856,1.2034434080123901,0.06145445629954338
EN-Alto-2__pharyngeal__technique__Fly_Me_to_the_Moon__0002_v0,pharyngeal,0,EN-Alto-2,0.5125460028648376,0.9873743653297424,0.09116340428590775
EN-Alto-2__pharyngeal__technique__Fly_Me_to_the_Moon__0002_v1,pharyngeal,1,EN-Alto-2,0.49756667017936707,1.0024304389953613,0.10786115378141403
EN-Alto-2__pharyngeal__technique__Fly_Me_to_the_Moon__0002_v2,pharyngeal,2,EN-Alto-2,0.4612657129764557,1.038011908531189,0.10302114486694336
EN-Alto-2__pharyngeal__technique__Fly_Me_to_the_Moon__0003_v0,pharyngeal,0,EN-Alto-2,0.49366581439971924,1.0063143968582153,0.01499685738235712
EN-Alto-2__pharyngeal__technique__Fly_Me_to_the_Moon__0003_v1,pharyngeal,1,EN-Alto-2,0.4275091886520386,1.0700381994247437,0.015972765162587166
EN-Alto-2__pharyngeal__technique__Fly_Me_to_the_Moon__0003_v2,pharyngeal,2,EN-Alto-2,0.41367173194885254,1.0828927755355835,0.0249965637922287
EN-Alto-2__pharyngeal__technique__Fly_Me_to_the_Moon__0004_v0,pharyngeal,0,EN-Alto-2,0.5948848724365234,0.9001279473304749,0.09078454971313477
EN-Alto-2__pharyngeal__technique__Fly_Me_to_the_Moon__0004_v1,pharyngeal,1,EN-Alto-2,0.5637241005897522,0.9341048002243042,0.07991942763328552
EN-Alto-2__pharyngeal__technique__Fly_Me_to_the_Moon__0004_v2,pharyngeal,2,EN-Alto-2,0.528499960899353,0.9710820317268372,0.07974555343389511
EN-Alto-2__pharyngeal__technique__Fly_Me_to_the_Moon__0005_v0,pharyngeal,0,EN-Alto-2,0.6595958471298218,0.8251111507415771,0.014063093811273575
EN-Alto-2__pharyngeal__technique__Fly_Me_to_the_Moon__0005_v1,pharyngeal,1,EN-Alto-2,0.6613703370094299,0.8229576945304871,0.01620130054652691
EN-Alto-2__pharyngeal__technique__Fly_Me_to_the_Moon__0005_v2,pharyngeal,2,EN-Alto-2,0.6507613062858582,0.8357496857643127,0.011491484008729458
EN-Alto-2__pharyngeal__technique__Love_Me_Like_You_Do__0000_v0,pharyngeal,0,EN-Alto-2,0.4395114481449127,1.0587621927261353,0.019791169092059135
EN-Alto-2__pharyngeal__technique__Love_Me_Like_You_Do__0000_v1,pharyngeal,1,EN-Alto-2,0.38405901193618774,1.109901785850525,0.03172287717461586
EN-Alto-2__pharyngeal__technique__Love_Me_Like_You_Do__0000_v2,pharyngeal,2,EN-Alto-2,0.3689305782318115,1.1234495639801025,0.04622581973671913
EN-Alto-2__pharyngeal__technique__Love_Me_Like_You_Do__0001_v0,pharyngeal,0,EN-Alto-2,0.4031820297241211,1.0925365686416626,-0.060130540281534195
EN-Alto-2__pharyngeal__technique__Love_Me_Like_You_Do__0001_v1,pharyngeal,1,EN-Alto-2,0.3547179698944092,1.1360299587249756,-0.04333295300602913
EN-Alto-2__pharyngeal__technique__Love_Me_Like_You_Do__0001_v2,pharyngeal,2,EN-Alto-2,0.3122211694717407,1.1728417873382568,-0.06253969669342041
EN-Alto-2__pharyngeal__technique__Love_Me_Like_You_Do__0002_v0,pharyngeal,0,EN-Alto-2,0.64380943775177,0.8440267443656921,-0.09657347202301025
EN-Alto-2__pharyngeal__technique__Love_Me_Like_You_Do__0002_v1,pharyngeal,1,EN-Alto-2,0.6075361967086792,0.8859615325927734,-0.04250772297382355
EN-Alto-2__pharyngeal__technique__Love_Me_Like_You_Do__0002_v2,pharyngeal,2,EN-Alto-2,0.5858648419380188,0.9100936651229858,-0.04883300140500069
EN-Alto-2__pharyngeal__technique__Love_Me_Like_You_Do__0003_v0,pharyngeal,0,EN-Alto-2,0.6849247217178345,0.793820321559906,-0.05250879004597664
EN-Alto-2__pharyngeal__technique__Love_Me_Like_You_Do__0003_v1,pharyngeal,1,EN-Alto-2,0.6633752584457397,0.8205178380012512,-0.030175024643540382
EN-Alto-2__pharyngeal__technique__Love_Me_Like_You_Do__0003_v2,pharyngeal,2,EN-Alto-2,0.6641366481781006,0.8195894360542297,-0.04799990728497505
EN-Alto-2__pharyngeal__technique__Love_Story__0000_v0,pharyngeal,0,EN-Alto-2,0.5174605250358582,0.982384443283081,-0.06033678725361824
EN-Alto-2__pharyngeal__technique__Love_Story__0000_v1,pharyngeal,1,EN-Alto-2,0.46838682889938354,1.0311287641525269,-0.05554807931184769
EN-Alto-2__pharyngeal__technique__Love_Story__0000_v2,pharyngeal,2,EN-Alto-2,0.44580399990081787,1.0528020858764648,-0.05726423114538193
EN-Alto-2__pharyngeal__technique__Love_Story__0001_v0,pharyngeal,0,EN-Alto-2,0.527235209941864,0.9723834991455078,-0.038677141070365906
EN-Alto-2__pharyngeal__technique__Love_Story__0001_v1,pharyngeal,1,EN-Alto-2,0.48825329542160034,1.0116785764694214,-0.02809271402657032
EN-Alto-2__pharyngeal__technique__Love_Story__0001_v2,pharyngeal,2,EN-Alto-2,0.4540775716304779,1.0449138879776,-0.020071521401405334
EN-Alto-2__pharyngeal__technique__Love_Story__0002_v0,pharyngeal,0,EN-Alto-2,0.6322833895683289,0.8575741052627563,-0.08466023951768875
EN-Alto-2__pharyngeal__technique__Love_Story__0002_v1,pharyngeal,1,EN-Alto-2,0.6130877733230591,0.8796730041503906,-0.06372549384832382
EN-Alto-2__pharyngeal__technique__Love_Story__0002_v2,pharyngeal,2,EN-Alto-2,0.6065709590911865,0.8870503306388855,-0.0817023515701294
EN-Alto-2__pharyngeal__technique__Love_Story__0003_v0,pharyngeal,0,EN-Alto-2,0.641336977481842,0.8469511270523071,-0.11684826761484146
EN-Alto-2__pharyngeal__technique__Love_Story__0003_v1,pharyngeal,1,EN-Alto-2,0.6013999581336975,0.8928607702255249,-0.10971635580062866
EN-Alto-2__pharyngeal__technique__Love_Story__0003_v2,pharyngeal,2,EN-Alto-2,0.5976715683937073,0.8970267176628113,-0.12375037372112274
EN-Alto-2__pharyngeal__technique__Love_Story__0004_v0,pharyngeal,0,EN-Alto-2,0.5284067988395691,0.9711778163909912,-0.05014273524284363
EN-Alto-2__pharyngeal__technique__Love_Story__0004_v1,pharyngeal,1,EN-Alto-2,0.4763239622116089,1.023402214050293,-0.014765402302145958
EN-Alto-2__pharyngeal__technique__Love_Story__0004_v2,pharyngeal,2,EN-Alto-2,0.4678250849246979,1.0316733121871948,-0.017429769039154053
EN-Alto-2__pharyngeal__technique__Love_Story__0005_v0,pharyngeal,0,EN-Alto-2,0.5630334615707397,0.934843897819519,-0.06248683109879494
EN-Alto-2__pharyngeal__technique__Love_Story__0005_v1,pharyngeal,1,EN-Alto-2,0.553933322429657,0.9445281624794006,-0.04756462201476097
EN-Alto-2__pharyngeal__technique__Love_Story__0005_v2,pharyngeal,2,EN-Alto-2,0.5214525461196899,0.9783123135566711,-0.06222577393054962
EN-Alto-2__pharyngeal__technique__My_Heart_Will_Go_On__0000_v0,pharyngeal,0,EN-Alto-2,0.7359984517097473,0.7266383171081543,-0.08727119117975235
EN-Alto-2__pharyngeal__technique__My_Heart_Will_Go_On__0000_v1,pharyngeal,1,EN-Alto-2,0.691325843334198,0.7857153415679932,-0.08361808955669403
EN-Alto-2__pharyngeal__technique__My_Heart_Will_Go_On__0000_v2,pharyngeal,2,EN-Alto-2,0.6893898844718933,0.7881754040718079,-0.0619436576962471
EN-Alto-2__pharyngeal__technique__My_Heart_Will_Go_On__0001_v0,pharyngeal,0,EN-Alto-2,0.7502890825271606,0.7066978216171265,-0.0038851588033139706
EN-Alto-2__pharyngeal__technique__My_Heart_Will_Go_On__0001_v1,pharyngeal,1,EN-Alto-2,0.7310571074485779,0.7334069013595581,0.008999389596283436
EN-Alto-2__pharyngeal__technique__My_Heart_Will_Go_On__0001_v2,pharyngeal,2,EN-Alto-2,0.7177389860153198,0.7513468265533447,0.0338214635848999
EN-Alto-2__pharyngeal__technique__My_Heart_Will_Go_On__0002_v0,pharyngeal,0,EN-Alto-2,0.7327335476875305,0.7311176657676697,-0.018966184929013252
EN-Alto-2__pharyngeal__technique__My_Heart_Will_Go_On__0002_v1,pharyngeal,1,EN-Alto-2,0.6924896836280823,0.7842326164245605,-0.01847897097468376
EN-Alto-2__pharyngeal__technique__My_Heart_Will_Go_On__0002_v2,pharyngeal,2,EN-Alto-2,0.6767087578773499,0.804103672504425,-0.0009874198585748672
EN-Alto-2__pharyngeal__technique__My_Heart_Will_Go_On__0003_v0,pharyngeal,0,EN-Alto-2,0.8228094577789307,0.5952993035316467,-0.02172362618148327
EN-Alto-2__pharyngeal__technique__My_Heart_Will_Go_On__0003_v1,pharyngeal,1,EN-Alto-2,0.8008744716644287,0.6310714483261108,-0.0004808438243344426
EN-Alto-2__pharyngeal__technique__My_Heart_Will_Go_On__0003_v2,pharyngeal,2,EN-Alto-2,0.801593542098999,0.6299310326576233,0.01951838657259941
EN-Alto-2__pharyngeal__technique__My_Heart_Will_Go_On__0004_v0,pharyngeal,0,EN-Alto-2,0.7876276969909668,0.6517243981361389,-0.10747865587472916
EN-Alto-2__pharyngeal__technique__My_Heart_Will_Go_On__0004_v1,pharyngeal,1,EN-Alto-2,0.7631982564926147,0.6881886124610901,-0.0699506476521492
EN-Alto-2__pharyngeal__technique__My_Heart_Will_Go_On__0004_v2,pharyngeal,2,EN-Alto-2,0.7540390491485596,0.7013714909553528,-0.07582678645849228
EN-Alto-2__pharyngeal__technique__My_Heart_Will_Go_On__0005_v0,pharyngeal,0,EN-Alto-2,0.7977675199508667,0.63597571849823,0.0727328434586525
EN-Alto-2__pharyngeal__technique__My_Heart_Will_Go_On__0005_v1,pharyngeal,1,EN-Alto-2,0.7827521562576294,0.6591629981994629,0.07998557388782501
EN-Alto-2__pharyngeal__technique__My_Heart_Will_Go_On__0005_v2,pharyngeal,2,EN-Alto-2,0.7812272906303406,0.6614722609519958,0.07495509833097458
EN-Alto-2__pharyngeal__technique__My_Heart_Will_Go_On__0006_v0,pharyngeal,0,EN-Alto-2,0.8283621668815613,0.5858973860740662,-0.057392194867134094
EN-Alto-2__pharyngeal__technique__My_Heart_Will_Go_On__0006_v1,pharyngeal,1,EN-Alto-2,0.8055651187896729,0.6235944032669067,-0.04768288508057594
EN-Alto-2__pharyngeal__technique__My_Heart_Will_Go_On__0006_v2,pharyngeal,2,EN-Alto-2,0.784928023815155,0.655853807926178,-0.051522597670555115
EN-Alto-2__pharyngeal__technique__My_Heart_Will_Go_On__0007_v0,pharyngeal,0,EN-Alto-2,0.7614855766296387,0.6906728744506836,-0.03360133618116379
EN-Alto-2__pharyngeal__technique__My_Heart_Will_Go_On__0007_v1,pharyngeal,1,EN-Alto-2,0.74198979139328,0.7183458209037781,-0.07205309718847275
EN-Alto-2__pharyngeal__technique__My_Heart_Will_Go_On__0007_v2,pharyngeal,2,EN-Alto-2,0.7218683958053589,0.7458307147026062,-0.05611860379576683
EN-Alto-2__pharyngeal__technique__My_Heart_Will_Go_On__0008_v0,pharyngeal,0,EN-Alto-2,0.7256958484649658,0.7406810522079468,0.032669954001903534
EN-Alto-2__pharyngeal__technique__My_Heart_Will_Go_On__0008_v1,pharyngeal,1,EN-Alto-2,0.7171367406845093,0.7521480321884155,0.06491976231336594
EN-Alto-2__pharyngeal__technique__My_Heart_Will_Go_On__0008_v2,pharyngeal,2,EN-Alto-2,0.6954355239868164,0.7804672122001648,0.05913470685482025
EN-Alto-2__pharyngeal__technique__My_Heart_Will_Go_On__0009_v0,pharyngeal,0,EN-Alto-2,0.7615911960601807,0.6905198693275452,-0.06968259811401367
EN-Alto-2__pharyngeal__technique__My_Heart_Will_Go_On__0009_v1,pharyngeal,1,EN-Alto-2,0.7340724468231201,0.7292840480804443,-0.05256343260407448
EN-Alto-2__pharyngeal__technique__My_Heart_Will_Go_On__0009_v2,pharyngeal,2,EN-Alto-2,0.7230788469314575,0.7442058324813843,-0.048081282526254654
EN-Alto-2__pharyngeal__technique__My_Heart_Will_Go_On__0010_v0,pharyngeal,0,EN-Alto-2,0.790471076965332,0.6473470330238342,-0.08093806356191635
EN-Alto-2__pharyngeal__technique__My_Heart_Will_Go_On__0010_v1,pharyngeal,1,EN-Alto-2,0.7639057040214539,0.6871598362922668,-0.07829079031944275
EN-Alto-2__pharyngeal__technique__My_Heart_Will_Go_On__0010_v2,pharyngeal,2,EN-Alto-2,0.7656108140945435,0.6846740245819092,-0.08897442370653152
EN-Alto-2__pharyngeal__technique__My_Love__0000_v0,pharyngeal,0,EN-Alto-2,0.25535762310028076,1.2203625440597534,0.0291543398052454
EN-Alto-2__pharyngeal__technique__My_Love__0000_v1,pharyngeal,1,EN-Alto-2,0.21855753660202026,1.2501540184020996,0.04076077789068222
EN-Alto-2__pharyngeal__technique__My_Love__0000_v2,pharyngeal,2,EN-Alto-2,0.14510928094387054,1.3075861930847168,0.041277386248111725
EN-Alto-2__pharyngeal__technique__My_Love__0001_v0,pharyngeal,0,EN-Alto-2,0.4701768159866333,1.0293914079666138,0.04153820127248764
EN-Alto-2__pharyngeal__technique__My_Love__0001_v1,pharyngeal,1,EN-Alto-2,0.4460107982158661,1.0526056289672852,0.052522141486406326
EN-Alto-2__pharyngeal__technique__My_Love__0001_v2,pharyngeal,2,EN-Alto-2,0.44058528542518616,1.0577473640441895,0.03312389925122261
EN-Alto-2__pharyngeal__technique__My_Love__0002_v0,pharyngeal,0,EN-Alto-2,0.6044815182685852,0.8894026279449463,-0.01849009469151497
EN-Alto-2__pharyngeal__technique__My_Love__0002_v1,pharyngeal,1,EN-Alto-2,0.5809044241905212,0.915527880191803,0.0050048185512423515
EN-Alto-2__pharyngeal__technique__My_Love__0002_v2,pharyngeal,2,EN-Alto-2,0.5538144707679749,0.9446539282798767,-0.017352212220430374
EN-Alto-2__pharyngeal__technique__My_Love__0003_v0,pharyngeal,0,EN-Alto-2,0.5520333051681519,0.9465375542640686,-0.018370365723967552
EN-Alto-2__pharyngeal__technique__My_Love__0003_v1,pharyngeal,1,EN-Alto-2,0.5383971929550171,0.960835874080658,-0.017701352015137672
EN-Alto-2__pharyngeal__technique__My_Love__0003_v2,pharyngeal,2,EN-Alto-2,0.5087640881538391,0.9911971688270569,-0.0334538035094738
EN-Alto-2__pharyngeal__technique__My_Love__0004_v0,pharyngeal,0,EN-Alto-2,0.6671313643455505,0.8159273266792297,0.03585011884570122
EN-Alto-2__pharyngeal__technique__My_Love__0004_v1,pharyngeal,1,EN-Alto-2,0.6490086317062378,0.8378440737724304,0.0593322291970253
EN-Alto-2__pharyngeal__technique__My_Love__0004_v2,pharyngeal,2,EN-Alto-2,0.6260454654693604,0.8648173809051514,0.04625025391578674
EN-Alto-2__pharyngeal__technique__My_Love__0005_v0,pharyngeal,0,EN-Alto-2,0.4592096507549286,1.039990782737732,-0.047477610409259796
EN-Alto-2__pharyngeal__technique__My_Love__0005_v1,pharyngeal,1,EN-Alto-2,0.4459654986858368,1.0526485443115234,-0.044190894812345505
EN-Alto-2__pharyngeal__technique__My_Love__0005_v2,pharyngeal,2,EN-Alto-2,0.423395574092865,1.0738756656646729,-0.043102432042360306
EN-Alto-2__pharyngeal__technique__My_Love__0006_v0,pharyngeal,0,EN-Alto-2,0.6642414331436157,0.8194616436958313,-0.033101994544267654
EN-Alto-2__pharyngeal__technique__My_Love__0006_v1,pharyngeal,1,EN-Alto-2,0.6783944964408875,0.8020044565200806,-0.033590007573366165
EN-Alto-2__pharyngeal__technique__My_Love__0006_v2,pharyngeal,2,EN-Alto-2,0.6643406748771667,0.8193403482437134,-0.025231940671801567
EN-Alto-2__pharyngeal__technique__My_Love__0007_v0,pharyngeal,0,EN-Alto-2,0.6134909391403198,0.8792146444320679,-0.09343957155942917
EN-Alto-2__pharyngeal__technique__My_Love__0007_v1,pharyngeal,1,EN-Alto-2,0.5745327472686768,0.9224611520767212,-0.08072959631681442
EN-Alto-2__pharyngeal__technique__My_Love__0007_v2,pharyngeal,2,EN-Alto-2,0.520021378993988,0.9797742366790771,-0.08701968193054199
EN-Alto-2__pharyngeal__technique__My_Love__0008_v0,pharyngeal,0,EN-Alto-2,0.6777616739273071,0.802793025970459,0.02452569268643856
EN-Alto-2__pharyngeal__technique__My_Love__0008_v1,pharyngeal,1,EN-Alto-2,0.6748019456863403,0.8064714670181274,0.001987669849768281
EN-Alto-2__pharyngeal__technique__My_Love__0008_v2,pharyngeal,2,EN-Alto-2,0.658686637878418,0.8262123465538025,-0.014343769289553165
EN-Alto-2__pharyngeal__technique__Safe_and_Sound__0000_v0,pharyngeal,0,EN-Alto-2,0.6357983946800232,0.8534654378890991,0.045575857162475586
EN-Alto-2__pharyngeal__technique__Safe_and_Sound__0000_v1,pharyngeal,1,EN-Alto-2,0.6099979877471924,0.8831783533096313,0.06156112626194954
EN-Alto-2__pharyngeal__technique__Safe_and_Sound__0000_v2,pharyngeal,2,EN-Alto-2,0.576483964920044,0.9203435182571411,0.07133836299180984
EN-Alto-2__pharyngeal__technique__Safe_and_Sound__0001_v0,pharyngeal,0,EN-Alto-2,0.7769789099693298,0.6678639650344849,0.029208878055214882
EN-Alto-2__pharyngeal__technique__Safe_and_Sound__0001_v1,pharyngeal,1,EN-Alto-2,0.7265564799308777,0.7395182251930237,0.057349272072315216
EN-Alto-2__pharyngeal__technique__Safe_and_Sound__0001_v2,pharyngeal,2,EN-Alto-2,0.7390281558036804,0.7224567532539368,0.016944225877523422
EN-Alto-2__pharyngeal__technique__Safe_and_Sound__0002_v0,pharyngeal,0,EN-Alto-2,0.6251707077026367,0.865828275680542,-0.10707125067710876
EN-Alto-2__pharyngeal__technique__Safe_and_Sound__0002_v1,pharyngeal,1,EN-Alto-2,0.6033892631530762,0.8906299471855164,-0.07603678852319717
EN-Alto-2__pharyngeal__technique__Safe_and_Sound__0002_v2,pharyngeal,2,EN-Alto-2,0.5983496308326721,0.8962705135345459,-0.06160963699221611
EN-Alto-2__pharyngeal__technique__Safe_and_Sound__0003_v0,pharyngeal,0,EN-Alto-2,0.7495815753936768,0.7076983451843262,-0.0411631278693676
EN-Alto-2__pharyngeal__technique__Safe_and_Sound__0003_v1,pharyngeal,1,EN-Alto-2,0.7235848903656006,0.7435256242752075,-0.01571461372077465
EN-Alto-2__pharyngeal__technique__Safe_and_Sound__0003_v2,pharyngeal,2,EN-Alto-2,0.7155137658119202,0.7543026208877563,-0.024894753471016884
EN-Alto-2__pharyngeal__technique__Safe_and_Sound__0004_v0,pharyngeal,0,EN-Alto-2,0.6464117169380188,0.8409379720687866,0.02111198380589485
EN-Alto-2__pharyngeal__technique__Safe_and_Sound__0004_v1,pharyngeal,1,EN-Alto-2,0.6270467042922974,0.8636588454246521,0.01469259150326252
EN-Alto-2__pharyngeal__technique__Safe_and_Sound__0004_v2,pharyngeal,2,EN-Alto-2,0.6012591123580933,0.8930184245109558,0.016320358961820602
EN-Alto-2__pharyngeal__technique__Safe_and_Sound__0005_v0,pharyngeal,0,EN-Alto-2,0.4979701638221741,1.0020278692245483,-0.04588565230369568
EN-Alto-2__pharyngeal__technique__Safe_and_Sound__0005_v1,pharyngeal,1,EN-Alto-2,0.4629438519477844,1.0363940000534058,-0.032922159880399704
EN-Alto-2__pharyngeal__technique__Safe_and_Sound__0005_v2,pharyngeal,2,EN-Alto-2,0.4333565831184387,1.0645595788955688,-0.02072996273636818
EN-Alto-2__pharyngeal__technique__Safe_and_Sound__0006_v0,pharyngeal,0,EN-Alto-2,0.7154628038406372,0.7543702125549316,-0.02686801366508007
EN-Alto-2__pharyngeal__technique__Safe_and_Sound__0006_v1,pharyngeal,1,EN-Alto-2,0.6907666325569153,0.7864266633987427,-0.009462792426347733
EN-Alto-2__pharyngeal__technique__Safe_and_Sound__0006_v2,pharyngeal,2,EN-Alto-2,0.6777291297912598,0.8028335571289062,-0.041665274649858475
EN-Alto-2__pharyngeal__technique__Someone_Like_You__0000_v0,pharyngeal,0,EN-Alto-2,0.5841436386108398,0.9119829535484314,0.08671364188194275
EN-Alto-2__pharyngeal__technique__Someone_Like_You__0000_v1,pharyngeal,1,EN-Alto-2,0.5830278396606445,0.9132055640220642,0.10073143988847733
EN-Alto-2__pharyngeal__technique__Someone_Like_You__0000_v2,pharyngeal,2,EN-Alto-2,0.5782746076583862,0.9183958172798157,0.08208321034908295
EN-Alto-2__pharyngeal__technique__Someone_Like_You__0001_v0,pharyngeal,0,EN-Alto-2,0.6570348739624023,0.8282090425491333,0.03624751418828964
EN-Alto-2__pharyngeal__technique__Someone_Like_You__0001_v1,pharyngeal,1,EN-Alto-2,0.6428660154342651,0.8451438546180725,0.015096689574420452
EN-Alto-2__pharyngeal__technique__Someone_Like_You__0001_v2,pharyngeal,2,EN-Alto-2,0.6287685632705688,0.8616629242897034,0.010964673943817616
EN-Alto-2__pharyngeal__technique__Someone_Like_You__0002_v0,pharyngeal,0,EN-Alto-2,0.6837401390075684,0.7953110933303833,0.0067521026358008385
EN-Alto-2__pharyngeal__technique__Someone_Like_You__0002_v1,pharyngeal,1,EN-Alto-2,0.6532045602798462,0.8328210115432739,0.0024780419189482927
EN-Alto-2__pharyngeal__technique__Someone_Like_You__0002_v2,pharyngeal,2,EN-Alto-2,0.6629035472869873,0.8210926055908203,-0.006085199769586325
EN-Alto-2__pharyngeal__technique__Someone_Like_You__0003_v0,pharyngeal,0,EN-Alto-2,0.3356616497039795,1.1526824235916138,0.11108797043561935
EN-Alto-2__pharyngeal__technique__Someone_Like_You__0003_v1,pharyngeal,1,EN-Alto-2,0.32379409670829773,1.1629325151443481,0.12415500730276108
EN-Alto-2__pharyngeal__technique__Someone_Like_You__0003_v2,pharyngeal,2,EN-Alto-2,0.3073694705963135,1.176971197128296,0.1326138973236084
EN-Alto-2__pharyngeal__technique__Someone_Like_You__0004_v0,pharyngeal,0,EN-Alto-2,0.6272688508033752,0.8634015917778015,0.011654672212898731
EN-Alto-2__pharyngeal__technique__Someone_Like_You__0004_v1,pharyngeal,1,EN-Alto-2,0.6188005805015564,0.8731546401977539,-0.004608784802258015
EN-Alto-2__pharyngeal__technique__Someone_Like_You__0004_v2,pharyngeal,2,EN-Alto-2,0.6214758157730103,0.8700853586196899,-0.011526858434081078
EN-Alto-2__pharyngeal__technique__Someone_Like_You__0005_v0,pharyngeal,0,EN-Alto-2,0.5878159403800964,0.9079472422599792,0.08447866141796112
EN-Alto-2__pharyngeal__technique__Someone_Like_You__0005_v1,pharyngeal,1,EN-Alto-2,0.5331964492797852,0.966233491897583,0.06868995726108551
EN-Alto-2__pharyngeal__technique__Someone_Like_You__0005_v2,pharyngeal,2,EN-Alto-2,0.5110074877738953,0.9889312386512756,0.06426078826189041
EN-Alto-2__pharyngeal__technique__Someone_Like_You__0006_v0,pharyngeal,0,EN-Alto-2,0.6340298652648926,0.8555351495742798,-0.026466241106390953
EN-Alto-2__pharyngeal__technique__Someone_Like_You__0006_v1,pharyngeal,1,EN-Alto-2,0.6037223935127258,0.8902558088302612,-0.0190186258405447
EN-Alto-2__pharyngeal__technique__Someone_Like_You__0006_v2,pharyngeal,2,EN-Alto-2,0.5778006315231323,0.9189117550849915,-0.014719163998961449
EN-Alto-2__pharyngeal__technique__Someone_Like_You__0007_v0,pharyngeal,0,EN-Alto-2,0.7087112069129944,0.7632677555084229,-0.04386436194181442
EN-Alto-2__pharyngeal__technique__Someone_Like_You__0007_v1,pharyngeal,1,EN-Alto-2,0.6926037669181824,0.784087061882019,0.008685537613928318
EN-Alto-2__pharyngeal__technique__Someone_Like_You__0007_v2,pharyngeal,2,EN-Alto-2,0.6731947660446167,0.8084618449211121,0.025048190727829933
EN-Alto-2__pharyngeal__technique__Someone_Like_You__0008_v0,pharyngeal,0,EN-Alto-2,0.7306196093559265,0.7340033650398254,-0.18527723848819733
EN-Alto-2__pharyngeal__technique__Someone_Like_You__0008_v1,pharyngeal,1,EN-Alto-2,0.6808059811592102,0.7989920377731323,-0.10254388302564621
EN-Alto-2__pharyngeal__technique__Someone_Like_You__0008_v2,pharyngeal,2,EN-Alto-2,0.6730896234512329,0.8085918426513672,-0.07538990676403046
EN-Alto-2__pharyngeal__technique__Someone_Like_You__0009_v0,pharyngeal,0,EN-Alto-2,0.773202657699585,0.673494279384613,-0.12383775413036346
EN-Alto-2__pharyngeal__technique__Someone_Like_You__0009_v1,pharyngeal,1,EN-Alto-2,0.7466763257980347,0.7117916345596313,-0.08662346005439758
EN-Alto-2__pharyngeal__technique__Someone_Like_You__0009_v2,pharyngeal,2,EN-Alto-2,0.7042364478111267,0.76910799741745,-0.056044671684503555
EN-Alto-2__pharyngeal__technique__Someone_Like_You__0010_v0,pharyngeal,0,EN-Alto-2,0.6862975358963013,0.79208904504776,-0.13471904397010803
EN-Alto-2__pharyngeal__technique__Someone_Like_You__0010_v1,pharyngeal,1,EN-Alto-2,0.6481055021286011,0.838921308517456,-0.11086862534284592
EN-Alto-2__pharyngeal__technique__Someone_Like_You__0010_v2,pharyngeal,2,EN-Alto-2,0.6335978507995605,0.8560399413108826,-0.11027823388576508
EN-Alto-2__pharyngeal__technique__Someone_Like_You__0011_v0,pharyngeal,0,EN-Alto-2,0.5654956698417664,0.932206392288208,0.01190638542175293
EN-Alto-2__pharyngeal__technique__Someone_Like_You__0011_v1,pharyngeal,1,EN-Alto-2,0.5293025970458984,0.9702550768852234,0.022821949794888496
EN-Alto-2__pharyngeal__technique__Someone_Like_You__0011_v2,pharyngeal,2,EN-Alto-2,0.5261545777320862,0.9734941124916077,0.009738695807754993
EN-Alto-2__pharyngeal__technique__Someone_You_Loved__0000_v0,pharyngeal,0,EN-Alto-2,0.4992034435272217,1.0007963180541992,0.05640339106321335
EN-Alto-2__pharyngeal__technique__Someone_You_Loved__0000_v1,pharyngeal,1,EN-Alto-2,0.4780966639518738,1.0216686725616455,0.03141619265079498
EN-Alto-2__pharyngeal__technique__Someone_You_Loved__0000_v2,pharyngeal,2,EN-Alto-2,0.48135867714881897,1.0184707641601562,0.03670433908700943
EN-Alto-2__pharyngeal__technique__Someone_You_Loved__0001_v0,pharyngeal,0,EN-Alto-2,0.36885306239128113,1.123518705368042,0.033287886530160904
EN-Alto-2__pharyngeal__technique__Someone_You_Loved__0001_v1,pharyngeal,1,EN-Alto-2,0.3164081871509552,1.1692663431167603,0.041374944150447845
EN-Alto-2__pharyngeal__technique__Someone_You_Loved__0001_v2,pharyngeal,2,EN-Alto-2,0.3050383925437927,1.1789501905441284,0.03727657347917557
EN-Alto-2__pharyngeal__technique__Someone_You_Loved__0002_v0,pharyngeal,0,EN-Alto-2,0.5999307632446289,0.8945047855377197,0.003265263279899955
EN-Alto-2__pharyngeal__technique__Someone_You_Loved__0002_v1,pharyngeal,1,EN-Alto-2,0.5364500284194946,0.9628604054450989,0.028335735201835632
EN-Alto-2__pharyngeal__technique__Someone_You_Loved__0002_v2,pharyngeal,2,EN-Alto-2,0.5324627757072449,0.9669925570487976,0.015917010605335236
EN-Alto-2__pharyngeal__technique__Someone_You_Loved__0003_v0,pharyngeal,0,EN-Alto-2,0.6883448362350464,0.7895000576972961,-0.02458086609840393
EN-Alto-2__pharyngeal__technique__Someone_You_Loved__0003_v1,pharyngeal,1,EN-Alto-2,0.6811448335647583,0.7985677719116211,-0.009801161475479603
EN-Alto-2__pharyngeal__technique__Someone_You_Loved__0003_v2,pharyngeal,2,EN-Alto-2,0.671657145023346,0.8103615641593933,0.011664868332445621
EN-Alto-2__pharyngeal__technique__Someone_You_Loved__0004_v0,pharyngeal,0,EN-Alto-2,0.5732218027114868,0.9238811731338501,-0.01060788705945015
EN-Alto-2__pharyngeal__technique__Someone_You_Loved__0004_v1,pharyngeal,1,EN-Alto-2,0.5519087314605713,0.9466692209243774,0.007543806917965412
EN-Alto-2__pharyngeal__technique__Someone_You_Loved__0004_v2,pharyngeal,2,EN-Alto-2,0.5590386390686035,0.9391074776649475,-0.007956080138683319
EN-Alto-2__pharyngeal__technique__Someone_You_Loved__0005_v0,pharyngeal,0,EN-Alto-2,0.638938307762146,0.8497783541679382,-0.12893666326999664
EN-Alto-2__pharyngeal__technique__Someone_You_Loved__0005_v1,pharyngeal,1,EN-Alto-2,0.6093710064888,0.8838880658149719,-0.11071618646383286
EN-Alto-2__pharyngeal__technique__Someone_You_Loved__0005_v2,pharyngeal,2,EN-Alto-2,0.5991523861885071,0.8953743577003479,-0.10546664148569107
EN-Alto-2__pharyngeal__technique__What_Are_Words__0000_v0,pharyngeal,0,EN-Alto-2,0.5070602893829346,0.9929146766662598,0.062288761138916016
EN-Alto-2__pharyngeal__technique__What_Are_Words__0000_v1,pharyngeal,1,EN-Alto-2,0.49364233016967773,1.0063376426696777,0.055047087371349335
EN-Alto-2__pharyngeal__technique__What_Are_Words__0000_v2,pharyngeal,2,EN-Alto-2,0.4588594138622284,1.040327548980713,0.03872078284621239
EN-Alto-2__pharyngeal__technique__What_Are_Words__0001_v0,pharyngeal,0,EN-Alto-2,0.6506528854370117,0.8358794450759888,-0.04178345575928688
EN-Alto-2__pharyngeal__technique__What_Are_Words__0001_v1,pharyngeal,1,EN-Alto-2,0.617773711681366,0.8743298649787903,-0.05897003039717674
EN-Alto-2__pharyngeal__technique__What_Are_Words__0001_v2,pharyngeal,2,EN-Alto-2,0.6200757026672363,0.8716930150985718,-0.05587427690625191
EN-Alto-2__pharyngeal__technique__What_Are_Words__0002_v0,pharyngeal,0,EN-Alto-2,0.6765536069869995,0.8042965531349182,-0.038619447499513626
EN-Alto-2__pharyngeal__technique__What_Are_Words__0002_v1,pharyngeal,1,EN-Alto-2,0.6526309251785278,0.8335096836090088,-0.06759104877710342
EN-Alto-2__pharyngeal__technique__What_Are_Words__0002_v2,pharyngeal,2,EN-Alto-2,0.6306398510932922,0.8594884872436523,-0.0649687796831131
EN-Alto-2__pharyngeal__technique__What_Are_Words__0003_v0,pharyngeal,0,EN-Alto-2,0.7714865803718567,0.6760377287864685,-0.11085207015275955
EN-Alto-2__pharyngeal__technique__What_Are_Words__0003_v1,pharyngeal,1,EN-Alto-2,0.7574812769889832,0.696446418762207,-0.10351689159870148
EN-Alto-2__pharyngeal__technique__What_Are_Words__0003_v2,pharyngeal,2,EN-Alto-2,0.7487082481384277,0.7089313864707947,-0.09883768856525421
EN-Alto-2__pharyngeal__technique__What_Are_Words__0004_v0,pharyngeal,0,EN-Alto-2,0.7936198711395264,0.642464280128479,-0.16833992302417755
EN-Alto-2__pharyngeal__technique__What_Are_Words__0004_v1,pharyngeal,1,EN-Alto-2,0.7809160351753235,0.6619426012039185,-0.16410362720489502
EN-Alto-2__pharyngeal__technique__What_Are_Words__0004_v2,pharyngeal,2,EN-Alto-2,0.7719129920005798,0.6754064559936523,-0.15836380422115326
EN-Alto-2__pharyngeal__technique__What_Are_Words__0005_v0,pharyngeal,0,EN-Alto-2,0.47083228826522827,1.0287543535232544,-0.008411586284637451
EN-Alto-2__pharyngeal__technique__What_Are_Words__0005_v1,pharyngeal,1,EN-Alto-2,0.43452537059783936,1.0634609460830688,-0.012960214167833328
EN-Alto-2__pharyngeal__technique__What_Are_Words__0005_v2,pharyngeal,2,EN-Alto-2,0.4260973632335663,1.0713567733764648,-0.027203258126974106
EN-Alto-2__pharyngeal__technique__What_Are_Words__0006_v0,pharyngeal,0,EN-Alto-2,0.548690915107727,0.9500622749328613,0.01245288085192442
EN-Alto-2__pharyngeal__technique__What_Are_Words__0006_v1,pharyngeal,1,EN-Alto-2,0.5131626129150391,0.9867496490478516,0.01348231453448534
EN-Alto-2__pharyngeal__technique__What_Are_Words__0006_v2,pharyngeal,2,EN-Alto-2,0.47528329491615295,1.0244187116622925,0.019498039036989212
EN-Alto-2__pharyngeal__technique__What_Are_Words__0007_v0,pharyngeal,0,EN-Alto-2,0.6573331356048584,0.8278489708900452,-0.0025241957046091557
EN-Alto-2__pharyngeal__technique__What_Are_Words__0007_v1,pharyngeal,1,EN-Alto-2,0.6592917442321777,0.8254796862602234,-0.043987471610307693
EN-Alto-2__pharyngeal__technique__What_Are_Words__0007_v2,pharyngeal,2,EN-Alto-2,0.6493617296218872,0.8374226093292236,-0.04288618639111519
EN-Alto-2__pharyngeal__technique__Yesterday_Once_More__0000_v0,pharyngeal,0,EN-Alto-2,0.4543411433696747,1.0446616411209106,0.05420135706663132
EN-Alto-2__pharyngeal__technique__Yesterday_Once_More__0000_v1,pharyngeal,1,EN-Alto-2,0.4309546649456024,1.066813349723816,0.05174928531050682
EN-Alto-2__pharyngeal__technique__Yesterday_Once_More__0000_v2,pharyngeal,2,EN-Alto-2,0.45275765657424927,1.0461763143539429,0.050793103873729706
EN-Alto-2__pharyngeal__technique__Yesterday_Once_More__0001_v0,pharyngeal,0,EN-Alto-2,0.6886166930198669,0.7891557216644287,0.0026020233053714037
EN-Alto-2__pharyngeal__technique__Yesterday_Once_More__0001_v1,pharyngeal,1,EN-Alto-2,0.6642139554023743,0.8194950819015503,0.0162520632147789
EN-Alto-2__pharyngeal__technique__Yesterday_Once_More__0001_v2,pharyngeal,2,EN-Alto-2,0.6555619835853577,0.8299856185913086,0.042372338473796844
EN-Alto-2__pharyngeal__technique__Yesterday_Once_More__0002_v0,pharyngeal,0,EN-Alto-2,0.5820111632347107,0.9143182635307312,0.12725533545017242
EN-Alto-2__pharyngeal__technique__Yesterday_Once_More__0002_v1,pharyngeal,1,EN-Alto-2,0.5283640623092651,0.971221923828125,0.1382676064968109
EN-Alto-2__pharyngeal__technique__Yesterday_Once_More__0002_v2,pharyngeal,2,EN-Alto-2,0.5528607368469238,0.9456630349159241,0.08174488693475723
EN-Alto-2__pharyngeal__technique__Yesterday_Once_More__0003_v0,pharyngeal,0,EN-Alto-2,0.7456997036933899,0.7131624817848206,0.038692861795425415
EN-Alto-2__pharyngeal__technique__Yesterday_Once_More__0003_v1,pharyngeal,1,EN-Alto-2,0.7341262698173523,0.7292101979255676,0.0586128830909729
EN-Alto-2__pharyngeal__technique__Yesterday_Once_More__0003_v2,pharyngeal,2,EN-Alto-2,0.7126559615135193,0.75808185338974,0.06757859885692596
EN-Alto-2__pharyngeal__technique__Yesterday_Once_More__0004_v0,pharyngeal,0,EN-Alto-2,0.7312222719192505,0.7331818342208862,-0.10071691870689392
EN-Alto-2__pharyngeal__technique__Yesterday_Once_More__0004_v1,pharyngeal,1,EN-Alto-2,0.7386499643325806,0.7229801416397095,-0.14614732563495636
EN-Alto-2__pharyngeal__technique__Yesterday_Once_More__0004_v2,pharyngeal,2,EN-Alto-2,0.709851861000061,0.7617719769477844,-0.11054201424121857
EN-Alto-2__pharyngeal__technique__Yesterday_Once_More__0005_v0,pharyngeal,0,EN-Alto-2,0.7398532629013062,0.7213138937950134,0.02508576773107052
EN-Alto-2__pharyngeal__technique__Yesterday_Once_More__0005_v1,pharyngeal,1,EN-Alto-2,0.7382068634033203,0.7235926389694214,0.045632075518369675
EN-Alto-2__pharyngeal__technique__Yesterday_Once_More__0005_v2,pharyngeal,2,EN-Alto-2,0.6997050046920776,0.7749775052070618,0.048416487872600555
EN-Alto-2__pharyngeal__technique__Yesterday_Once_More__0006_v0,pharyngeal,0,EN-Alto-2,0.6623334884643555,0.821786642074585,0.03405725583434105
EN-Alto-2__pharyngeal__technique__Yesterday_Once_More__0006_v1,pharyngeal,1,EN-Alto-2,0.6165024042129517,0.8757827877998352,0.05025690793991089
EN-Alto-2__pharyngeal__technique__Yesterday_Once_More__0006_v2,pharyngeal,2,EN-Alto-2,0.6083692908287048,0.8850206732749939,0.04631146416068077
EN-Alto-2__pharyngeal__technique__Yesterday_Once_More__0007_v0,pharyngeal,0,EN-Alto-2,0.6262317895889282,0.8646019101142883,-0.010470637120306492
EN-Alto-2__pharyngeal__technique__Yesterday_Once_More__0007_v1,pharyngeal,1,EN-Alto-2,0.6026365756988525,0.8914745450019836,-0.0026919622905552387
EN-Alto-2__pharyngeal__technique__Yesterday_Once_More__0007_v2,pharyngeal,2,EN-Alto-2,0.5983953475952148,0.8962194919586182,0.01461279671639204
EN-Alto-2__pharyngeal__technique__Yesterday_Once_More__0008_v0,pharyngeal,0,EN-Alto-2,0.7423624992370605,0.7178266644477844,-0.0586344450712204
EN-Alto-2__pharyngeal__technique__Yesterday_Once_More__0008_v1,pharyngeal,1,EN-Alto-2,0.7137507200241089,0.7566364407539368,-0.05569120869040489
EN-Alto-2__pharyngeal__technique__Yesterday_Once_More__0008_v2,pharyngeal,2,EN-Alto-2,0.7000768780708313,0.7744975090026855,-0.07947664707899094
EN-Alto-2__pharyngeal__technique__Yesterday_Once_More__0009_v0,pharyngeal,0,EN-Alto-2,0.685148298740387,0.7935386896133423,0.05579475313425064
EN-Alto-2__pharyngeal__technique__Yesterday_Once_More__0009_v1,pharyngeal,1,EN-Alto-2,0.6966218948364258,0.7789456248283386,0.040092844516038895
EN-Alto-2__pharyngeal__technique__Yesterday_Once_More__0009_v2,pharyngeal,2,EN-Alto-2,0.6840857267379761,0.7948765754699707,0.015056147240102291
EN-Alto-2__pharyngeal__technique__You_Raise_Me_Up__0000_v0,pharyngeal,0,EN-Alto-2,0.5565411448478699,0.9417631030082703,0.17782394587993622
EN-Alto-2__pharyngeal__technique__You_Raise_Me_Up__0000_v1,pharyngeal,1,EN-Alto-2,0.5338465571403503,0.9655604362487793,0.17594212293624878
EN-Alto-2__pharyngeal__technique__You_Raise_Me_Up__0000_v2,pharyngeal,2,EN-Alto-2,0.5211102962493896,0.9786621332168579,0.1514131724834442
EN-Alto-2__pharyngeal__technique__You_Raise_Me_Up__0001_v0,pharyngeal,0,EN-Alto-2,0.5781272053718567,0.9185563325881958,0.13943375647068024
EN-Alto-2__pharyngeal__technique__You_Raise_Me_Up__0001_v1,pharyngeal,1,EN-Alto-2,0.5333547592163086,0.9660696387290955,0.13151025772094727
EN-Alto-2__pharyngeal__technique__You_Raise_Me_Up__0001_v2,pharyngeal,2,EN-Alto-2,0.5127670764923096,0.9871504306793213,0.1399175226688385
EN-Alto-2__pharyngeal__technique__You_Raise_Me_Up__0002_v0,pharyngeal,0,EN-Alto-2,0.7223712801933289,0.7451560497283936,0.07428514957427979
EN-Alto-2__pharyngeal__technique__You_Raise_Me_Up__0002_v1,pharyngeal,1,EN-Alto-2,0.7095025777816772,0.7622301578521729,0.09368373453617096
EN-Alto-2__pharyngeal__technique__You_Raise_Me_Up__0002_v2,pharyngeal,2,EN-Alto-2,0.6788177490234375,0.8014765381813049,0.08464471250772476
EN-Alto-2__pharyngeal__technique__You_Raise_Me_Up__0003_v0,pharyngeal,0,EN-Alto-2,0.5088337659835815,0.9911268949508667,0.1184164434671402
EN-Alto-2__pharyngeal__technique__You_Raise_Me_Up__0003_v1,pharyngeal,1,EN-Alto-2,0.48265698552131653,1.017195224761963,0.13962718844413757
EN-Alto-2__pharyngeal__technique__You_Raise_Me_Up__0003_v2,pharyngeal,2,EN-Alto-2,0.47256001830101013,1.027073621749878,0.11805367469787598
EN-Alto-2__pharyngeal__technique__You_Raise_Me_Up__0004_v0,pharyngeal,0,EN-Alto-2,0.6982917785644531,0.7767990231513977,-0.1606372594833374
EN-Alto-2__pharyngeal__technique__You_Raise_Me_Up__0004_v1,pharyngeal,1,EN-Alto-2,0.6717040538787842,0.8103037476539612,-0.12303575873374939
EN-Alto-2__pharyngeal__technique__You_Raise_Me_Up__0004_v2,pharyngeal,2,EN-Alto-2,0.6759374737739563,0.8050622344017029,-0.11212870478630066
EN-Alto-2__pharyngeal__technique__You_Raise_Me_Up__0005_v0,pharyngeal,0,EN-Alto-2,0.7253233194351196,0.7411838173866272,-0.07403261214494705
EN-Alto-2__pharyngeal__technique__You_Raise_Me_Up__0005_v1,pharyngeal,1,EN-Alto-2,0.7086230516433716,0.7633832693099976,-0.03743744269013405
EN-Alto-2__pharyngeal__technique__You_Raise_Me_Up__0005_v2,pharyngeal,2,EN-Alto-2,0.6861067414283752,0.7923299074172974,-0.02206127531826496
EN-Alto-2__pharyngeal__technique__You_Raise_Me_Up__0006_v0,pharyngeal,0,EN-Alto-2,0.695845365524292,0.7799419164657593,-0.03451565280556679
EN-Alto-2__pharyngeal__technique__You_Raise_Me_Up__0006_v1,pharyngeal,1,EN-Alto-2,0.6551749110221863,0.8304518461227417,-0.015360144898295403
EN-Alto-2__pharyngeal__technique__You_Raise_Me_Up__0006_v2,pharyngeal,2,EN-Alto-2,0.6596948504447937,0.8249911069869995,-0.015474671497941017
EN-Alto-2__pharyngeal__technique__You_Raise_Me_Up__0007_v0,pharyngeal,0,EN-Alto-2,0.6633856296539307,0.8205052614212036,0.10111471265554428
EN-Alto-2__pharyngeal__technique__You_Raise_Me_Up__0007_v1,pharyngeal,1,EN-Alto-2,0.6417056918144226,0.8465156555175781,0.10784943401813507
EN-Alto-2__pharyngeal__technique__You_Raise_Me_Up__0007_v2,pharyngeal,2,EN-Alto-2,0.6135045886039734,0.8791989684104919,0.10154788196086884
EN-Alto-2__pharyngeal__technique__Young_And_Beautiful__0000_v0,pharyngeal,0,EN-Alto-2,0.5580810904502869,0.9401265382766724,0.03621344640851021
EN-Alto-2__pharyngeal__technique__Young_And_Beautiful__0000_v1,pharyngeal,1,EN-Alto-2,0.5469315052032471,0.9519124031066895,0.030956456437706947
EN-Alto-2__pharyngeal__technique__Young_And_Beautiful__0000_v2,pharyngeal,2,EN-Alto-2,0.5153906345367432,0.9844891428947449,0.022398680448532104
EN-Alto-2__pharyngeal__technique__Young_And_Beautiful__0001_v0,pharyngeal,0,EN-Alto-2,0.6823261380195618,0.7970870137214661,-0.06346402317285538
EN-Alto-2__pharyngeal__technique__Young_And_Beautiful__0001_v1,pharyngeal,1,EN-Alto-2,0.6567416787147522,0.8285629749298096,-0.05462999641895294
EN-Alto-2__pharyngeal__technique__Young_And_Beautiful__0001_v2,pharyngeal,2,EN-Alto-2,0.6547901034355164,0.830915093421936,-0.06556831300258636
EN-Alto-2__pharyngeal__technique__Young_And_Beautiful__0002_v0,pharyngeal,0,EN-Alto-2,0.6893941164016724,0.7881700396537781,-0.09088800847530365
EN-Alto-2__pharyngeal__technique__Young_And_Beautiful__0002_v1,pharyngeal,1,EN-Alto-2,0.6369600892066956,0.8521032929420471,-0.040543701499700546
EN-Alto-2__pharyngeal__technique__Young_And_Beautiful__0002_v2,pharyngeal,2,EN-Alto-2,0.6302959322929382,0.85988849401474,-0.05527118965983391
EN-Alto-2__pharyngeal__technique__Young_And_Beautiful__0003_v0,pharyngeal,0,EN-Alto-2,0.5876051783561707,0.9081793427467346,-0.06234927475452423
EN-Alto-2__pharyngeal__technique__Young_And_Beautiful__0003_v1,pharyngeal,1,EN-Alto-2,0.5713614225387573,0.92589271068573,-0.04426893591880798
EN-Alto-2__pharyngeal__technique__Young_And_Beautiful__0003_v2,pharyngeal,2,EN-Alto-2,0.5594042539596558,0.9387180805206299,-0.05050814896821976
EN-Alto-2__pharyngeal__technique__Young_And_Beautiful__0004_v0,pharyngeal,0,EN-Alto-2,0.7289352416992188,0.7362945079803467,-0.05083608999848366
EN-Alto-2__pharyngeal__technique__Young_And_Beautiful__0004_v1,pharyngeal,1,EN-Alto-2,0.6950991153717041,0.7808980941772461,-0.036120641976594925
EN-Alto-2__pharyngeal__technique__Young_And_Beautiful__0004_v2,pharyngeal,2,EN-Alto-2,0.6990070939064026,0.7758775353431702,-0.04718141630291939
EN-Alto-2__pharyngeal__technique__Young_And_Beautiful__0005_v0,pharyngeal,0,EN-Alto-2,0.712990403175354,0.7576404809951782,-0.029289746657013893
EN-Alto-2__pharyngeal__technique__Young_And_Beautiful__0005_v1,pharyngeal,1,EN-Alto-2,0.7027418613433838,0.7710487246513367,-0.02988782338798046
EN-Alto-2__pharyngeal__technique__Young_And_Beautiful__0005_v2,pharyngeal,2,EN-Alto-2,0.6956725120544434,0.7801634669303894,-0.023744812235236168
EN-Alto-2__vibrato__technique__A_Thousand_Years__0000_v0,vibrato,0,EN-Alto-2,0.7058162093162537,0.7670512795448303,0.3755950331687927
EN-Alto-2__vibrato__technique__A_Thousand_Years__0000_v1,vibrato,1,EN-Alto-2,0.6935691833496094,0.7828548550605774,0.4212781488895416
EN-Alto-2__vibrato__technique__A_Thousand_Years__0000_v2,vibrato,2,EN-Alto-2,0.683856725692749,0.7951645255088806,0.3664590120315552
EN-Alto-2__vibrato__technique__A_Thousand_Years__0001_v0,vibrato,0,EN-Alto-2,0.7454279661178589,0.7135434746742249,0.3928869068622589
EN-Alto-2__vibrato__technique__A_Thousand_Years__0001_v1,vibrato,1,EN-Alto-2,0.7249046564102173,0.741748571395874,0.44027870893478394
EN-Alto-2__vibrato__technique__A_Thousand_Years__0001_v2,vibrato,2,EN-Alto-2,0.7219513058662415,0.7457194328308105,0.40199533104896545
EN-Alto-2__vibrato__technique__A_Thousand_Years__0002_v0,vibrato,0,EN-Alto-2,0.7386440634727478,0.7229882478713989,0.36745771765708923
EN-Alto-2__vibrato__technique__A_Thousand_Years__0002_v1,vibrato,1,EN-Alto-2,0.7246874570846558,0.7420412302017212,0.41825756430625916
EN-Alto-2__vibrato__technique__A_Thousand_Years__0002_v2,vibrato,2,EN-Alto-2,0.7095905542373657,0.7621148228645325,0.33199846744537354
EN-Alto-2__vibrato__technique__A_Thousand_Years__0003_v0,vibrato,0,EN-Alto-2,0.7963108420372009,0.6382620930671692,0.3521172106266022
EN-Alto-2__vibrato__technique__A_Thousand_Years__0003_v1,vibrato,1,EN-Alto-2,0.7812781929969788,0.661395251750946,0.32841190695762634
EN-Alto-2__vibrato__technique__A_Thousand_Years__0003_v2,vibrato,2,EN-Alto-2,0.7894030809402466,0.6489946246147156,0.28165051341056824
EN-Alto-2__vibrato__technique__A_Thousand_Years__0004_v0,vibrato,0,EN-Alto-2,0.6596850752830505,0.8250030875205994,0.3207005560398102
EN-Alto-2__vibrato__technique__A_Thousand_Years__0004_v1,vibrato,1,EN-Alto-2,0.6420484781265259,0.8461107015609741,0.37240663170814514
EN-Alto-2__vibrato__technique__A_Thousand_Years__0004_v2,vibrato,2,EN-Alto-2,0.6370872259140015,0.8519540429115295,0.33363044261932373
EN-Alto-2__vibrato__technique__A_Thousand_Years__0005_v0,vibrato,0,EN-Alto-2,0.6661484241485596,0.8171311020851135,0.3674578070640564
EN-Alto-2__vibrato__technique__A_Thousand_Years__0005_v1,vibrato,1,EN-Alto-2,0.6463266611099243,0.8410390615463257,0.47203806042671204
EN-Alto-2__vibrato__technique__A_Thousand_Years__0005_v2,vibrato,2,EN-Alto-2,0.6649494171142578,0.8185971975326538,0.4024541676044464
EN-Alto-2__vibrato__technique__A_Thousand_Years__0006_v0,vibrato,0,EN-Alto-2,0.7086830139160156,0.7633047103881836,0.3723176419734955
EN-Alto-2__vibrato__technique__A_Thousand_Years__0006_v1,vibrato,1,EN-Alto-2,0.6628825068473816,0.821118175983429,0.44507932662963867
EN-Alto-2__vibrato__technique__A_Thousand_Years__0006_v2,vibrato,2,EN-Alto-2,0.6592968106269836,0.8254735469818115,0.3975535035133362
EN-Alto-2__vibrato__technique__A_Thousand_Years__0007_v0,vibrato,0,EN-Alto-2,0.7267140746116638,0.7393050789833069,0.2589050233364105
EN-Alto-2__vibrato__technique__A_Thousand_Years__0007_v1,vibrato,1,EN-Alto-2,0.6805380582809448,0.7993271350860596,0.26549410820007324
EN-Alto-2__vibrato__technique__A_Thousand_Years__0007_v2,vibrato,2,EN-Alto-2,0.6641407012939453,0.8195844292640686,0.22713503241539001
EN-Alto-2__vibrato__technique__All_of_Me__0000_v0,vibrato,0,EN-Alto-2,0.5595870614051819,0.9385232925415039,0.2774331569671631
EN-Alto-2__vibrato__technique__All_of_Me__0000_v1,vibrato,1,EN-Alto-2,0.5040757656097412,0.995915949344635,0.3166811764240265
EN-Alto-2__vibrato__technique__All_of_Me__0000_v2,vibrato,2,EN-Alto-2,0.4730023741722107,1.0266427993774414,0.2933486998081207
EN-Alto-2__vibrato__technique__All_of_Me__0001_v0,vibrato,0,EN-Alto-2,0.606145441532135,0.8875298500061035,0.3038158714771271
EN-Alto-2__vibrato__technique__All_of_Me__0001_v1,vibrato,1,EN-Alto-2,0.5708295702934265,0.9264669418334961,0.35702574253082275
EN-Alto-2__vibrato__technique__All_of_Me__0001_v2,vibrato,2,EN-Alto-2,0.5633518695831299,0.9345033168792725,0.3069644272327423
EN-Alto-2__vibrato__technique__All_of_Me__0002_v0,vibrato,0,EN-Alto-2,0.5764005780220032,0.9204341173171997,0.23140858113765717
EN-Alto-2__vibrato__technique__All_of_Me__0002_v1,vibrato,1,EN-Alto-2,0.5191771984100342,0.980635404586792,0.2908303141593933
EN-Alto-2__vibrato__technique__All_of_Me__0002_v2,vibrato,2,EN-Alto-2,0.5069102644920349,0.9930657148361206,0.27055394649505615
EN-Alto-2__vibrato__technique__All_of_Me__0003_v0,vibrato,0,EN-Alto-2,0.5891289114952087,0.9065000414848328,0.34844350814819336
EN-Alto-2__vibrato__technique__All_of_Me__0003_v1,vibrato,1,EN-Alto-2,0.5555201172828674,0.9428467154502869,0.4100460112094879
EN-Alto-2__vibrato__technique__All_of_Me__0003_v2,vibrato,2,EN-Alto-2,0.5545535087585449,0.9438713192939758,0.36451610922813416
EN-Alto-2__vibrato__technique__All_of_Me__0004_v0,vibrato,0,EN-Alto-2,0.6519327163696289,0.8343468904495239,0.2795369625091553
EN-Alto-2__vibrato__technique__All_of_Me__0004_v1,vibrato,1,EN-Alto-2,0.6049096584320068,0.8889212012290955,0.32007575035095215
EN-Alto-2__vibrato__technique__All_of_Me__0004_v2,vibrato,2,EN-Alto-2,0.5636406540870667,0.9341942071914673,0.2866448760032654
EN-Alto-2__vibrato__technique__All_of_Me__0005_v0,vibrato,0,EN-Alto-2,0.6275612711906433,0.8630629181861877,0.21866819262504578
EN-Alto-2__vibrato__technique__All_of_Me__0005_v1,vibrato,1,EN-Alto-2,0.6272658705711365,0.8634050488471985,0.22957374155521393
EN-Alto-2__vibrato__technique__All_of_Me__0005_v2,vibrato,2,EN-Alto-2,0.621355414390564,0.8702237010002136,0.20904207229614258
EN-Alto-2__vibrato__technique__All_of_Me__0006_v0,vibrato,0,EN-Alto-2,0.638530969619751,0.8502577543258667,0.4183138906955719
EN-Alto-2__vibrato__technique__All_of_Me__0006_v1,vibrato,1,EN-Alto-2,0.5507562160491943,0.9478859901428223,0.45473340153694153
EN-Alto-2__vibrato__technique__All_of_Me__0006_v2,vibrato,2,EN-Alto-2,0.5166999101638794,0.9831582903862,0.432259202003479
EN-Alto-2__vibrato__technique__All_of_Me__0007_v0,vibrato,0,EN-Alto-2,0.46173202991485596,1.0375624895095825,0.325844943523407
EN-Alto-2__vibrato__technique__All_of_Me__0007_v1,vibrato,1,EN-Alto-2,0.40843307971954346,1.0877195596694946,0.3487706184387207
EN-Alto-2__vibrato__technique__All_of_Me__0007_v2,vibrato,2,EN-Alto-2,0.41694650053977966,1.0798643827438354,0.3366597890853882
EN-Alto-2__vibrato__technique__Dream_It_Possible__0000_v0,vibrato,0,EN-Alto-2,0.5330405831336975,0.96639484167099,0.2561004161834717
EN-Alto-2__vibrato__technique__Dream_It_Possible__0000_v1,vibrato,1,EN-Alto-2,0.53998863697052,0.9591782689094543,0.3318345844745636
EN-Alto-2__vibrato__technique__Dream_It_Possible__0000_v2,vibrato,2,EN-Alto-2,0.5235439538955688,0.976172149181366,0.28263774514198303
EN-Alto-2__vibrato__technique__Dream_It_Possible__0001_v0,vibrato,0,EN-Alto-2,0.5692883729934692,0.9281289577484131,0.4183639585971832
EN-Alto-2__vibrato__technique__Dream_It_Possible__0001_v1,vibrato,1,EN-Alto-2,0.5137125849723816,0.9861921072006226,0.48105624318122864
EN-Alto-2__vibrato__technique__Dream_It_Possible__0001_v2,vibrato,2,EN-Alto-2,0.5222495794296265,0.9774973392486572,0.433786541223526
EN-Alto-2__vibrato__technique__Dream_It_Possible__0002_v0,vibrato,0,EN-Alto-2,0.5945982933044434,0.9004462957382202,0.31457364559173584
EN-Alto-2__vibrato__technique__Dream_It_Possible__0002_v1,vibrato,1,EN-Alto-2,0.5709748268127441,0.926310122013092,0.3503662645816803
EN-Alto-2__vibrato__technique__Dream_It_Possible__0002_v2,vibrato,2,EN-Alto-2,0.5377048254013062,0.9615562558174133,0.31941142678260803
EN-Alto-2__vibrato__technique__Dream_It_Possible__0003_v0,vibrato,0,EN-Alto-2,0.6528797149658203,0.8332110047340393,0.39221763610839844
EN-Alto-2__vibrato__technique__Dream_It_Possible__0003_v1,vibrato,1,EN-Alto-2,0.6142517924308777,0.878348708152771,0.43762725591659546
EN-Alto-2__vibrato__technique__Dream_It_Possible__0003_v2,vibrato,2,EN-Alto-2,0.6057608723640442,0.887963056564331,0.38919660449028015
EN-Alto-2__vibrato__technique__Dream_It_Possible__0004_v0,vibrato,0,EN-Alto-2,0.7172070145606995,0.7520545125007629,0.38434985280036926
EN-Alto-2__vibrato__technique__Dream_It_Possible__0004_v1,vibrato,1,EN-Alto-2,0.6778215169906616,0.8027185201644897,0.4236110746860504
EN-Alto-2__vibrato__technique__Dream_It_Possible__0004_v2,vibrato,2,EN-Alto-2,0.656059980392456,0.8293853998184204,0.38412079215049744
EN-Alto-2__vibrato__technique__Dream_It_Possible__0005_v0,vibrato,0,EN-Alto-2,0.7373878955841064,0.7247236371040344,0.23497025668621063
EN-Alto-2__vibrato__technique__Dream_It_Possible__0005_v1,vibrato,1,EN-Alto-2,0.720358669757843,0.7478521466255188,0.26618507504463196
EN-Alto-2__vibrato__technique__Dream_It_Possible__0005_v2,vibrato,2,EN-Alto-2,0.7177063822746277,0.751390278339386,0.23135969042778015
EN-Alto-2__vibrato__technique__Easy_On_Me__0000_v0,vibrato,0,EN-Alto-2,0.6181144714355469,0.8739400506019592,0.17851482331752777
EN-Alto-2__vibrato__technique__Easy_On_Me__0000_v1,vibrato,1,EN-Alto-2,0.6067686676979065,0.8868274092674255,0.24276047945022583
EN-Alto-2__vibrato__technique__Easy_On_Me__0000_v2,vibrato,2,EN-Alto-2,0.5815197229385376,0.9148556590080261,0.20937614142894745
EN-Alto-2__vibrato__technique__Easy_On_Me__0001_v0,vibrato,0,EN-Alto-2,0.6938507556915283,0.7824951410293579,0.2886285185813904
EN-Alto-2__vibrato__technique__Easy_On_Me__0001_v1,vibrato,1,EN-Alto-2,0.6457395553588867,0.8417368531227112,0.29288414120674133
EN-Alto-2__vibrato__technique__Easy_On_Me__0001_v2,vibrato,2,EN-Alto-2,0.6394996643066406,0.849117636680603,0.2583943009376526
EN-Alto-2__vibrato__technique__Easy_On_Me__0002_v0,vibrato,0,EN-Alto-2,0.5931353569030762,0.9020694494247437,0.4342043101787567
EN-Alto-2__vibrato__technique__Easy_On_Me__0002_v1,vibrato,1,EN-Alto-2,0.5569888353347778,0.941287636756897,0.45743528008461
EN-Alto-2__vibrato__technique__Easy_On_Me__0002_v2,vibrato,2,EN-Alto-2,0.553123950958252,0.945384681224823,0.43246138095855713
EN-Alto-2__vibrato__technique__Easy_On_Me__0003_v0,vibrato,0,EN-Alto-2,0.7616190910339355,0.6904795169830322,0.4101937711238861
EN-Alto-2__vibrato__technique__Easy_On_Me__0003_v1,vibrato,1,EN-Alto-2,0.7135225534439087,0.7569378614425659,0.37804827094078064
EN-Alto-2__vibrato__technique__Easy_On_Me__0003_v2,vibrato,2,EN-Alto-2,0.7052174806594849,0.767831563949585,0.33862265944480896
EN-Alto-2__vibrato__technique__Easy_On_Me__0004_v0,vibrato,0,EN-Alto-2,0.7739927768707275,0.6723203063011169,0.26198944449424744
EN-Alto-2__vibrato__technique__Easy_On_Me__0004_v1,vibrato,1,EN-Alto-2,0.7530087828636169,0.7028390169143677,0.22584500908851624
EN-Alto-2__vibrato__technique__Easy_On_Me__0004_v2,vibrato,2,EN-Alto-2,0.7178147435188293,0.7512460350990295,0.1840192675590515
EN-Alto-2__vibrato__technique__Easy_On_Me__0005_v0,vibrato,0,EN-Alto-2,0.6231315732002258,0.8681802153587341,0.3716537356376648
EN-Alto-2__vibrato__technique__Easy_On_Me__0005_v1,vibrato,1,EN-Alto-2,0.6084756255149841,0.8849005699157715,0.4539123475551605
EN-Alto-2__vibrato__technique__Easy_On_Me__0005_v2,vibrato,2,EN-Alto-2,0.5778660178184509,0.918840765953064,0.393329381942749
EN-Alto-2__vibrato__technique__Easy_On_Me__0006_v0,vibrato,0,EN-Alto-2,0.8018132448196411,0.6295819878578186,0.3721040189266205
EN-Alto-2__vibrato__technique__Easy_On_Me__0006_v1,vibrato,1,EN-Alto-2,0.7599915862083435,0.6928324699401855,0.34912022948265076
EN-Alto-2__vibrato__technique__Easy_On_Me__0006_v2,vibrato,2,EN-Alto-2,0.750044047832489,0.7070445418357849,0.31661513447761536
EN-Alto-2__vibrato__technique__Easy_On_Me__0007_v0,vibrato,0,EN-Alto-2,0.6735658645629883,0.8080026507377625,0.3208133578300476
EN-Alto-2__vibrato__technique__Easy_On_Me__0007_v1,vibrato,1,EN-Alto-2,0.6371651887893677,0.8518624901771545,0.34368106722831726
EN-Alto-2__vibrato__technique__Easy_On_Me__0007_v2,vibrato,2,EN-Alto-2,0.6094875335693359,0.883756160736084,0.31618058681488037
EN-Alto-2__vibrato__technique__Fly_Me_to_the_Moon__0000_v0,vibrato,0,EN-Alto-2,0.5254170894622803,0.9742514491081238,0.20549292862415314
EN-Alto-2__vibrato__technique__Fly_Me_to_the_Moon__0000_v1,vibrato,1,EN-Alto-2,0.49300137162208557,1.0069743394851685,0.26783308386802673
EN-Alto-2__vibrato__technique__Fly_Me_to_the_Moon__0000_v2,vibrato,2,EN-Alto-2,0.4698072671890259,1.0297503471374512,0.2531212568283081
EN-Alto-2__vibrato__technique__Fly_Me_to_the_Moon__0001_v0,vibrato,0,EN-Alto-2,0.4444867670536041,1.054052472114563,0.22014518082141876
EN-Alto-2__vibrato__technique__Fly_Me_to_the_Moon__0001_v1,vibrato,1,EN-Alto-2,0.4521872401237488,1.046721339225769,0.26629742980003357
EN-Alto-2__vibrato__technique__Fly_Me_to_the_Moon__0001_v2,vibrato,2,EN-Alto-2,0.41647833585739136,1.080297827720642,0.2506941258907318
EN-Alto-2__vibrato__technique__Fly_Me_to_the_Moon__0002_v0,vibrato,0,EN-Alto-2,0.5740936994552612,0.9229370355606079,0.19284628331661224
EN-Alto-2__vibrato__technique__Fly_Me_to_the_Moon__0002_v1,vibrato,1,EN-Alto-2,0.5856473445892334,0.9103326201438904,0.2661682963371277
EN-Alto-2__vibrato__technique__Fly_Me_to_the_Moon__0002_v2,vibrato,2,EN-Alto-2,0.5647724866867065,0.9329817891120911,0.2507821023464203
EN-Alto-2__vibrato__technique__Fly_Me_to_the_Moon__0003_v0,vibrato,0,EN-Alto-2,0.5680155754089355,0.9294993877410889,0.3274156153202057
EN-Alto-2__vibrato__technique__Fly_Me_to_the_Moon__0003_v1,vibrato,1,EN-Alto-2,0.5320620536804199,0.9674068689346313,0.3195548355579376
EN-Alto-2__vibrato__technique__Fly_Me_to_the_Moon__0003_v2,vibrato,2,EN-Alto-2,0.519707202911377,0.9800947904586792,0.30007654428482056
EN-Alto-2__vibrato__technique__Fly_Me_to_the_Moon__0004_v0,vibrato,0,EN-Alto-2,0.6571897864341736,0.8280220031738281,0.29956886172294617
EN-Alto-2__vibrato__technique__Fly_Me_to_the_Moon__0004_v1,vibrato,1,EN-Alto-2,0.6248272657394409,0.8662248849868774,0.3486495018005371
EN-Alto-2__vibrato__technique__Fly_Me_to_the_Moon__0004_v2,vibrato,2,EN-Alto-2,0.5951777696609497,0.899802565574646,0.3103007972240448
EN-Alto-2__vibrato__technique__Fly_Me_to_the_Moon__0005_v0,vibrato,0,EN-Alto-2,0.7061792016029358,0.7665778994560242,0.17181310057640076
EN-Alto-2__vibrato__technique__Fly_Me_to_the_Moon__0005_v1,vibrato,1,EN-Alto-2,0.6922814846038818,0.7844979763031006,0.19633075594902039
EN-Alto-2__vibrato__technique__Fly_Me_to_the_Moon__0005_v2,vibrato,2,EN-Alto-2,0.6857512593269348,0.7927784323692322,0.2068982869386673
EN-Alto-2__vibrato__technique__Love_Me_Like_You_Do__0000_v0,vibrato,0,EN-Alto-2,0.4273630976676941,1.0701746940612793,0.42718034982681274
EN-Alto-2__vibrato__technique__Love_Me_Like_You_Do__0000_v1,vibrato,1,EN-Alto-2,0.4090701937675476,1.087133765220642,0.473690390586853
EN-Alto-2__vibrato__technique__Love_Me_Like_You_Do__0000_v2,vibrato,2,EN-Alto-2,0.39774808287620544,1.097498893737793,0.4619045853614807
EN-Alto-2__vibrato__technique__Love_Me_Like_You_Do__0001_v0,vibrato,0,EN-Alto-2,0.44761765003204346,1.051077961921692,0.3099990785121918
EN-Alto-2__vibrato__technique__Love_Me_Like_You_Do__0001_v1,vibrato,1,EN-Alto-2,0.41252705454826355,1.083949327468872,0.3484678864479065
EN-Alto-2__vibrato__technique__Love_Me_Like_You_Do__0001_v2,vibrato,2,EN-Alto-2,0.4084455966949463,1.0877081155776978,0.3592120110988617
EN-Alto-2__vibrato__technique__Love_Me_Like_You_Do__0002_v0,vibrato,0,EN-Alto-2,0.5107999444007874,0.9891411662101746,0.39798808097839355
EN-Alto-2__vibrato__technique__Love_Me_Like_You_Do__0002_v1,vibrato,1,EN-Alto-2,0.4766162633895874,1.0231167078018188,0.462951123714447
EN-Alto-2__vibrato__technique__Love_Me_Like_You_Do__0002_v2,vibrato,2,EN-Alto-2,0.4676177501678467,1.0318742990493774,0.4256817102432251
EN-Alto-2__vibrato__technique__Love_Me_Like_You_Do__0003_v0,vibrato,0,EN-Alto-2,0.5520158410072327,0.9465561509132385,0.11643095314502716
EN-Alto-2__vibrato__technique__Love_Me_Like_You_Do__0003_v1,vibrato,1,EN-Alto-2,0.54649817943573,0.9523674249649048,0.16589076817035675
EN-Alto-2__vibrato__technique__Love_Me_Like_You_Do__0003_v2,vibrato,2,EN-Alto-2,0.5361974835395813,0.9631226062774658,0.15262047946453094
EN-Alto-2__vibrato__technique__Love_Me_Like_You_Do__0004_v0,vibrato,0,EN-Alto-2,0.6035317778587341,0.8904697895050049,0.2623685896396637
EN-Alto-2__vibrato__technique__Love_Me_Like_You_Do__0004_v1,vibrato,1,EN-Alto-2,0.5881907939910889,0.9075343012809753,0.30458882451057434
EN-Alto-2__vibrato__technique__Love_Me_Like_You_Do__0004_v2,vibrato,2,EN-Alto-2,0.575139045715332,0.9218037128448486,0.2974391281604767
EN-Alto-2__vibrato__technique__Love_Me_Like_You_Do__0005_v0,vibrato,0,EN-Alto-2,0.4503788352012634,1.0484474897384644,0.16247203946113586
EN-Alto-2__vibrato__technique__Love_Me_Like_You_Do__0005_v1,vibrato,1,EN-Alto-2,0.47350603342056274,1.0261520147323608,0.21853245794773102
EN-Alto-2__vibrato__technique__Love_Me_Like_You_Do__0005_v2,vibrato,2,EN-Alto-2,0.4501913785934448,1.0486263036727905,0.18254902958869934
EN-Alto-2__vibrato__technique__Love_Me_Like_You_Do__0006_v0,vibrato,0,EN-Alto-2,0.4767938554286957,1.0229430198669434,0.392330139875412
EN-Alto-2__vibrato__technique__Love_Me_Like_You_Do__0006_v1,vibrato,1,EN-Alto-2,0.4351571202278137,1.0628668069839478,0.4327038526535034
EN-Alto-2__vibrato__technique__Love_Me_Like_You_Do__0006_v2,vibrato,2,EN-Alto-2,0.40663477778434753,1.089371681213379,0.44811534881591797
EN-Alto-2__vibrato__technique__Love_Me_Like_You_Do__0007_v0,vibrato,0,EN-Alto-2,0.497496634721756,1.002500295639038,0.33956390619277954
EN-Alto-2__vibrato__technique__Love_Me_Like_You_Do__0007_v1,vibrato,1,EN-Alto-2,0.4820955693721771,1.0177470445632935,0.400693416595459
EN-Alto-2__vibrato__technique__Love_Me_Like_You_Do__0007_v2,vibrato,2,EN-Alto-2,0.46749821305274963,1.0319901704788208,0.39654794335365295
EN-Alto-2__vibrato__technique__Love_Me_Like_You_Do__0008_v0,vibrato,0,EN-Alto-2,0.7750793695449829,0.6707022190093994,0.22333383560180664
EN-Alto-2__vibrato__technique__Love_Me_Like_You_Do__0008_v1,vibrato,1,EN-Alto-2,0.7749050855636597,0.6709619760513306,0.28680863976478577
EN-Alto-2__vibrato__technique__Love_Me_Like_You_Do__0008_v2,vibrato,2,EN-Alto-2,0.7547561526298523,0.7003483772277832,0.26394960284233093
EN-Alto-2__vibrato__technique__Love_Me_Like_You_Do__0009_v0,vibrato,0,EN-Alto-2,0.7728395462036133,0.6740332841873169,0.2092471569776535
EN-Alto-2__vibrato__technique__Love_Me_Like_You_Do__0009_v1,vibrato,1,EN-Alto-2,0.7818810343742371,0.6604831218719482,0.20180915296077728
EN-Alto-2__vibrato__technique__Love_Me_Like_You_Do__0009_v2,vibrato,2,EN-Alto-2,0.7545415759086609,0.7006546258926392,0.1877724826335907
EN-Alto-2__vibrato__technique__Love_Story__0000_v0,vibrato,0,EN-Alto-2,0.7007256746292114,0.7736594676971436,0.10095253586769104
EN-Alto-2__vibrato__technique__Love_Story__0000_v1,vibrato,1,EN-Alto-2,0.678007960319519,0.8024863004684448,0.16578562557697296
EN-Alto-2__vibrato__technique__Love_Story__0000_v2,vibrato,2,EN-Alto-2,0.6640886068344116,0.8196480870246887,0.13894011080265045
EN-Alto-2__vibrato__technique__Love_Story__0001_v0,vibrato,0,EN-Alto-2,0.5845889449119568,0.9114944934844971,0.35281801223754883
EN-Alto-2__vibrato__technique__Love_Story__0001_v1,vibrato,1,EN-Alto-2,0.5531995296478271,0.9453047513961792,0.3944225013256073
EN-Alto-2__vibrato__technique__Love_Story__0001_v2,vibrato,2,EN-Alto-2,0.5339407920837402,0.965462863445282,0.3727772831916809
EN-Alto-2__vibrato__technique__Love_Story__0002_v0,vibrato,0,EN-Alto-2,0.7105062007904053,0.7609124779701233,0.16990044713020325
EN-Alto-2__vibrato__technique__Love_Story__0002_v1,vibrato,1,EN-Alto-2,0.7065591812133789,0.7660819888114929,0.2413005381822586
EN-Alto-2__vibrato__technique__Love_Story__0002_v2,vibrato,2,EN-Alto-2,0.6890007853507996,0.7886687517166138,0.22509002685546875
EN-Alto-2__vibrato__technique__Love_Story__0003_v0,vibrato,0,EN-Alto-2,0.729364275932312,0.7357115149497986,0.2265777885913849
EN-Alto-2__vibrato__technique__Love_Story__0003_v1,vibrato,1,EN-Alto-2,0.6931676268577576,0.7833675146102905,0.2785961329936981
EN-Alto-2__vibrato__technique__Love_Story__0003_v2,vibrato,2,EN-Alto-2,0.6805551648139954,0.7993056774139404,0.269861102104187
EN-Alto-2__vibrato__technique__Love_Story__0004_v0,vibrato,0,EN-Alto-2,0.593030571937561,0.9021855592727661,0.18472443521022797
EN-Alto-2__vibrato__technique__Love_Story__0004_v1,vibrato,1,EN-Alto-2,0.5881298780441284,0.9076013565063477,0.23846493661403656
EN-Alto-2__vibrato__technique__Love_Story__0004_v2,vibrato,2,EN-Alto-2,0.5284577012062073,0.9711254239082336,0.21307092905044556
EN-Alto-2__vibrato__technique__Love_Story__0005_v0,vibrato,0,EN-Alto-2,0.6533424258232117,0.8326554298400879,0.29205837845802307
EN-Alto-2__vibrato__technique__Love_Story__0005_v1,vibrato,1,EN-Alto-2,0.6316574811935425,0.8583036661148071,0.3246307969093323
EN-Alto-2__vibrato__technique__Love_Story__0005_v2,vibrato,2,EN-Alto-2,0.6407996416091919,0.8475852012634277,0.34160086512565613
EN-Alto-2__vibrato__technique__My_Heart_Will_Go_On__0000_v0,vibrato,0,EN-Alto-2,0.6327992677688599,0.8569722771644592,0.4005280137062073
EN-Alto-2__vibrato__technique__My_Heart_Will_Go_On__0000_v1,vibrato,1,EN-Alto-2,0.5914251804351807,0.9039634466171265,0.4487278461456299
EN-Alto-2__vibrato__technique__My_Heart_Will_Go_On__0000_v2,vibrato,2,EN-Alto-2,0.5956737399101257,0.8992511630058289,0.42208531498908997
EN-Alto-2__vibrato__technique__My_Heart_Will_Go_On__0001_v0,vibrato,0,EN-Alto-2,0.7808943390846252,0.6619753837585449,0.1754637360572815
EN-Alto-2__vibrato__technique__My_Heart_Will_Go_On__0001_v1,vibrato,1,EN-Alto-2,0.7729170322418213,0.6739183068275452,0.17352871596813202
EN-Alto-2__vibrato__technique__My_Heart_Will_Go_On__0001_v2,vibrato,2,EN-Alto-2,0.774247944355011,0.6719407439231873,0.14404231309890747
EN-Alto-2__vibrato__technique__My_Heart_Will_Go_On__0002_v0,vibrato,0,EN-Alto-2,0.669781506061554,0.8126727938652039,0.5451421737670898
EN-Alto-2__vibrato__technique__My_Heart_Will_Go_On__0002_v1,vibrato,1,EN-Alto-2,0.6376101970672607,0.8513399362564087,0.5556284189224243
EN-Alto-2__vibrato__technique__My_Heart_Will_Go_On__0002_v2,vibrato,2,EN-Alto-2,0.6339131593704224,0.8556715250015259,0.5333718657493591
EN-Alto-2__vibrato__technique__My_Heart_Will_Go_On__0003_v0,vibrato,0,EN-Alto-2,0.7815524935722351,0.6609804034233093,0.31156617403030396
EN-Alto-2__vibrato__technique__My_Heart_Will_Go_On__0003_v1,vibrato,1,EN-Alto-2,0.7355701327323914,0.727227509021759,0.2718219459056854
EN-Alto-2__vibrato__technique__My_Heart_Will_Go_On__0003_v2,vibrato,2,EN-Alto-2,0.7002080678939819,0.7743281126022339,0.20618075132369995
EN-Alto-2__vibrato__technique__My_Heart_Will_Go_On__0004_v0,vibrato,0,EN-Alto-2,0.7603299617767334,0.6923438906669617,0.4420680105686188
EN-Alto-2__vibrato__technique__My_Heart_Will_Go_On__0004_v1,vibrato,1,EN-Alto-2,0.7168710827827454,0.7525010704994202,0.40937140583992004
EN-Alto-2__vibrato__technique__My_Heart_Will_Go_On__0004_v2,vibrato,2,EN-Alto-2,0.690120279788971,0.7872480154037476,0.3724764883518219
EN-Alto-2__vibrato__technique__My_Heart_Will_Go_On__0005_v0,vibrato,0,EN-Alto-2,0.7869449257850647,0.6527710556983948,0.2440514862537384
EN-Alto-2__vibrato__technique__My_Heart_Will_Go_On__0005_v1,vibrato,1,EN-Alto-2,0.7585626840591431,0.6948918104171753,0.2047608345746994
EN-Alto-2__vibrato__technique__My_Heart_Will_Go_On__0005_v2,vibrato,2,EN-Alto-2,0.7441563606262207,0.715323269367218,0.1678503155708313
EN-Alto-2__vibrato__technique__My_Heart_Will_Go_On__0006_v0,vibrato,0,EN-Alto-2,0.8184977173805237,0.6024987101554871,0.3632218539714813
EN-Alto-2__vibrato__technique__My_Heart_Will_Go_On__0006_v1,vibrato,1,EN-Alto-2,0.787004828453064,0.652679443359375,0.42155012488365173
EN-Alto-2__vibrato__technique__My_Heart_Will_Go_On__0006_v2,vibrato,2,EN-Alto-2,0.7412693500518799,0.7193480134010315,0.2822728157043457
EN-Alto-2__vibrato__technique__My_Heart_Will_Go_On__0007_v0,vibrato,0,EN-Alto-2,0.743513822555542,0.7162209153175354,0.28940221667289734
EN-Alto-2__vibrato__technique__My_Heart_Will_Go_On__0007_v1,vibrato,1,EN-Alto-2,0.7251979112625122,0.741352915763855,0.3005312383174896
EN-Alto-2__vibrato__technique__My_Heart_Will_Go_On__0007_v2,vibrato,2,EN-Alto-2,0.7384885549545288,0.723203182220459,0.25143399834632874
EN-Alto-2__vibrato__technique__My_Heart_Will_Go_On__0008_v0,vibrato,0,EN-Alto-2,0.6655125021934509,0.8179090619087219,0.44279012084007263
EN-Alto-2__vibrato__technique__My_Heart_Will_Go_On__0008_v1,vibrato,1,EN-Alto-2,0.651195764541626,0.8352296352386475,0.4190223813056946
EN-Alto-2__vibrato__technique__My_Heart_Will_Go_On__0008_v2,vibrato,2,EN-Alto-2,0.6436991691589355,0.8441574573516846,0.3831658959388733
EN-Alto-2__vibrato__technique__My_Heart_Will_Go_On__0009_v0,vibrato,0,EN-Alto-2,0.7239888906478882,0.742982029914856,0.47438400983810425
EN-Alto-2__vibrato__technique__My_Heart_Will_Go_On__0009_v1,vibrato,1,EN-Alto-2,0.6726974248886108,0.8090768456459045,0.47739532589912415
EN-Alto-2__vibrato__technique__My_Heart_Will_Go_On__0009_v2,vibrato,2,EN-Alto-2,0.6655152440071106,0.8179056644439697,0.41184180974960327
EN-Alto-2__vibrato__technique__My_Heart_Will_Go_On__0010_v0,vibrato,0,EN-Alto-2,0.7857934236526489,0.6545328497886658,0.3356935381889343
EN-Alto-2__vibrato__technique__My_Heart_Will_Go_On__0010_v1,vibrato,1,EN-Alto-2,0.7629008293151855,0.6886207461357117,0.37222567200660706
EN-Alto-2__vibrato__technique__My_Heart_Will_Go_On__0010_v2,vibrato,2,EN-Alto-2,0.7461423873901367,0.7125415205955505,0.2962285578250885
EN-Alto-2__vibrato__technique__My_Love__0000_v0,vibrato,0,EN-Alto-2,0.44932663440704346,1.0494507551193237,0.3078293204307556
EN-Alto-2__vibrato__technique__My_Love__0000_v1,vibrato,1,EN-Alto-2,0.43630748987197876,1.0617839097976685,0.34606030583381653
EN-Alto-2__vibrato__technique__My_Love__0000_v2,vibrato,2,EN-Alto-2,0.4379289150238037,1.060255765914917,0.36141857504844666
EN-Alto-2__vibrato__technique__My_Love__0001_v0,vibrato,0,EN-Alto-2,0.6676568388938904,0.8152830004692078,0.34152838587760925
EN-Alto-2__vibrato__technique__My_Love__0001_v1,vibrato,1,EN-Alto-2,0.649306058883667,0.837489128112793,0.42882686853408813
EN-Alto-2__vibrato__technique__My_Love__0001_v2,vibrato,2,EN-Alto-2,0.6323075890541077,0.8575459122657776,0.392673134803772
EN-Alto-2__vibrato__technique__My_Love__0002_v0,vibrato,0,EN-Alto-2,0.6381293535232544,0.8507300019264221,0.398721843957901
EN-Alto-2__vibrato__technique__My_Love__0002_v1,vibrato,1,EN-Alto-2,0.5762402415275574,0.9206083416938782,0.46071383357048035
EN-Alto-2__vibrato__technique__My_Love__0002_v2,vibrato,2,EN-Alto-2,0.5797461271286011,0.9167922139167786,0.44945406913757324
EN-Alto-2__vibrato__technique__My_Love__0003_v0,vibrato,0,EN-Alto-2,0.7236201167106628,0.7434782385826111,0.2840272784233093
EN-Alto-2__vibrato__technique__My_Love__0003_v1,vibrato,1,EN-Alto-2,0.7058767080307007,0.7669722437858582,0.33009111881256104
EN-Alto-2__vibrato__technique__My_Love__0003_v2,vibrato,2,EN-Alto-2,0.6953550577163696,0.7805703282356262,0.2875276803970337
EN-Alto-2__vibrato__technique__My_Love__0004_v0,vibrato,0,EN-Alto-2,0.4138496220111847,1.082728385925293,0.38221871852874756
EN-Alto-2__vibrato__technique__My_Love__0004_v1,vibrato,1,EN-Alto-2,0.4198535978794098,1.0771689414978027,0.41980135440826416
EN-Alto-2__vibrato__technique__My_Love__0004_v2,vibrato,2,EN-Alto-2,0.39731377363204956,1.097894549369812,0.4024825096130371
EN-Alto-2__vibrato__technique__My_Love__0005_v0,vibrato,0,EN-Alto-2,0.6740959286689758,0.807346522808075,0.37425142526626587
EN-Alto-2__vibrato__technique__My_Love__0005_v1,vibrato,1,EN-Alto-2,0.6284374594688416,0.8620470762252808,0.4475935697555542
EN-Alto-2__vibrato__technique__My_Love__0005_v2,vibrato,2,EN-Alto-2,0.6204631328582764,0.8712484240531921,0.3835028409957886
EN-Alto-2__vibrato__technique__My_Love__0006_v0,vibrato,0,EN-Alto-2,0.6591008305549622,0.8257108926773071,0.38891029357910156
EN-Alto-2__vibrato__technique__My_Love__0006_v1,vibrato,1,EN-Alto-2,0.6174601316452026,0.8746883869171143,0.38101404905319214
EN-Alto-2__vibrato__technique__My_Love__0006_v2,vibrato,2,EN-Alto-2,0.6176433563232422,0.8744788765907288,0.3330979645252228
EN-Alto-2__vibrato__technique__Safe_and_Sound__0000_v0,vibrato,0,EN-Alto-2,0.6724056601524353,0.8094372749328613,0.23382921516895294
EN-Alto-2__vibrato__technique__Safe_and_Sound__0000_v1,vibrato,1,EN-Alto-2,0.6384283304214478,0.8503783941268921,0.21917013823986053
EN-Alto-2__vibrato__technique__Safe_and_Sound__0000_v2,vibrato,2,EN-Alto-2,0.6487162113189697,0.8381931185722351,0.2300185263156891
EN-Alto-2__vibrato__technique__Safe_and_Sound__0001_v0,vibrato,0,EN-Alto-2,0.7772165536880493,0.667508065700531,0.3606545925140381
EN-Alto-2__vibrato__technique__Safe_and_Sound__0001_v1,vibrato,1,EN-Alto-2,0.7406688928604126,0.7201821804046631,0.3716486394405365
EN-Alto-2__vibrato__technique__Safe_and_Sound__0001_v2,vibrato,2,EN-Alto-2,0.7246525883674622,0.742088258266449,0.3445764482021332
EN-Alto-2__vibrato__technique__Safe_and_Sound__0002_v0,vibrato,0,EN-Alto-2,0.6431119441986084,0.8448528051376343,0.24210700392723083
EN-Alto-2__vibrato__technique__Safe_and_Sound__0002_v1,vibrato,1,EN-Alto-2,0.5970816612243652,0.8976840376853943,0.2940210998058319
EN-Alto-2__vibrato__technique__Safe_and_Sound__0002_v2,vibrato,2,EN-Alto-2,0.6125203967094421,0.8803178071975708,0.25379443168640137
EN-Alto-2__vibrato__technique__Safe_and_Sound__0003_v0,vibrato,0,EN-Alto-2,0.7842262387275696,0.6569228172302246,0.2811073958873749
EN-Alto-2__vibrato__technique__Safe_and_Sound__0003_v1,vibrato,1,EN-Alto-2,0.7509064078330994,0.7058237791061401,0.2725999355316162
EN-Alto-2__vibrato__technique__Safe_and_Sound__0003_v2,vibrato,2,EN-Alto-2,0.7370690107345581,0.7251635193824768,0.2834243178367615
EN-Alto-2__vibrato__technique__Safe_and_Sound__0004_v0,vibrato,0,EN-Alto-2,0.7036752700805664,0.7698374390602112,0.26005104184150696
EN-Alto-2__vibrato__technique__Safe_and_Sound__0004_v1,vibrato,1,EN-Alto-2,0.6554474234580994,0.8301236629486084,0.29191866517066956
EN-Alto-2__vibrato__technique__Safe_and_Sound__0004_v2,vibrato,2,EN-Alto-2,0.6230044364929199,0.8683266639709473,0.26070475578308105
EN-Alto-2__vibrato__technique__Safe_and_Sound__0005_v0,vibrato,0,EN-Alto-2,0.536881148815155,0.962412416934967,0.052507173269987106
EN-Alto-2__vibrato__technique__Safe_and_Sound__0005_v1,vibrato,1,EN-Alto-2,0.530657172203064,0.968858003616333,0.09403417259454727
EN-Alto-2__vibrato__technique__Safe_and_Sound__0005_v2,vibrato,2,EN-Alto-2,0.5236907005310059,0.9760218262672424,0.09342318028211594
EN-Alto-2__vibrato__technique__Safe_and_Sound__0006_v0,vibrato,0,EN-Alto-2,0.694261908531189,0.7819694876670837,0.26870256662368774
EN-Alto-2__vibrato__technique__Safe_and_Sound__0006_v1,vibrato,1,EN-Alto-2,0.6525930166244507,0.8335550427436829,0.24603715538978577
EN-Alto-2__vibrato__technique__Safe_and_Sound__0006_v2,vibrato,2,EN-Alto-2,0.6297786831855774,0.8604897856712341,0.23181937634944916
EN-Alto-2__vibrato__technique__Someone_Like_You__0000_v0,vibrato,0,EN-Alto-2,0.6028696298599243,0.8912132382392883,0.21593645215034485
EN-Alto-2__vibrato__technique__Someone_Like_You__0000_v1,vibrato,1,EN-Alto-2,0.5585938692092896,0.9395809769630432,0.21805275976657867
EN-Alto-2__vibrato__technique__Someone_Like_You__0000_v2,vibrato,2,EN-Alto-2,0.5617578625679016,0.9362075328826904,0.19971932470798492
EN-Alto-2__vibrato__technique__Someone_Like_You__0001_v0,vibrato,0,EN-Alto-2,0.6174620389938354,0.8746861815452576,0.41979682445526123
EN-Alto-2__vibrato__technique__Someone_Like_You__0001_v1,vibrato,1,EN-Alto-2,0.5678718686103821,0.9296538233757019,0.462349534034729
EN-Alto-2__vibrato__technique__Someone_Like_You__0001_v2,vibrato,2,EN-Alto-2,0.5641158819198608,0.9336854219436646,0.41541120409965515
EN-Alto-2__vibrato__technique__Someone_Like_You__0002_v0,vibrato,0,EN-Alto-2,0.7036601305007935,0.7698570489883423,0.29326561093330383
EN-Alto-2__vibrato__technique__Someone_Like_You__0002_v1,vibrato,1,EN-Alto-2,0.667599081993103,0.8153538107872009,0.3140643239021301
EN-Alto-2__vibrato__technique__Someone_Like_You__0002_v2,vibrato,2,EN-Alto-2,0.6393701434135437,0.8492701649665833,0.2563455402851105
EN-Alto-2__vibrato__technique__Someone_Like_You__0003_v0,vibrato,0,EN-Alto-2,0.4378342628479004,1.060344934463501,0.2645731568336487
EN-Alto-2__vibrato__technique__Someone_Like_You__0003_v1,vibrato,1,EN-Alto-2,0.41053321957588196,1.085787057876587,0.24496307969093323
EN-Alto-2__vibrato__technique__Someone_Like_You__0003_v2,vibrato,2,EN-Alto-2,0.448503315448761,1.0502349138259888,0.25407442450523376
EN-Alto-2__vibrato__technique__Someone_Like_You__0004_v0,vibrato,0,EN-Alto-2,0.6541048288345337,0.8317394256591797,0.34594783186912537
EN-Alto-2__vibrato__technique__Someone_Like_You__0004_v1,vibrato,1,EN-Alto-2,0.6326643228530884,0.8571298122406006,0.3662211000919342
EN-Alto-2__vibrato__technique__Someone_Like_You__0004_v2,vibrato,2,EN-Alto-2,0.6270958781242371,0.8636019825935364,0.31141090393066406
EN-Alto-2__vibrato__technique__Someone_Like_You__0005_v0,vibrato,0,EN-Alto-2,0.5846717357635498,0.9114037156105042,0.2691062390804291
EN-Alto-2__vibrato__technique__Someone_Like_You__0005_v1,vibrato,1,EN-Alto-2,0.568253219127655,0.9292435646057129,0.32481881976127625
EN-Alto-2__vibrato__technique__Someone_Like_You__0005_v2,vibrato,2,EN-Alto-2,0.5531942844390869,0.9453102350234985,0.3063502013683319
EN-Alto-2__vibrato__technique__Someone_Like_You__0006_v0,vibrato,0,EN-Alto-2,0.6352630853652954,0.8540924191474915,0.25665491819381714
EN-Alto-2__vibrato__technique__Someone_Like_You__0006_v1,vibrato,1,EN-Alto-2,0.6398563385009766,0.8486974835395813,0.2822273075580597
EN-Alto-2__vibrato__technique__Someone_Like_You__0006_v2,vibrato,2,EN-Alto-2,0.6083554029464722,0.8850363492965698,0.260450541973114
EN-Alto-2__vibrato__technique__Someone_Like_You__0007_v0,vibrato,0,EN-Alto-2,0.7712438106536865,0.6763966083526611,0.2755316495895386
EN-Alto-2__vibrato__technique__Someone_Like_You__0007_v1,vibrato,1,EN-Alto-2,0.7318992018699646,0.7322578430175781,0.26475730538368225
EN-Alto-2__vibrato__technique__Someone_Like_You__0007_v2,vibrato,2,EN-Alto-2,0.7388936877250671,0.7226429581642151,0.23111331462860107
EN-Alto-2__vibrato__technique__Someone_Like_You__0008_v0,vibrato,0,EN-Alto-2,0.7359282374382019,0.7267349362373352,0.4334833323955536
EN-Alto-2__vibrato__technique__Someone_Like_You__0008_v1,vibrato,1,EN-Alto-2,0.693986713886261,0.7823212742805481,0.44577187299728394
EN-Alto-2__vibrato__technique__Someone_Like_You__0008_v2,vibrato,2,EN-Alto-2,0.6887099742889404,0.7890374064445496,0.42304956912994385
EN-Alto-2__vibrato__technique__Someone_Like_You__0009_v0,vibrato,0,EN-Alto-2,0.835566520690918,0.5734692215919495,0.25664064288139343
EN-Alto-2__vibrato__technique__Someone_Like_You__0009_v1,vibrato,1,EN-Alto-2,0.8133128881454468,0.6110435724258423,0.3392348885536194
EN-Alto-2__vibrato__technique__Someone_Like_You__0009_v2,vibrato,2,EN-Alto-2,0.8047308325767517,0.6249307990074158,0.34384503960609436
EN-Alto-2__vibrato__technique__Someone_Like_You__0010_v0,vibrato,0,EN-Alto-2,0.702166736125946,0.7717944979667664,0.3780193328857422
EN-Alto-2__vibrato__technique__Someone_Like_You__0010_v1,vibrato,1,EN-Alto-2,0.677808403968811,0.802734911441803,0.34577882289886475
EN-Alto-2__vibrato__technique__Someone_Like_You__0010_v2,vibrato,2,EN-Alto-2,0.6600520610809326,0.8245580792427063,0.31928500533103943
EN-Alto-2__vibrato__technique__Someone_Like_You__0011_v0,vibrato,0,EN-Alto-2,0.6576966047286987,0.8274097442626953,0.31463101506233215
EN-Alto-2__vibrato__technique__Someone_Like_You__0011_v1,vibrato,1,EN-Alto-2,0.6322970390319824,0.8575581908226013,0.3173617422580719
EN-Alto-2__vibrato__technique__Someone_Like_You__0011_v2,vibrato,2,EN-Alto-2,0.621294379234314,0.8702937960624695,0.309451162815094
EN-Alto-2__vibrato__technique__Someone_You_Loved__0000_v0,vibrato,0,EN-Alto-2,0.5230828523635864,0.9766443967819214,0.17195315659046173
EN-Alto-2__vibrato__technique__Someone_You_Loved__0000_v1,vibrato,1,EN-Alto-2,0.5215537548065186,0.9782089591026306,0.1737741231918335
EN-Alto-2__vibrato__technique__Someone_You_Loved__0000_v2,vibrato,2,EN-Alto-2,0.5248562097549438,0.9748271107673645,0.18449881672859192
EN-Alto-2__vibrato__technique__Someone_You_Loved__0001_v0,vibrato,0,EN-Alto-2,0.4123375415802002,1.0841240882873535,0.28502559661865234
EN-Alto-2__vibrato__technique__Someone_You_Loved__0001_v1,vibrato,1,EN-Alto-2,0.41153210401535034,1.0848667621612549,0.2837727665901184
EN-Alto-2__vibrato__technique__Someone_You_Loved__0001_v2,vibrato,2,EN-Alto-2,0.3911272883415222,1.1035150289535522,0.27222931385040283
EN-Alto-2__vibrato__technique__Someone_You_Loved__0002_v0,vibrato,0,EN-Alto-2,0.5882358551025391,0.9074847102165222,0.4257839322090149
EN-Alto-2__vibrato__technique__Someone_You_Loved__0002_v1,vibrato,1,EN-Alto-2,0.5392683744430542,0.9599288702011108,0.4504067599773407
EN-Alto-2__vibrato__technique__Someone_You_Loved__0002_v2,vibrato,2,EN-Alto-2,0.5234967470169067,0.9762206673622131,0.42163336277008057
EN-Alto-2__vibrato__technique__Someone_You_Loved__0003_v0,vibrato,0,EN-Alto-2,0.7265244126319885,0.7395614981651306,0.3884701132774353
EN-Alto-2__vibrato__technique__Someone_You_Loved__0003_v1,vibrato,1,EN-Alto-2,0.7094747424125671,0.7622668147087097,0.37252700328826904
EN-Alto-2__vibrato__technique__Someone_You_Loved__0003_v2,vibrato,2,EN-Alto-2,0.6895162463188171,0.7880150079727173,0.380704402923584
EN-Alto-2__vibrato__technique__Someone_You_Loved__0004_v0,vibrato,0,EN-Alto-2,0.6084274053573608,0.8849549889564514,0.29157957434654236
EN-Alto-2__vibrato__technique__Someone_You_Loved__0004_v1,vibrato,1,EN-Alto-2,0.5622349977493286,0.935697615146637,0.29983633756637573
EN-Alto-2__vibrato__technique__Someone_You_Loved__0004_v2,vibrato,2,EN-Alto-2,0.5332136750221252,0.9662157297134399,0.2977125942707062
EN-Alto-2__vibrato__technique__Someone_You_Loved__0005_v0,vibrato,0,EN-Alto-2,0.6487630009651184,0.8381372690200806,0.21118351817131042
EN-Alto-2__vibrato__technique__Someone_You_Loved__0005_v1,vibrato,1,EN-Alto-2,0.6391438245773315,0.8495365381240845,0.23289351165294647
EN-Alto-2__vibrato__technique__Someone_You_Loved__0005_v2,vibrato,2,EN-Alto-2,0.6318783760070801,0.8580462336540222,0.2222270667552948
EN-Alto-2__vibrato__technique__What_Are_Words__0000_v0,vibrato,0,EN-Alto-2,0.5870876312255859,0.9087491035461426,0.19905339181423187
EN-Alto-2__vibrato__technique__What_Are_Words__0000_v1,vibrato,1,EN-Alto-2,0.5734497308731079,0.92363440990448,0.2056104838848114
EN-Alto-2__vibrato__technique__What_Are_Words__0000_v2,vibrato,2,EN-Alto-2,0.5560731291770935,0.9422599673271179,0.1892058253288269
EN-Alto-2__vibrato__technique__What_Are_Words__0001_v0,vibrato,0,EN-Alto-2,0.700190007686615,0.7743514776229858,0.2839599847793579
EN-Alto-2__vibrato__technique__What_Are_Words__0001_v1,vibrato,1,EN-Alto-2,0.6868549585342407,0.7913849949836731,0.29136085510253906
EN-Alto-2__vibrato__technique__What_Are_Words__0001_v2,vibrato,2,EN-Alto-2,0.6661936044692993,0.8170758485794067,0.26482900977134705
EN-Alto-2__vibrato__technique__What_Are_Words__0002_v0,vibrato,0,EN-Alto-2,0.7135047316551208,0.7569614052772522,0.18553659319877625
EN-Alto-2__vibrato__technique__What_Are_Words__0002_v1,vibrato,1,EN-Alto-2,0.7115162014961243,0.7595840096473694,0.2517438530921936
EN-Alto-2__vibrato__technique__What_Are_Words__0002_v2,vibrato,2,EN-Alto-2,0.6940985321998596,0.7821784019470215,0.210096538066864
EN-Alto-2__vibrato__technique__What_Are_Words__0003_v0,vibrato,0,EN-Alto-2,0.7869230508804321,0.6528047919273376,0.2239236831665039
EN-Alto-2__vibrato__technique__What_Are_Words__0003_v1,vibrato,1,EN-Alto-2,0.7580527663230896,0.6956251859664917,0.23842263221740723
EN-Alto-2__vibrato__technique__What_Are_Words__0003_v2,vibrato,2,EN-Alto-2,0.7355647087097168,0.7272350788116455,0.17555971443653107
EN-Alto-2__vibrato__technique__What_Are_Words__0004_v0,vibrato,0,EN-Alto-2,0.7913760542869568,0.645947277545929,0.1799519807100296
EN-Alto-2__vibrato__technique__What_Are_Words__0004_v1,vibrato,1,EN-Alto-2,0.7781903743743896,0.6660474538803101,0.21182401478290558
EN-Alto-2__vibrato__technique__What_Are_Words__0004_v2,vibrato,2,EN-Alto-2,0.7616139650344849,0.6904867887496948,0.201117143034935
EN-Alto-2__vibrato__technique__What_Are_Words__0005_v0,vibrato,0,EN-Alto-2,0.5648869872093201,0.9328591227531433,0.16490140557289124
EN-Alto-2__vibrato__technique__What_Are_Words__0005_v1,vibrato,1,EN-Alto-2,0.5465561747550964,0.9523065686225891,0.2329697161912918
EN-Alto-2__vibrato__technique__What_Are_Words__0005_v2,vibrato,2,EN-Alto-2,0.5330358147621155,0.9663996696472168,0.234331876039505
EN-Alto-2__vibrato__technique__What_Are_Words__0006_v0,vibrato,0,EN-Alto-2,0.5502346754074097,0.9484358429908752,0.10294698178768158
EN-Alto-2__vibrato__technique__What_Are_Words__0006_v1,vibrato,1,EN-Alto-2,0.5716832876205444,0.9255450367927551,0.12888288497924805
EN-Alto-2__vibrato__technique__What_Are_Words__0006_v2,vibrato,2,EN-Alto-2,0.5622268915176392,0.9357063174247742,0.11913447082042694
EN-Alto-2__vibrato__technique__What_Are_Words__0007_v0,vibrato,0,EN-Alto-2,0.6880620121955872,0.789858341217041,0.10115456581115723
EN-Alto-2__vibrato__technique__What_Are_Words__0007_v1,vibrato,1,EN-Alto-2,0.6763911247253418,0.8044986128807068,0.13797792792320251
EN-Alto-2__vibrato__technique__What_Are_Words__0007_v2,vibrato,2,EN-Alto-2,0.6597856879234314,0.8248810768127441,0.12150723487138748
EN-Alto-2__vibrato__technique__Yesterday_Once_More__0000_v0,vibrato,0,EN-Alto-2,0.5033277273178101,0.9966668486595154,0.27235499024391174
EN-Alto-2__vibrato__technique__Yesterday_Once_More__0000_v1,vibrato,1,EN-Alto-2,0.5024054050445557,0.9975917935371399,0.29158657789230347
EN-Alto-2__vibrato__technique__Yesterday_Once_More__0000_v2,vibrato,2,EN-Alto-2,0.49188220500946045,1.0080852508544922,0.2874748408794403
EN-Alto-2__vibrato__technique__Yesterday_Once_More__0001_v0,vibrato,0,EN-Alto-2,0.6608161926269531,0.8236308097839355,0.3352389931678772
EN-Alto-2__vibrato__technique__Yesterday_Once_More__0001_v1,vibrato,1,EN-Alto-2,0.6222473382949829,0.8691981434822083,0.3362656831741333
EN-Alto-2__vibrato__technique__Yesterday_Once_More__0001_v2,vibrato,2,EN-Alto-2,0.6106593608856201,0.882429301738739,0.30024978518486023
EN-Alto-2__vibrato__technique__Yesterday_Once_More__0002_v0,vibrato,0,EN-Alto-2,0.64687180519104,0.8403906226158142,0.21587257087230682
EN-Alto-2__vibrato__technique__Yesterday_Once_More__0002_v1,vibrato,1,EN-Alto-2,0.610758900642395,0.8823164105415344,0.2756190299987793
EN-Alto-2__vibrato__technique__Yesterday_Once_More__0002_v2,vibrato,2,EN-Alto-2,0.5984910726547241,0.8961126804351807,0.21945835649967194
EN-Alto-2__vibrato__technique__Yesterday_Once_More__0003_v0,vibrato,0,EN-Alto-2,0.7306622266769409,0.7339452505111694,0.4578360617160797
EN-Alto-2__vibrato__technique__Yesterday_Once_More__0003_v1,vibrato,1,EN-Alto-2,0.6969133615493774,0.7785714864730835,0.45823609828948975
EN-Alto-2__vibrato__technique__Yesterday_Once_More__0003_v2,vibrato,2,EN-Alto-2,0.6755763292312622,0.8055106401443481,0.4058164358139038
EN-Alto-2__vibrato__technique__Yesterday_Once_More__0004_v0,vibrato,0,EN-Alto-2,0.6927433013916016,0.7839091420173645,0.4359493553638458
EN-Alto-2__vibrato__technique__Yesterday_Once_More__0004_v1,vibrato,1,EN-Alto-2,0.6559917330741882,0.8294677138328552,0.4494941234588623
EN-Alto-2__vibrato__technique__Yesterday_Once_More__0004_v2,vibrato,2,EN-Alto-2,0.6621443629264832,0.8220166563987732,0.40471151471138
EN-Alto-2__vibrato__technique__Yesterday_Once_More__0005_v0,vibrato,0,EN-Alto-2,0.7355772256851196,0.7272177934646606,0.15030941367149353
EN-Alto-2__vibrato__technique__Yesterday_Once_More__0005_v1,vibrato,1,EN-Alto-2,0.720218300819397,0.748039722442627,0.17629827558994293
EN-Alto-2__vibrato__technique__Yesterday_Once_More__0005_v2,vibrato,2,EN-Alto-2,0.6997469663619995,0.7749233841896057,0.15567319095134735
EN-Alto-2__vibrato__technique__Yesterday_Once_More__0006_v0,vibrato,0,EN-Alto-2,0.7098345756530762,0.76179438829422,0.29874157905578613
EN-Alto-2__vibrato__technique__Yesterday_Once_More__0006_v1,vibrato,1,EN-Alto-2,0.7014177441596985,0.7727641463279724,0.32537248730659485
EN-Alto-2__vibrato__technique__Yesterday_Once_More__0006_v2,vibrato,2,EN-Alto-2,0.684656023979187,0.7941586971282959,0.280616819858551
EN-Alto-2__vibrato__technique__Yesterday_Once_More__0007_v0,vibrato,0,EN-Alto-2,0.6889215707778931,0.7887692451477051,0.40842607617378235
EN-Alto-2__vibrato__technique__Yesterday_Once_More__0007_v1,vibrato,1,EN-Alto-2,0.6451740860939026,0.8424084186553955,0.4602232575416565
EN-Alto-2__vibrato__technique__Yesterday_Once_More__0007_v2,vibrato,2,EN-Alto-2,0.6576258540153503,0.827495276927948,0.41699546575546265
EN-Alto-2__vibrato__technique__Yesterday_Once_More__0008_v0,vibrato,0,EN-Alto-2,0.678472638130188,0.8019070029258728,0.15730072557926178
EN-Alto-2__vibrato__technique__Yesterday_Once_More__0008_v1,vibrato,1,EN-Alto-2,0.6595665216445923,0.8251467347145081,0.202813059091568
EN-Alto-2__vibrato__technique__Yesterday_Once_More__0008_v2,vibrato,2,EN-Alto-2,0.6518880128860474,0.8344003558158875,0.17464500665664673
EN-Alto-2__vibrato__technique__You_Raise_Me_Up__0000_v0,vibrato,0,EN-Alto-2,0.6266464591026306,0.8641221523284912,0.24099145829677582
EN-Alto-2__vibrato__technique__You_Raise_Me_Up__0000_v1,vibrato,1,EN-Alto-2,0.6071274876594543,0.8864225745201111,0.2937512993812561
EN-Alto-2__vibrato__technique__You_Raise_Me_Up__0000_v2,vibrato,2,EN-Alto-2,0.6038888692855835,0.8900688290596008,0.2533177435398102
EN-Alto-2__vibrato__technique__You_Raise_Me_Up__0001_v0,vibrato,0,EN-Alto-2,0.5760562419891357,0.9208081364631653,0.3970866799354553
EN-Alto-2__vibrato__technique__You_Raise_Me_Up__0001_v1,vibrato,1,EN-Alto-2,0.5566855072975159,0.941609799861908,0.447726845741272
EN-Alto-2__vibrato__technique__You_Raise_Me_Up__0001_v2,vibrato,2,EN-Alto-2,0.5568062663078308,0.9414815306663513,0.39461570978164673
EN-Alto-2__vibrato__technique__You_Raise_Me_Up__0002_v0,vibrato,0,EN-Alto-2,0.7472285032272339,0.711015522480011,0.3666175305843353
EN-Alto-2__vibrato__technique__You_Raise_Me_Up__0002_v1,vibrato,1,EN-Alto-2,0.6987082958221436,0.7762625813484192,0.38050705194473267
EN-Alto-2__vibrato__technique__You_Raise_Me_Up__0002_v2,vibrato,2,EN-Alto-2,0.6665433049201965,0.8166478276252747,0.3262789845466614
EN-Alto-2__vibrato__technique__You_Raise_Me_Up__0003_v0,vibrato,0,EN-Alto-2,0.5461600422859192,0.9527223706245422,0.2769452929496765
EN-Alto-2__vibrato__technique__You_Raise_Me_Up__0003_v1,vibrato,1,EN-Alto-2,0.5670281052589417,0.9305611252784729,0.32226240634918213
EN-Alto-2__vibrato__technique__You_Raise_Me_Up__0003_v2,vibrato,2,EN-Alto-2,0.5371753573417664,0.9621068239212036,0.3151155710220337
EN-Alto-2__vibrato__technique__You_Raise_Me_Up__0004_v0,vibrato,0,EN-Alto-2,0.7614492774009705,0.6907253861427307,0.08999860286712646
EN-Alto-2__vibrato__technique__You_Raise_Me_Up__0004_v1,vibrato,1,EN-Alto-2,0.7364869713783264,0.7259656190872192,0.1345892697572708
EN-Alto-2__vibrato__technique__You_Raise_Me_Up__0004_v2,vibrato,2,EN-Alto-2,0.7150848507881165,0.7548710703849792,0.08941537141799927
EN-Alto-2__vibrato__technique__You_Raise_Me_Up__0005_v0,vibrato,0,EN-Alto-2,0.7174416184425354,0.7517425417900085,0.14357930421829224
EN-Alto-2__vibrato__technique__You_Raise_Me_Up__0005_v1,vibrato,1,EN-Alto-2,0.6977726817131042,0.777466893196106,0.24015209078788757
EN-Alto-2__vibrato__technique__You_Raise_Me_Up__0005_v2,vibrato,2,EN-Alto-2,0.6717267036437988,0.8102756142616272,0.19170741736888885
EN-Alto-2__vibrato__technique__You_Raise_Me_Up__0006_v0,vibrato,0,EN-Alto-2,0.6955069303512573,0.7803757786750793,0.34646308422088623
EN-Alto-2__vibrato__technique__You_Raise_Me_Up__0006_v1,vibrato,1,EN-Alto-2,0.6690382361412048,0.8135868906974792,0.35559090971946716
EN-Alto-2__vibrato__technique__You_Raise_Me_Up__0006_v2,vibrato,2,EN-Alto-2,0.6550605297088623,0.8305895924568176,0.3034292757511139
EN-Alto-2__vibrato__technique__You_Raise_Me_Up__0007_v0,vibrato,0,EN-Alto-2,0.6924591064453125,0.7842714786529541,0.17056219279766083
EN-Alto-2__vibrato__technique__You_Raise_Me_Up__0007_v1,vibrato,1,EN-Alto-2,0.6905708312988281,0.7866755723953247,0.19491195678710938
EN-Alto-2__vibrato__technique__You_Raise_Me_Up__0007_v2,vibrato,2,EN-Alto-2,0.6899763941764832,0.7874308228492737,0.15305082499980927
EN-Alto-2__vibrato__technique__Young_And_Beautiful__0000_v0,vibrato,0,EN-Alto-2,0.6043218970298767,0.889582097530365,0.29805105924606323
EN-Alto-2__vibrato__technique__Young_And_Beautiful__0000_v1,vibrato,1,EN-Alto-2,0.5890700221061707,0.9065650105476379,0.3516112267971039
EN-Alto-2__vibrato__technique__Young_And_Beautiful__0000_v2,vibrato,2,EN-Alto-2,0.5809851288795471,0.9154397249221802,0.3349945843219757
EN-Alto-2__vibrato__technique__Young_And_Beautiful__0001_v0,vibrato,0,EN-Alto-2,0.6967951655387878,0.7787231206893921,0.3997964859008789
EN-Alto-2__vibrato__technique__Young_And_Beautiful__0001_v1,vibrato,1,EN-Alto-2,0.6514449715614319,0.8349312543869019,0.4399169683456421
EN-Alto-2__vibrato__technique__Young_And_Beautiful__0001_v2,vibrato,2,EN-Alto-2,0.6433514952659607,0.844569206237793,0.3903266191482544
EN-Alto-2__vibrato__technique__Young_And_Beautiful__0002_v0,vibrato,0,EN-Alto-2,0.6836816072463989,0.7953848838806152,0.2921028435230255
EN-Alto-2__vibrato__technique__Young_And_Beautiful__0002_v1,vibrato,1,EN-Alto-2,0.6502425074577332,0.8363701701164246,0.3532642126083374
EN-Alto-2__vibrato__technique__Young_And_Beautiful__0002_v2,vibrato,2,EN-Alto-2,0.6262373924255371,0.8645954728126526,0.3093109726905823
EN-Alto-2__vibrato__technique__Young_And_Beautiful__0003_v0,vibrato,0,EN-Alto-2,0.6334465742111206,0.8562166094779968,0.24930202960968018
EN-Alto-2__vibrato__technique__Young_And_Beautiful__0003_v1,vibrato,1,EN-Alto-2,0.6162766218185425,0.876040518283844,0.28759944438934326
EN-Alto-2__vibrato__technique__Young_And_Beautiful__0003_v2,vibrato,2,EN-Alto-2,0.5911221504211426,0.9042984843254089,0.2762279510498047
EN-Alto-2__vibrato__technique__Young_And_Beautiful__0004_v0,vibrato,0,EN-Alto-2,0.7489265203475952,0.7086233496665955,0.4335174858570099
EN-Alto-2__vibrato__technique__Young_And_Beautiful__0004_v1,vibrato,1,EN-Alto-2,0.7069655656814575,0.7655514478683472,0.47165340185165405
EN-Alto-2__vibrato__technique__Young_And_Beautiful__0004_v2,vibrato,2,EN-Alto-2,0.6775906085968018,0.8030061721801758,0.43562591075897217
EN-Alto-2__vibrato__technique__Young_And_Beautiful__0005_v0,vibrato,0,EN-Alto-2,0.7556090950965881,0.6991294026374817,0.27444684505462646
EN-Alto-2__vibrato__technique__Young_And_Beautiful__0005_v1,vibrato,1,EN-Alto-2,0.7136631011962891,0.7567521929740906,0.28446775674819946
EN-Alto-2__vibrato__technique__Young_And_Beautiful__0005_v2,vibrato,2,EN-Alto-2,0.711280345916748,0.7598943114280701,0.24446789920330048
EN-Tenor-1__pharyngeal__technique__All_I_Ask__0000_v0,pharyngeal,0,EN-Tenor-1,0.5437652468681335,0.9552327394485474,-0.06300294399261475
EN-Tenor-1__pharyngeal__technique__All_I_Ask__0000_v1,pharyngeal,1,EN-Tenor-1,0.4951322674751282,1.004855990409851,-0.05696446821093559
EN-Tenor-1__pharyngeal__technique__All_I_Ask__0000_v2,pharyngeal,2,EN-Tenor-1,0.514628529548645,0.985262930393219,-0.0671866238117218
EN-Tenor-1__pharyngeal__technique__All_I_Ask__0001_v0,pharyngeal,0,EN-Tenor-1,0.5331472754478455,0.9662843942642212,-0.017989732325077057
EN-Tenor-1__pharyngeal__technique__All_I_Ask__0001_v1,pharyngeal,1,EN-Tenor-1,0.5441301465034485,0.9548506736755371,-0.03912888839840889
EN-Tenor-1__pharyngeal__technique__All_I_Ask__0001_v2,pharyngeal,2,EN-Tenor-1,0.5166612863540649,0.9831975698471069,-0.060888972133398056
EN-Tenor-1__pharyngeal__technique__All_I_Ask__0002_v0,pharyngeal,0,EN-Tenor-1,0.40908747911453247,1.0871177911758423,-0.04597880691289902
EN-Tenor-1__pharyngeal__technique__All_I_Ask__0002_v1,pharyngeal,1,EN-Tenor-1,0.3642592430114746,1.127599835395813,-0.04694017767906189
EN-Tenor-1__pharyngeal__technique__All_I_Ask__0002_v2,pharyngeal,2,EN-Tenor-1,0.3367792069911957,1.1517125368118286,-0.04833369702100754
EN-Tenor-1__pharyngeal__technique__All_I_Ask__0003_v0,pharyngeal,0,EN-Tenor-1,0.7602656483650208,0.6924368739128113,-0.16208574175834656
EN-Tenor-1__pharyngeal__technique__All_I_Ask__0003_v1,pharyngeal,1,EN-Tenor-1,0.716545581817627,0.7529335618019104,-0.1492922306060791
EN-Tenor-1__pharyngeal__technique__All_I_Ask__0003_v2,pharyngeal,2,EN-Tenor-1,0.7003257274627686,0.7741761803627014,-0.12651784718036652
EN-Tenor-1__pharyngeal__technique__All_I_Ask__0004_v0,pharyngeal,0,EN-Tenor-1,0.7233306169509888,0.7438674569129944,-0.3116816282272339
EN-Tenor-1__pharyngeal__technique__All_I_Ask__0004_v1,pharyngeal,1,EN-Tenor-1,0.6860408782958984,0.7924129962921143,-0.2637418210506439
EN-Tenor-1__pharyngeal__technique__All_I_Ask__0004_v2,pharyngeal,2,EN-Tenor-1,0.6866079568862915,0.791697084903717,-0.24872027337551117
EN-Tenor-1__pharyngeal__technique__All_I_Ask__0005_v0,pharyngeal,0,EN-Tenor-1,0.7303246855735779,0.7344050407409668,-0.21319012343883514
EN-Tenor-1__pharyngeal__technique__All_I_Ask__0005_v1,pharyngeal,1,EN-Tenor-1,0.7067523002624512,0.7658300399780273,-0.18643119931221008
EN-Tenor-1__pharyngeal__technique__All_I_Ask__0005_v2,pharyngeal,2,EN-Tenor-1,0.6635808348655701,0.820267379283905,-0.14060546457767487
EN-Tenor-1__pharyngeal__technique__All_I_Ask__0006_v0,pharyngeal,0,EN-Tenor-1,0.7724308967590332,0.6746393442153931,-0.2158033400774002
EN-Tenor-1__pharyngeal__technique__All_I_Ask__0006_v1,pharyngeal,1,EN-Tenor-1,0.7352333664894104,0.7276902794837952,-0.18175093829631805
EN-Tenor-1__pharyngeal__technique__All_I_Ask__0006_v2,pharyngeal,2,EN-Tenor-1,0.7299564480781555,0.7349062561988831,-0.15521498024463654
EN-Tenor-1__pharyngeal__technique__All_I_Ask__0007_v0,pharyngeal,0,EN-Tenor-1,0.7679818868637085,0.6812019944190979,-0.19823969900608063
EN-Tenor-1__pharyngeal__technique__All_I_Ask__0007_v1,pharyngeal,1,EN-Tenor-1,0.742658257484436,0.7174144387245178,-0.1726495921611786
EN-Tenor-1__pharyngeal__technique__All_I_Ask__0007_v2,pharyngeal,2,EN-Tenor-1,0.7211934924125671,0.7467350363731384,-0.15329881012439728
EN-Tenor-1__pharyngeal__technique__All_I_Ask__0008_v0,pharyngeal,0,EN-Tenor-1,0.7659664154052734,0.6841544508934021,-0.10950566083192825
EN-Tenor-1__pharyngeal__technique__All_I_Ask__0008_v1,pharyngeal,1,EN-Tenor-1,0.7236989140510559,0.7433722615242004,-0.11298888176679611
EN-Tenor-1__pharyngeal__technique__All_I_Ask__0008_v2,pharyngeal,2,EN-Tenor-1,0.6991804838180542,0.7756539583206177,-0.09828081727027893
EN-Tenor-1__pharyngeal__technique__Always_Remember_Us_This_Way__0000_v0,pharyngeal,0,EN-Tenor-1,0.7072895765304565,0.7651280760765076,-0.1902899593114853
EN-Tenor-1__pharyngeal__technique__Always_Remember_Us_This_Way__0000_v1,pharyngeal,1,EN-Tenor-1,0.6807217597961426,0.7990973591804504,-0.17279113829135895
EN-Tenor-1__pharyngeal__technique__Always_Remember_Us_This_Way__0000_v2,pharyngeal,2,EN-Tenor-1,0.6657872200012207,0.8175730109214783,-0.17543180286884308
EN-Tenor-1__pharyngeal__technique__Always_Remember_Us_This_Way__0001_v0,pharyngeal,0,EN-Tenor-1,0.6925926804542542,0.7841013073921204,-0.10707511752843857
EN-Tenor-1__pharyngeal__technique__Always_Remember_Us_This_Way__0001_v1,pharyngeal,1,EN-Tenor-1,0.6881074905395508,0.7898006439208984,-0.07434608787298203
EN-Tenor-1__pharyngeal__technique__Always_Remember_Us_This_Way__0001_v2,pharyngeal,2,EN-Tenor-1,0.7057594060897827,0.7671253681182861,-0.050951845943927765
EN-Tenor-1__pharyngeal__technique__Always_Remember_Us_This_Way__0002_v0,pharyngeal,0,EN-Tenor-1,0.7594407200813293,0.6936272382736206,-0.1263391226530075
EN-Tenor-1__pharyngeal__technique__Always_Remember_Us_This_Way__0002_v1,pharyngeal,1,EN-Tenor-1,0.7186408638954163,0.7501455545425415,-0.11320412158966064
EN-Tenor-1__pharyngeal__technique__Always_Remember_Us_This_Way__0002_v2,pharyngeal,2,EN-Tenor-1,0.7063053846359253,0.7664132118225098,-0.10300368815660477
EN-Tenor-1__pharyngeal__technique__Always_Remember_Us_This_Way__0003_v0,pharyngeal,0,EN-Tenor-1,0.8022170066833496,0.6289404034614563,-0.15032319724559784
EN-Tenor-1__pharyngeal__technique__Always_Remember_Us_This_Way__0003_v1,pharyngeal,1,EN-Tenor-1,0.7823666334152222,0.6597474813461304,-0.112886443734169
EN-Tenor-1__pharyngeal__technique__Always_Remember_Us_This_Way__0003_v2,pharyngeal,2,EN-Tenor-1,0.7580028176307678,0.6956971883773804,-0.0775250643491745
EN-Tenor-1__pharyngeal__technique__Always_Remember_Us_This_Way__0004_v0,pharyngeal,0,EN-Tenor-1,0.7040284276008606,0.7693784832954407,-0.13870389759540558
EN-Tenor-1__pharyngeal__technique__Always_Remember_Us_This_Way__0004_v1,pharyngeal,1,EN-Tenor-1,0.6775217652320862,0.8030918836593628,-0.09990265965461731
EN-Tenor-1__pharyngeal__technique__Always_Remember_Us_This_Way__0004_v2,pharyngeal,2,EN-Tenor-1,0.666956901550293,0.8161410093307495,-0.1250866949558258
EN-Tenor-1__pharyngeal__technique__Always_Remember_Us_This_Way__0005_v0,pharyngeal,0,EN-Tenor-1,0.728809118270874,0.7364657521247864,-0.07534254342317581
EN-Tenor-1__pharyngeal__technique__Always_Remember_Us_This_Way__0005_v1,pharyngeal,1,EN-Tenor-1,0.6832951903343201,0.7958703637123108,-0.05230144038796425
EN-Tenor-1__pharyngeal__technique__Always_Remember_Us_This_Way__0005_v2,pharyngeal,2,EN-Tenor-1,0.6676746606826782,0.8152611255645752,-0.07996069639921188
EN-Tenor-1__pharyngeal__technique__Always_Remember_Us_This_Way__0006_v0,pharyngeal,0,EN-Tenor-1,0.7418266534805298,0.718572735786438,-0.1357717514038086
EN-Tenor-1__pharyngeal__technique__Always_Remember_Us_This_Way__0006_v1,pharyngeal,1,EN-Tenor-1,0.7194274663925171,0.7490962743759155,-0.12478797137737274
EN-Tenor-1__pharyngeal__technique__Always_Remember_Us_This_Way__0006_v2,pharyngeal,2,EN-Tenor-1,0.7181204557418823,0.7508390545845032,-0.12310494482517242
EN-Tenor-1__pharyngeal__technique__Always_Remember_Us_This_Way__0007_v0,pharyngeal,0,EN-Tenor-1,0.7409057021141052,0.7198531627655029,-0.06032763421535492
EN-Tenor-1__pharyngeal__technique__Always_Remember_Us_This_Way__0007_v1,pharyngeal,1,EN-Tenor-1,0.7167744636535645,0.7526293992996216,-0.049230992794036865
EN-Tenor-1__pharyngeal__technique__Always_Remember_Us_This_Way__0007_v2,pharyngeal,2,EN-Tenor-1,0.7177277207374573,0.7513617873191833,-0.05162808671593666
EN-Tenor-1__pharyngeal__technique__Always_Remember_Us_This_Way__0008_v0,pharyngeal,0,EN-Tenor-1,0.7310935258865356,0.7333573698997498,-0.1059361919760704
EN-Tenor-1__pharyngeal__technique__Always_Remember_Us_This_Way__0008_v1,pharyngeal,1,EN-Tenor-1,0.7142337560653687,0.7559977173805237,-0.07900508493185043
EN-Tenor-1__pharyngeal__technique__Always_Remember_Us_This_Way__0008_v2,pharyngeal,2,EN-Tenor-1,0.7184743285179138,0.7503675222396851,-0.0825263187289238
EN-Tenor-1__pharyngeal__technique__Always_Remember_Us_This_Way__0009_v0,pharyngeal,0,EN-Tenor-1,0.7543078660964966,0.7009881734848022,-0.10442919284105301
EN-Tenor-1__pharyngeal__technique__Always_Remember_Us_This_Way__0009_v1,pharyngeal,1,EN-Tenor-1,0.7339110970497131,0.7295052409172058,-0.04971516504883766
EN-Tenor-1__pharyngeal__technique__Always_Remember_Us_This_Way__0009_v2,pharyngeal,2,EN-Tenor-1,0.7168440818786621,0.752536952495575,-0.08164705336093903
EN-Tenor-1__pharyngeal__technique__Always_Remember_Us_This_Way__0010_v0,pharyngeal,0,EN-Tenor-1,0.7669551372528076,0.6827077865600586,-0.13518640398979187
EN-Tenor-1__pharyngeal__technique__Always_Remember_Us_This_Way__0010_v1,pharyngeal,1,EN-Tenor-1,0.7461886405944824,0.7124765515327454,-0.10049127787351608
EN-Tenor-1__pharyngeal__technique__Always_Remember_Us_This_Way__0010_v2,pharyngeal,2,EN-Tenor-1,0.738113284111023,0.723721981048584,-0.13515999913215637
EN-Tenor-1__pharyngeal__technique__Always_Remember_Us_This_Way__0011_v0,pharyngeal,0,EN-Tenor-1,0.7332528233528137,0.7304069995880127,-0.06724873930215836
EN-Tenor-1__pharyngeal__technique__Always_Remember_Us_This_Way__0011_v1,pharyngeal,1,EN-Tenor-1,0.7034001350402832,0.7701947093009949,-0.06285393983125687
EN-Tenor-1__pharyngeal__technique__Always_Remember_Us_This_Way__0011_v2,pharyngeal,2,EN-Tenor-1,0.7115989327430725,0.7594749927520752,-0.06978746503591537
EN-Tenor-1__pharyngeal__technique__Always_Remember_Us_This_Way__0012_v0,pharyngeal,0,EN-Tenor-1,0.745049238204956,0.7140739560127258,-0.14448393881320953
EN-Tenor-1__pharyngeal__technique__Always_Remember_Us_This_Way__0012_v1,pharyngeal,1,EN-Tenor-1,0.7155463695526123,0.7542594075202942,-0.15398137271404266
EN-Tenor-1__pharyngeal__technique__Always_Remember_Us_This_Way__0012_v2,pharyngeal,2,EN-Tenor-1,0.7084276676177979,0.7636390924453735,-0.14090043306350708
EN-Tenor-1__pharyngeal__technique__Always_Remember_Us_This_Way__0013_v0,pharyngeal,0,EN-Tenor-1,0.7559419870376587,0.698652982711792,-0.03359918296337128
EN-Tenor-1__pharyngeal__technique__Always_Remember_Us_This_Way__0013_v1,pharyngeal,1,EN-Tenor-1,0.7400814890861511,0.7209973931312561,-0.024021243676543236
EN-Tenor-1__pharyngeal__technique__Always_Remember_Us_This_Way__0013_v2,pharyngeal,2,EN-Tenor-1,0.7528825402259827,0.7030184864997864,-0.05493885651230812
EN-Tenor-1__pharyngeal__technique__Enchanted__0000_v0,pharyngeal,0,EN-Tenor-1,0.7564598917961121,0.6979114413261414,-0.22455856204032898
EN-Tenor-1__pharyngeal__technique__Enchanted__0000_v1,pharyngeal,1,EN-Tenor-1,0.6887383460998535,0.7890015244483948,-0.1605561077594757
EN-Tenor-1__pharyngeal__technique__Enchanted__0000_v2,pharyngeal,2,EN-Tenor-1,0.6683475971221924,0.8144352436065674,-0.14747348427772522
EN-Tenor-1__pharyngeal__technique__Enchanted__0001_v0,pharyngeal,0,EN-Tenor-1,0.6683922410011292,0.8143805265426636,-0.1640072762966156
EN-Tenor-1__pharyngeal__technique__Enchanted__0001_v1,pharyngeal,1,EN-Tenor-1,0.6332986950874329,0.8563894033432007,-0.15620169043540955
EN-Tenor-1__pharyngeal__technique__Enchanted__0001_v2,pharyngeal,2,EN-Tenor-1,0.6192610859870911,0.8726269602775574,-0.1548168957233429
EN-Tenor-1__pharyngeal__technique__Enchanted__0002_v0,pharyngeal,0,EN-Tenor-1,0.7098775506019592,0.7617382407188416,-0.16682644188404083
EN-Tenor-1__pharyngeal__technique__Enchanted__0002_v1,pharyngeal,1,EN-Tenor-1,0.7073533535003662,0.7650448083877563,-0.12357952445745468
EN-Tenor-1__pharyngeal__technique__Enchanted__0002_v2,pharyngeal,2,EN-Tenor-1,0.6786684989929199,0.8016627430915833,-0.08949374407529831
EN-Tenor-1__pharyngeal__technique__Enchanted__0003_v0,pharyngeal,0,EN-Tenor-1,0.6827290058135986,0.7965815663337708,-0.2583191692829132
EN-Tenor-1__pharyngeal__technique__Enchanted__0003_v1,pharyngeal,1,EN-Tenor-1,0.6476576924324036,0.8394550681114197,-0.2066580355167389
EN-Tenor-1__pharyngeal__technique__Enchanted__0003_v2,pharyngeal,2,EN-Tenor-1,0.604529082775116,0.8893492221832275,-0.19043174386024475
EN-Tenor-1__pharyngeal__technique__Enchanted__0004_v0,pharyngeal,0,EN-Tenor-1,0.7860938906669617,0.6540735960006714,-0.18589772284030914
EN-Tenor-1__pharyngeal__technique__Enchanted__0004_v1,pharyngeal,1,EN-Tenor-1,0.7456991076469421,0.7131633758544922,-0.16359132528305054
EN-Tenor-1__pharyngeal__technique__Enchanted__0004_v2,pharyngeal,2,EN-Tenor-1,0.7411775588989258,0.719475507736206,-0.1564997136592865
EN-Tenor-1__pharyngeal__technique__Enchanted__0005_v0,pharyngeal,0,EN-Tenor-1,0.7734093070030212,0.6731876730918884,-0.17768073081970215
EN-Tenor-1__pharyngeal__technique__Enchanted__0005_v1,pharyngeal,1,EN-Tenor-1,0.7472744584083557,0.7109509706497192,-0.15019753575325012
EN-Tenor-1__pharyngeal__technique__Enchanted__0005_v2,pharyngeal,2,EN-Tenor-1,0.723486602306366,0.7436578869819641,-0.13459151983261108
EN-Tenor-1__pharyngeal__technique__Enchanted__0006_v0,pharyngeal,0,EN-Tenor-1,0.756561279296875,0.6977660655975342,-0.17249274253845215
EN-Tenor-1__pharyngeal__technique__Enchanted__0006_v1,pharyngeal,1,EN-Tenor-1,0.7456549406051636,0.7132251262664795,-0.1808294802904129
EN-Tenor-1__pharyngeal__technique__Enchanted__0006_v2,pharyngeal,2,EN-Tenor-1,0.7231292128562927,0.7441381216049194,-0.17516271770000458
EN-Tenor-1__pharyngeal__technique__Enchanted__0007_v0,pharyngeal,0,EN-Tenor-1,0.7517106533050537,0.7046833634376526,-0.1289156824350357
EN-Tenor-1__pharyngeal__technique__Enchanted__0007_v1,pharyngeal,1,EN-Tenor-1,0.7381985783576965,0.7236040830612183,-0.1157960444688797
EN-Tenor-1__pharyngeal__technique__Enchanted__0007_v2,pharyngeal,2,EN-Tenor-1,0.6989932060241699,0.7758952975273132,-0.10852117836475372
EN-Tenor-1__pharyngeal__technique__Enchanted__0008_v0,pharyngeal,0,EN-Tenor-1,0.7638518214225769,0.687238335609436,-0.16094191372394562
EN-Tenor-1__pharyngeal__technique__Enchanted__0008_v1,pharyngeal,1,EN-Tenor-1,0.7352132797241211,0.7277180552482605,-0.14746415615081787
EN-Tenor-1__pharyngeal__technique__Enchanted__0008_v2,pharyngeal,2,EN-Tenor-1,0.7249741554260254,0.7416548728942871,-0.15632209181785583
EN-Tenor-1__pharyngeal__technique__I_Knew_You_Were_Trouble__0000_v0,pharyngeal,0,EN-Tenor-1,0.5926762223243713,0.9025783538818359,-0.09514496475458145
EN-Tenor-1__pharyngeal__technique__I_Knew_You_Were_Trouble__0000_v1,pharyngeal,1,EN-Tenor-1,0.5489174723625183,0.9498237371444702,-0.07029084861278534
EN-Tenor-1__pharyngeal__technique__I_Knew_You_Were_Trouble__0000_v2,pharyngeal,2,EN-Tenor-1,0.5317702889442444,0.96770840883255,-0.07626155018806458
EN-Tenor-1__pharyngeal__technique__I_Knew_You_Were_Trouble__0001_v0,pharyngeal,0,EN-Tenor-1,0.766594648361206,0.6832354664802551,-0.1495220810174942
EN-Tenor-1__pharyngeal__technique__I_Knew_You_Were_Trouble__0001_v1,pharyngeal,1,EN-Tenor-1,0.7336623668670654,0.7298461198806763,-0.10070903599262238
EN-Tenor-1__pharyngeal__technique__I_Knew_You_Were_Trouble__0001_v2,pharyngeal,2,EN-Tenor-1,0.7093883156776428,0.7623802423477173,-0.09849262237548828
EN-Tenor-1__pharyngeal__technique__I_Knew_You_Were_Trouble__0002_v0,pharyngeal,0,EN-Tenor-1,0.687285840511322,0.7908403277397156,-0.17495009303092957
EN-Tenor-1__pharyngeal__technique__I_Knew_You_Were_Trouble__0002_v1,pharyngeal,1,EN-Tenor-1,0.6244629621505737,0.866645336151123,-0.1004992201924324
EN-Tenor-1__pharyngeal__technique__I_Knew_You_Were_Trouble__0002_v2,pharyngeal,2,EN-Tenor-1,0.583800196647644,0.9123594164848328,-0.09428847581148148
EN-Tenor-1__pharyngeal__technique__I_Knew_You_Were_Trouble__0003_v0,pharyngeal,0,EN-Tenor-1,0.7653262615203857,0.6850894689559937,-0.2199259251356125
EN-Tenor-1__pharyngeal__technique__I_Knew_You_Were_Trouble__0003_v1,pharyngeal,1,EN-Tenor-1,0.72270667552948,0.7447056770324707,-0.18640786409378052
EN-Tenor-1__pharyngeal__technique__I_Knew_You_Were_Trouble__0003_v2,pharyngeal,2,EN-Tenor-1,0.7018176317214966,0.7722465991973877,-0.15742053091526031
EN-Tenor-1__pharyngeal__technique__I_Knew_You_Were_Trouble__0004_v0,pharyngeal,0,EN-Tenor-1,0.7529101371765137,0.7029792070388794,-0.08224216103553772
EN-Tenor-1__pharyngeal__technique__I_Knew_You_Were_Trouble__0004_v1,pharyngeal,1,EN-Tenor-1,0.7122652530670166,0.7585970163345337,-0.07345706969499588
EN-Tenor-1__pharyngeal__technique__I_Knew_You_Were_Trouble__0004_v2,pharyngeal,2,EN-Tenor-1,0.6909588575363159,0.7861820459365845,-0.07276399433612823
EN-Tenor-1__pharyngeal__technique__I_Knew_You_Were_Trouble__0005_v0,pharyngeal,0,EN-Tenor-1,0.7132309675216675,0.7573230862617493,-0.1833987683057785
EN-Tenor-1__pharyngeal__technique__I_Knew_You_Were_Trouble__0005_v1,pharyngeal,1,EN-Tenor-1,0.6825690269470215,0.7967822551727295,-0.14261330664157867
EN-Tenor-1__pharyngeal__technique__I_Knew_You_Were_Trouble__0005_v2,pharyngeal,2,EN-Tenor-1,0.6513116955757141,0.8350908756256104,-0.12398041784763336
EN-Tenor-1__pharyngeal__technique__I_Knew_You_Were_Trouble__0006_v0,pharyngeal,0,EN-Tenor-1,0.7061939239501953,0.7665587067604065,-0.2188594937324524
EN-Tenor-1__pharyngeal__technique__I_Knew_You_Were_Trouble__0006_v1,pharyngeal,1,EN-Tenor-1,0.6738609075546265,0.8076375126838684,-0.19306014478206635
EN-Tenor-1__pharyngeal__technique__I_Knew_You_Were_Trouble__0006_v2,pharyngeal,2,EN-Tenor-1,0.6520711779594421,0.8341808319091797,-0.16766981780529022
EN-Tenor-1__pharyngeal__technique__I_Knew_You_Were_Trouble__0007_v0,pharyngeal,0,EN-Tenor-1,0.6931101083755493,0.7834411263465881,-0.07386302202939987
EN-Tenor-1__pharyngeal__technique__I_Knew_You_Were_Trouble__0007_v1,pharyngeal,1,EN-Tenor-1,0.6418697834014893,0.8463217616081238,-0.053507424890995026
EN-Tenor-1__pharyngeal__technique__I_Knew_You_Were_Trouble__0007_v2,pharyngeal,2,EN-Tenor-1,0.6287760734558105,0.8616541624069214,-0.06610210239887238
EN-Tenor-1__pharyngeal__technique__I_Knew_You_Were_Trouble__0008_v0,pharyngeal,0,EN-Tenor-1,0.7641121745109558,0.6868592500686646,-0.19210010766983032
EN-Tenor-1__pharyngeal__technique__I_Knew_You_Were_Trouble__0008_v1,pharyngeal,1,EN-Tenor-1,0.7382527589797974,0.7235293388366699,-0.19015632569789886
EN-Tenor-1__pharyngeal__technique__I_Knew_You_Were_Trouble__0008_v2,pharyngeal,2,EN-Tenor-1,0.7119156718254089,0.7590578198432922,-0.16088256239891052
EN-Tenor-1__pharyngeal__technique__Long_Live__0000_v0,pharyngeal,0,EN-Tenor-1,0.5786691308021545,0.9179661273956299,-0.12379444390535355
EN-Tenor-1__pharyngeal__technique__Long_Live__0000_v1,pharyngeal,1,EN-Tenor-1,0.5284509062767029,0.9711324572563171,-0.08761776983737946
EN-Tenor-1__pharyngeal__technique__Long_Live__0000_v2,pharyngeal,2,EN-Tenor-1,0.5511665940284729,0.9474527835845947,-0.062291622161865234
EN-Tenor-1__pharyngeal__technique__Long_Live__0001_v0,pharyngeal,0,EN-Tenor-1,0.6674320697784424,0.815558671951294,-0.11733489483594894
EN-Tenor-1__pharyngeal__technique__Long_Live__0001_v1,pharyngeal,1,EN-Tenor-1,0.6182737946510315,0.8737576603889465,-0.07017286866903305
EN-Tenor-1__pharyngeal__technique__Long_Live__0001_v2,pharyngeal,2,EN-Tenor-1,0.6208654642105103,0.8707864880561829,-0.0692489817738533
EN-Tenor-1__pharyngeal__technique__Long_Live__0002_v0,pharyngeal,0,EN-Tenor-1,0.6329333782196045,0.8568158149719238,-0.18597088754177094
EN-Tenor-1__pharyngeal__technique__Long_Live__0002_v1,pharyngeal,1,EN-Tenor-1,0.5782023668289185,0.9184744954109192,-0.15360574424266815
EN-Tenor-1__pharyngeal__technique__Long_Live__0002_v2,pharyngeal,2,EN-Tenor-1,0.5763880014419556,0.920447826385498,-0.12604647874832153
EN-Tenor-1__pharyngeal__technique__Long_Live__0003_v0,pharyngeal,0,EN-Tenor-1,0.6195794939994812,0.8722620606422424,-0.15537120401859283
EN-Tenor-1__pharyngeal__technique__Long_Live__0003_v1,pharyngeal,1,EN-Tenor-1,0.57712721824646,0.9196444153785706,-0.12168765813112259
EN-Tenor-1__pharyngeal__technique__Long_Live__0003_v2,pharyngeal,2,EN-Tenor-1,0.5755957365036011,0.921308159828186,-0.14017541706562042
EN-Tenor-1__pharyngeal__technique__Long_Live__0004_v0,pharyngeal,0,EN-Tenor-1,0.5884185433387756,0.9072833061218262,-0.1498667597770691
EN-Tenor-1__pharyngeal__technique__Long_Live__0004_v1,pharyngeal,1,EN-Tenor-1,0.5436077117919922,0.9553976058959961,-0.12644433975219727
EN-Tenor-1__pharyngeal__technique__Long_Live__0004_v2,pharyngeal,2,EN-Tenor-1,0.5160872936248779,0.9837812185287476,-0.09313704073429108
EN-Tenor-1__pharyngeal__technique__Long_Live__0005_v0,pharyngeal,0,EN-Tenor-1,0.6788760423660278,0.8014038801193237,-0.17302416265010834
EN-Tenor-1__pharyngeal__technique__Long_Live__0005_v1,pharyngeal,1,EN-Tenor-1,0.6361329555511475,0.8530734181404114,-0.1253875195980072
EN-Tenor-1__pharyngeal__technique__Long_Live__0005_v2,pharyngeal,2,EN-Tenor-1,0.6401792764663696,0.8483169674873352,-0.11886043101549149
EN-Tenor-1__pharyngeal__technique__Long_Live__0006_v0,pharyngeal,0,EN-Tenor-1,0.6742610931396484,0.8071418404579163,-0.17533938586711884
EN-Tenor-1__pharyngeal__technique__Long_Live__0006_v1,pharyngeal,1,EN-Tenor-1,0.6427813768386841,0.8452439904212952,-0.14579664170742035
EN-Tenor-1__pharyngeal__technique__Long_Live__0006_v2,pharyngeal,2,EN-Tenor-1,0.6177736520767212,0.8743299841880798,-0.1579243391752243
EN-Tenor-1__pharyngeal__technique__Long_Live__0007_v0,pharyngeal,0,EN-Tenor-1,0.6805445551872253,0.7993190288543701,-0.2174428105354309
EN-Tenor-1__pharyngeal__technique__Long_Live__0007_v1,pharyngeal,1,EN-Tenor-1,0.6556842923164368,0.8298380970954895,-0.16092944145202637
EN-Tenor-1__pharyngeal__technique__Long_Live__0007_v2,pharyngeal,2,EN-Tenor-1,0.6621050238609314,0.8220644593238831,-0.16110758483409882
EN-Tenor-1__pharyngeal__technique__Long_Live__0008_v0,pharyngeal,0,EN-Tenor-1,0.664774477481842,0.818810760974884,-0.13190211355686188
EN-Tenor-1__pharyngeal__technique__Long_Live__0008_v1,pharyngeal,1,EN-Tenor-1,0.615207314491272,0.8772602081298828,-0.10381268709897995
EN-Tenor-1__pharyngeal__technique__Long_Live__0008_v2,pharyngeal,2,EN-Tenor-1,0.6131511926651001,0.8796008825302124,-0.0979040116071701
EN-Tenor-1__pharyngeal__technique__Long_Live__0009_v0,pharyngeal,0,EN-Tenor-1,0.6553080677986145,0.8302915096282959,-0.13901986181735992
EN-Tenor-1__pharyngeal__technique__Long_Live__0009_v1,pharyngeal,1,EN-Tenor-1,0.617849588394165,0.8742430806159973,-0.122752346098423
EN-Tenor-1__pharyngeal__technique__Long_Live__0009_v2,pharyngeal,2,EN-Tenor-1,0.6033468842506409,0.8906774520874023,-0.12102746218442917
EN-Tenor-1__pharyngeal__technique__Long_Live__0010_v0,pharyngeal,0,EN-Tenor-1,0.689947247505188,0.7874678373336792,-0.15600880980491638
EN-Tenor-1__pharyngeal__technique__Long_Live__0010_v1,pharyngeal,1,EN-Tenor-1,0.6788861751556396,0.801391065120697,-0.14954718947410583
EN-Tenor-1__pharyngeal__technique__Long_Live__0010_v2,pharyngeal,2,EN-Tenor-1,0.645443320274353,0.8420888185501099,-0.1000027060508728
EN-Tenor-1__pharyngeal__technique__Long_Live__0011_v0,pharyngeal,0,EN-Tenor-1,0.7165924906730652,0.7528713345527649,-0.08119351416826248
EN-Tenor-1__pharyngeal__technique__Long_Live__0011_v1,pharyngeal,1,EN-Tenor-1,0.6816073060035706,0.7979884147644043,-0.06485027074813843
EN-Tenor-1__pharyngeal__technique__Long_Live__0011_v2,pharyngeal,2,EN-Tenor-1,0.6700813174247742,0.812303900718689,-0.04283171892166138
EN-Tenor-1__pharyngeal__technique__Million_Reasons__0000_v0,pharyngeal,0,EN-Tenor-1,0.7056223154067993,0.7673039436340332,-0.15175144374370575
EN-Tenor-1__pharyngeal__technique__Million_Reasons__0000_v1,pharyngeal,1,EN-Tenor-1,0.6879895925521851,0.7899499535560608,-0.12742993235588074
EN-Tenor-1__pharyngeal__technique__Million_Reasons__0000_v2,pharyngeal,2,EN-Tenor-1,0.6300255656242371,0.8602028489112854,-0.10791400820016861
EN-Tenor-1__pharyngeal__technique__Million_Reasons__0001_v0,pharyngeal,0,EN-Tenor-1,0.6697283983230591,0.8127380609512329,-0.09074311703443527
EN-Tenor-1__pharyngeal__technique__Million_Reasons__0001_v1,pharyngeal,1,EN-Tenor-1,0.6625162959098816,0.8215640187263489,-0.05553387477993965
EN-Tenor-1__pharyngeal__technique__Million_Reasons__0001_v2,pharyngeal,2,EN-Tenor-1,0.6294214129447937,0.8609049320220947,-0.07589662820100784
EN-Tenor-1__pharyngeal__technique__Million_Reasons__0002_v0,pharyngeal,0,EN-Tenor-1,0.7459669709205627,0.7127876877784729,-0.19418244063854218
EN-Tenor-1__pharyngeal__technique__Million_Reasons__0002_v1,pharyngeal,1,EN-Tenor-1,0.6994306445121765,0.7753314971923828,-0.1687876582145691
EN-Tenor-1__pharyngeal__technique__Million_Reasons__0002_v2,pharyngeal,2,EN-Tenor-1,0.6966835260391235,0.7788665294647217,-0.15380190312862396
EN-Tenor-1__pharyngeal__technique__Million_Reasons__0003_v0,pharyngeal,0,EN-Tenor-1,0.6253584027290344,0.8656116127967834,-0.1278688609600067
EN-Tenor-1__pharyngeal__technique__Million_Reasons__0003_v1,pharyngeal,1,EN-Tenor-1,0.5872900485992432,0.9085263013839722,-0.09916955232620239
EN-Tenor-1__pharyngeal__technique__Million_Reasons__0003_v2,pharyngeal,2,EN-Tenor-1,0.5832288861274719,0.9129853844642639,-0.0988360345363617
EN-Tenor-1__pharyngeal__technique__Million_Reasons__0004_v0,pharyngeal,0,EN-Tenor-1,0.7363608479499817,0.7261394262313843,-0.16081736981868744
EN-Tenor-1__pharyngeal__technique__Million_Reasons__0004_v1,pharyngeal,1,EN-Tenor-1,0.690232515335083,0.7871055006980896,-0.1306183636188507
EN-Tenor-1__pharyngeal__technique__Million_Reasons__0004_v2,pharyngeal,2,EN-Tenor-1,0.6723896265029907,0.8094571232795715,-0.09585689008235931
EN-Tenor-1__pharyngeal__technique__Million_Reasons__0005_v0,pharyngeal,0,EN-Tenor-1,0.7374786734580994,0.7245982885360718,-0.1656656414270401
EN-Tenor-1__pharyngeal__technique__Million_Reasons__0005_v1,pharyngeal,1,EN-Tenor-1,0.6951698064804077,0.780807614326477,-0.1465480476617813
EN-Tenor-1__pharyngeal__technique__Million_Reasons__0005_v2,pharyngeal,2,EN-Tenor-1,0.6927506923675537,0.78389972448349,-0.13009293377399445
EN-Tenor-1__pharyngeal__technique__Million_Reasons__0006_v0,pharyngeal,0,EN-Tenor-1,0.7495985627174377,0.7076741456985474,-0.21777060627937317
EN-Tenor-1__pharyngeal__technique__Million_Reasons__0006_v1,pharyngeal,1,EN-Tenor-1,0.6952108144760132,0.7807551026344299,-0.17609477043151855
EN-Tenor-1__pharyngeal__technique__Million_Reasons__0006_v2,pharyngeal,2,EN-Tenor-1,0.6739341616630554,0.8075466156005859,-0.16516941785812378
EN-Tenor-1__pharyngeal__technique__Million_Reasons__0007_v0,pharyngeal,0,EN-Tenor-1,0.7309149503707886,0.7336008548736572,-0.15457913279533386
EN-Tenor-1__pharyngeal__technique__Million_Reasons__0007_v1,pharyngeal,1,EN-Tenor-1,0.6926542520523071,0.7840228080749512,-0.12866021692752838
EN-Tenor-1__pharyngeal__technique__Million_Reasons__0007_v2,pharyngeal,2,EN-Tenor-1,0.696909487247467,0.7785762548446655,-0.13849490880966187
EN-Tenor-1__pharyngeal__technique__Million_Reasons__0008_v0,pharyngeal,0,EN-Tenor-1,0.761867105960846,0.6901201009750366,-0.20092405378818512
EN-Tenor-1__pharyngeal__technique__Million_Reasons__0008_v1,pharyngeal,1,EN-Tenor-1,0.7367609739303589,0.7255882024765015,-0.21107615530490875
EN-Tenor-1__pharyngeal__technique__Million_Reasons__0008_v2,pharyngeal,2,EN-Tenor-1,0.7282599806785583,0.7372110486030579,-0.18452654778957367
EN-Tenor-1__pharyngeal__technique__Rolling_in_the_Deep__0000_v0,pharyngeal,0,EN-Tenor-1,0.6770542860031128,0.8036736845970154,-0.04896573722362518
EN-Tenor-1__pharyngeal__technique__Rolling_in_the_Deep__0000_v1,pharyngeal,1,EN-Tenor-1,0.6752845048904419,0.8058728575706482,-0.044136688113212585
EN-Tenor-1__pharyngeal__technique__Rolling_in_the_Deep__0000_v2,pharyngeal,2,EN-Tenor-1,0.6051598191261292,0.8886396884918213,-0.049973420798778534
EN-Tenor-1__pharyngeal__technique__Rolling_in_the_Deep__0001_v0,pharyngeal,0,EN-Tenor-1,0.7589287757873535,0.6943648457527161,-0.1446966975927353
EN-Tenor-1__pharyngeal__technique__Rolling_in_the_Deep__0001_v1,pharyngeal,1,EN-Tenor-1,0.7212923765182495,0.7466025352478027,-0.14512759447097778
EN-Tenor-1__pharyngeal__technique__Rolling_in_the_Deep__0001_v2,pharyngeal,2,EN-Tenor-1,0.7110354900360107,0.760216474533081,-0.1441943496465683
EN-Tenor-1__pharyngeal__technique__Rolling_in_the_Deep__0002_v0,pharyngeal,0,EN-Tenor-1,0.7212648987770081,0.7466393709182739,-0.22723260521888733
EN-Tenor-1__pharyngeal__technique__Rolling_in_the_Deep__0002_v1,pharyngeal,1,EN-Tenor-1,0.6786420345306396,0.8016958236694336,-0.19126582145690918
EN-Tenor-1__pharyngeal__technique__Rolling_in_the_Deep__0002_v2,pharyngeal,2,EN-Tenor-1,0.6460127830505371,0.8414122462272644,-0.19751407206058502
EN-Tenor-1__pharyngeal__technique__Rolling_in_the_Deep__0003_v0,pharyngeal,0,EN-Tenor-1,0.7461531162261963,0.7125264406204224,-0.11813485622406006
EN-Tenor-1__pharyngeal__technique__Rolling_in_the_Deep__0003_v1,pharyngeal,1,EN-Tenor-1,0.7000521421432495,0.7745294570922852,-0.12292641401290894
EN-Tenor-1__pharyngeal__technique__Rolling_in_the_Deep__0003_v2,pharyngeal,2,EN-Tenor-1,0.6972148418426514,0.7781839966773987,-0.17594854533672333
EN-Tenor-1__pharyngeal__technique__Rolling_in_the_Deep__0004_v0,pharyngeal,0,EN-Tenor-1,0.7035223245620728,0.7700361013412476,-0.2771463692188263
EN-Tenor-1__pharyngeal__technique__Rolling_in_the_Deep__0004_v1,pharyngeal,1,EN-Tenor-1,0.6702475547790527,0.8120991587638855,-0.22203677892684937
EN-Tenor-1__pharyngeal__technique__Rolling_in_the_Deep__0004_v2,pharyngeal,2,EN-Tenor-1,0.670374870300293,0.8119423389434814,-0.21687810122966766
EN-Tenor-1__pharyngeal__technique__Rolling_in_the_Deep__0005_v0,pharyngeal,0,EN-Tenor-1,0.7105588316917419,0.7608432769775391,-0.26525944471359253
EN-Tenor-1__pharyngeal__technique__Rolling_in_the_Deep__0005_v1,pharyngeal,1,EN-Tenor-1,0.6853698492050171,0.7932593822479248,-0.2286977916955948
EN-Tenor-1__pharyngeal__technique__Rolling_in_the_Deep__0005_v2,pharyngeal,2,EN-Tenor-1,0.6552560329437256,0.8303541541099548,-0.18266601860523224
EN-Tenor-1__pharyngeal__technique__Rolling_in_the_Deep__0006_v0,pharyngeal,0,EN-Tenor-1,0.7482619285583496,0.7095605731010437,-0.23897391557693481
EN-Tenor-1__pharyngeal__technique__Rolling_in_the_Deep__0006_v1,pharyngeal,1,EN-Tenor-1,0.7043309807777405,0.7689851522445679,-0.19666077196598053
EN-Tenor-1__pharyngeal__technique__Rolling_in_the_Deep__0006_v2,pharyngeal,2,EN-Tenor-1,0.6898511648178101,0.7875899076461792,-0.14453338086605072
EN-Tenor-1__pharyngeal__technique__Rolling_in_the_Deep__0007_v0,pharyngeal,0,EN-Tenor-1,0.6912057399749756,0.7858681082725525,-0.2894282042980194
EN-Tenor-1__pharyngeal__technique__Rolling_in_the_Deep__0007_v1,pharyngeal,1,EN-Tenor-1,0.6622895002365112,0.8218400478363037,-0.24933607876300812
EN-Tenor-1__pharyngeal__technique__Rolling_in_the_Deep__0007_v2,pharyngeal,2,EN-Tenor-1,0.65300452709198,0.8330612182617188,-0.23698733747005463
EN-Tenor-1__pharyngeal__technique__Shallow__0000_v0,pharyngeal,0,EN-Tenor-1,0.7368544340133667,0.7254593968391418,-0.13602828979492188
EN-Tenor-1__pharyngeal__technique__Shallow__0000_v1,pharyngeal,1,EN-Tenor-1,0.7201638221740723,0.7481126189231873,-0.11191898584365845
EN-Tenor-1__pharyngeal__technique__Shallow__0000_v2,pharyngeal,2,EN-Tenor-1,0.6938810348510742,0.7824563980102539,-0.08166588097810745
EN-Tenor-1__pharyngeal__technique__Shallow__0001_v0,pharyngeal,0,EN-Tenor-1,0.7539424896240234,0.7015092372894287,-0.14839614927768707
EN-Tenor-1__pharyngeal__technique__Shallow__0001_v1,pharyngeal,1,EN-Tenor-1,0.7180402278900146,0.7509458661079407,-0.14106500148773193
EN-Tenor-1__pharyngeal__technique__Shallow__0001_v2,pharyngeal,2,EN-Tenor-1,0.7059832811355591,0.7668333649635315,-0.14141727983951569
EN-Tenor-1__pharyngeal__technique__Shallow__0002_v0,pharyngeal,0,EN-Tenor-1,0.7796292901039124,0.6638835072517395,-0.14924225211143494
EN-Tenor-1__pharyngeal__technique__Shallow__0002_v1,pharyngeal,1,EN-Tenor-1,0.7365654706954956,0.7258574366569519,-0.11506016552448273
EN-Tenor-1__pharyngeal__technique__Shallow__0002_v2,pharyngeal,2,EN-Tenor-1,0.7497802376747131,0.7074175477027893,-0.11411711573600769
EN-Tenor-1__pharyngeal__technique__Shallow__0003_v0,pharyngeal,0,EN-Tenor-1,0.7180240154266357,0.7509673833847046,-0.16188356280326843
EN-Tenor-1__pharyngeal__technique__Shallow__0003_v1,pharyngeal,1,EN-Tenor-1,0.6724293231964111,0.8094081282615662,-0.11319316923618317
EN-Tenor-1__pharyngeal__technique__Shallow__0003_v2,pharyngeal,2,EN-Tenor-1,0.6752137541770935,0.8059606552124023,-0.11724425852298737
EN-Tenor-1__pharyngeal__technique__Shallow__0004_v0,pharyngeal,0,EN-Tenor-1,0.6866840720176697,0.7916008234024048,-0.22136422991752625
EN-Tenor-1__pharyngeal__technique__Shallow__0004_v1,pharyngeal,1,EN-Tenor-1,0.6618629693984985,0.8223588466644287,-0.22033093869686127
EN-Tenor-1__pharyngeal__technique__Shallow__0004_v2,pharyngeal,2,EN-Tenor-1,0.6801658868789673,0.7997927069664001,-0.21552307903766632
EN-Tenor-1__pharyngeal__technique__Shallow__0005_v0,pharyngeal,0,EN-Tenor-1,0.7724751234054565,0.6745738387107849,-0.1841110736131668
EN-Tenor-1__pharyngeal__technique__Shallow__0005_v1,pharyngeal,1,EN-Tenor-1,0.742451548576355,0.7177026271820068,-0.18084277212619781
EN-Tenor-1__pharyngeal__technique__Shallow__0005_v2,pharyngeal,2,EN-Tenor-1,0.7536342740058899,0.701948344707489,-0.1368977278470993
EN-Tenor-1__pharyngeal__technique__Shallow__0006_v0,pharyngeal,0,EN-Tenor-1,0.7009490728378296,0.7733704447746277,-0.10819657146930695
EN-Tenor-1__pharyngeal__technique__Shallow__0006_v1,pharyngeal,1,EN-Tenor-1,0.6522096991539001,0.8340147137641907,-0.08920598775148392
EN-Tenor-1__pharyngeal__technique__Shallow__0006_v2,pharyngeal,2,EN-Tenor-1,0.6485339999198914,0.838410496711731,-0.10289110988378525
EN-Tenor-1__pharyngeal__technique__Someone_Like_You__0000_v0,pharyngeal,0,EN-Tenor-1,0.7152950763702393,0.7545925974845886,-0.21815086901187897
EN-Tenor-1__pharyngeal__technique__Someone_Like_You__0000_v1,pharyngeal,1,EN-Tenor-1,0.6804987788200378,0.7993764281272888,-0.1668403446674347
EN-Tenor-1__pharyngeal__technique__Someone_Like_You__0000_v2,pharyngeal,2,EN-Tenor-1,0.6743263602256775,0.807060956954956,-0.13350246846675873
EN-Tenor-1__pharyngeal__technique__Someone_Like_You__0001_v0,pharyngeal,0,EN-Tenor-1,0.6964908838272095,0.77911376953125,-0.2449483573436737
EN-Tenor-1__pharyngeal__technique__Someone_Like_You__0001_v1,pharyngeal,1,EN-Tenor-1,0.6506235003471375,0.8359145522117615,-0.2003842294216156
EN-Tenor-1__pharyngeal__technique__Someone_Like_You__0001_v2,pharyngeal,2,EN-Tenor-1,0.6572824716567993,0.8279100656509399,-0.20304135978221893
EN-Tenor-1__pharyngeal__technique__Someone_Like_You__0002_v0,pharyngeal,0,EN-Tenor-1,0.7890405654907227,0.6495527625083923,-0.1331128180027008
EN-Tenor-1__pharyngeal__technique__Someone_Like_You__0002_v1,pharyngeal,1,EN-Tenor-1,0.7784973978996277,0.665586531162262,-0.09512389451265335
EN-Tenor-1__pharyngeal__technique__Someone_Like_You__0002_v2,pharyngeal,2,EN-Tenor-1,0.7732110023498535,0.6734820604324341,-0.09465322643518448
EN-Tenor-1__pharyngeal__technique__Someone_Like_You__0003_v0,pharyngeal,0,EN-Tenor-1,0.6320472955703735,0.8578494191169739,-0.08630292117595673
EN-Tenor-1__pharyngeal__technique__Someone_Like_You__0003_v1,pharyngeal,1,EN-Tenor-1,0.590626060962677,0.9048470854759216,-0.09045107662677765
EN-Tenor-1__pharyngeal__technique__Someone_Like_You__0003_v2,pharyngeal,2,EN-Tenor-1,0.5755766034126282,0.9213288426399231,-0.09881826490163803
EN-Tenor-1__pharyngeal__technique__Someone_Like_You__0004_v0,pharyngeal,0,EN-Tenor-1,0.7907087206840515,0.646979570388794,-0.14873428642749786
EN-Tenor-1__pharyngeal__technique__Someone_Like_You__0004_v1,pharyngeal,1,EN-Tenor-1,0.7522057294845581,0.703980565071106,-0.13775281608104706
EN-Tenor-1__pharyngeal__technique__Someone_Like_You__0004_v2,pharyngeal,2,EN-Tenor-1,0.7345259189605713,0.7286618947982788,-0.17417694628238678
EN-Tenor-1__pharyngeal__technique__Someone_Like_You__0005_v0,pharyngeal,0,EN-Tenor-1,0.5235313177108765,0.976185142993927,-0.01635620929300785
EN-Tenor-1__pharyngeal__technique__Someone_Like_You__0005_v1,pharyngeal,1,EN-Tenor-1,0.5031343698501587,0.9968607425689697,-0.010076142847537994
EN-Tenor-1__pharyngeal__technique__Someone_Like_You__0005_v2,pharyngeal,2,EN-Tenor-1,0.4815755784511566,1.0182578563690186,-0.03868924081325531
EN-Tenor-1__pharyngeal__technique__Someone_Like_You__0006_v0,pharyngeal,0,EN-Tenor-1,0.6295249462127686,0.860784649848938,-0.06497602164745331
EN-Tenor-1__pharyngeal__technique__Someone_Like_You__0006_v1,pharyngeal,1,EN-Tenor-1,0.6138908863067627,0.8787595629692078,-0.07172725349664688
EN-Tenor-1__pharyngeal__technique__Someone_Like_You__0006_v2,pharyngeal,2,EN-Tenor-1,0.6055866479873657,0.8881591558456421,-0.07191935181617737
EN-Tenor-1__pharyngeal__technique__Someone_Like_You__0007_v0,pharyngeal,0,EN-Tenor-1,0.7090744972229004,0.7627915740013123,-0.09244225919246674
EN-Tenor-1__pharyngeal__technique__Someone_Like_You__0007_v1,pharyngeal,1,EN-Tenor-1,0.6702631711959839,0.812079906463623,-0.10911288112401962
EN-Tenor-1__pharyngeal__technique__Someone_Like_You__0007_v2,pharyngeal,2,EN-Tenor-1,0.6476873159408569,0.8394197225570679,-0.12284597009420395
EN-Tenor-1__pharyngeal__technique__Stay__0000_v0,pharyngeal,0,EN-Tenor-1,0.7613641619682312,0.6908485889434814,-0.12656420469284058
EN-Tenor-1__pharyngeal__technique__Stay__0000_v1,pharyngeal,1,EN-Tenor-1,0.7208502292633057,0.7471945881843567,-0.12964406609535217
EN-Tenor-1__pharyngeal__technique__Stay__0000_v2,pharyngeal,2,EN-Tenor-1,0.7067022323608398,0.7658953070640564,-0.1094006672501564
EN-Tenor-1__pharyngeal__technique__Stay__0001_v0,pharyngeal,0,EN-Tenor-1,0.7075120806694031,0.7648372650146484,-0.12257736176252365
EN-Tenor-1__pharyngeal__technique__Stay__0001_v1,pharyngeal,1,EN-Tenor-1,0.6883484721183777,0.7894955277442932,-0.08856934309005737
EN-Tenor-1__pharyngeal__technique__Stay__0001_v2,pharyngeal,2,EN-Tenor-1,0.6858272552490234,0.7926825284957886,-0.07179580628871918
EN-Tenor-1__pharyngeal__technique__Stay__0002_v0,pharyngeal,0,EN-Tenor-1,0.7479166984558105,0.7100468873977661,-0.14878611266613007
EN-Tenor-1__pharyngeal__technique__Stay__0002_v1,pharyngeal,1,EN-Tenor-1,0.7180790901184082,0.7508940696716309,-0.12584546208381653
EN-Tenor-1__pharyngeal__technique__Stay__0002_v2,pharyngeal,2,EN-Tenor-1,0.7022621035575867,0.7716708779335022,-0.1306704729795456
EN-Tenor-1__pharyngeal__technique__Stay__0003_v0,pharyngeal,0,EN-Tenor-1,0.7601918578147888,0.6925433874130249,-0.14859895408153534
EN-Tenor-1__pharyngeal__technique__Stay__0003_v1,pharyngeal,1,EN-Tenor-1,0.7368751168251038,0.7254308462142944,-0.11807356774806976
EN-Tenor-1__pharyngeal__technique__Stay__0003_v2,pharyngeal,2,EN-Tenor-1,0.7306452393531799,0.7339682579040527,-0.1296200007200241
EN-Tenor-1__pharyngeal__technique__Stay__0004_v0,pharyngeal,0,EN-Tenor-1,0.7989420890808105,0.6341260671615601,-0.14042088389396667
EN-Tenor-1__pharyngeal__technique__Stay__0004_v1,pharyngeal,1,EN-Tenor-1,0.7681782841682434,0.6809136867523193,-0.09537780284881592
EN-Tenor-1__pharyngeal__technique__Stay__0004_v2,pharyngeal,2,EN-Tenor-1,0.7600185871124268,0.6927934885025024,-0.09918215125799179
EN-Tenor-1__pharyngeal__technique__Stay__0005_v0,pharyngeal,0,EN-Tenor-1,0.8015670776367188,0.6299729943275452,-0.09663686901330948
EN-Tenor-1__pharyngeal__technique__Stay__0005_v1,pharyngeal,1,EN-Tenor-1,0.7747974395751953,0.6711223721504211,-0.10090659558773041
EN-Tenor-1__pharyngeal__technique__Stay__0005_v2,pharyngeal,2,EN-Tenor-1,0.77583909034729,0.6695685386657715,-0.11777432262897491
EN-Tenor-1__pharyngeal__technique__Stay__0006_v0,pharyngeal,0,EN-Tenor-1,0.7365712523460388,0.7258495688438416,-0.12602485716342926
EN-Tenor-1__pharyngeal__technique__Stay__0006_v1,pharyngeal,1,EN-Tenor-1,0.7259560823440552,0.7403296828269958,-0.14327801764011383
EN-Tenor-1__pharyngeal__technique__Stay__0006_v2,pharyngeal,2,EN-Tenor-1,0.72144615650177,0.7463964819908142,-0.14296481013298035
EN-Tenor-1__pharyngeal__technique__Stay__0007_v0,pharyngeal,0,EN-Tenor-1,0.6883144378662109,0.789538562297821,-0.19925999641418457
EN-Tenor-1__pharyngeal__technique__Stay__0007_v1,pharyngeal,1,EN-Tenor-1,0.6639165878295898,0.8198578953742981,-0.17016907036304474
EN-Tenor-1__pharyngeal__technique__Stay__0007_v2,pharyngeal,2,EN-Tenor-1,0.6420644521713257,0.8460917472839355,-0.14715270698070526
EN-Tenor-1__pharyngeal__technique__Stay__0008_v0,pharyngeal,0,EN-Tenor-1,0.64692622423172,0.8403259515762329,-0.11787857860326767
EN-Tenor-1__pharyngeal__technique__Stay__0008_v1,pharyngeal,1,EN-Tenor-1,0.5992268323898315,0.8952913284301758,-0.08887702971696854
EN-Tenor-1__pharyngeal__technique__Stay__0008_v2,pharyngeal,2,EN-Tenor-1,0.6112058758735657,0.8818097114562988,-0.07430864870548248
EN-Tenor-1__pharyngeal__technique__Unconditionally__0000_v0,pharyngeal,0,EN-Tenor-1,0.7474460601806641,0.7107095122337341,-0.14961548149585724
EN-Tenor-1__pharyngeal__technique__Unconditionally__0000_v1,pharyngeal,1,EN-Tenor-1,0.7233092784881592,0.7438961863517761,-0.13536451756954193
EN-Tenor-1__pharyngeal__technique__Unconditionally__0000_v2,pharyngeal,2,EN-Tenor-1,0.7005584239959717,0.7738754749298096,-0.11844634264707565
EN-Tenor-1__pharyngeal__technique__Unconditionally__0001_v0,pharyngeal,0,EN-Tenor-1,0.7834354639053345,0.6581252813339233,-0.0638577863574028
EN-Tenor-1__pharyngeal__technique__Unconditionally__0001_v1,pharyngeal,1,EN-Tenor-1,0.7780930399894714,0.6661936044692993,-0.0882374718785286
EN-Tenor-1__pharyngeal__technique__Unconditionally__0001_v2,pharyngeal,2,EN-Tenor-1,0.754916787147522,0.7001187205314636,-0.09158842265605927
EN-Tenor-1__pharyngeal__technique__Unconditionally__0002_v0,pharyngeal,0,EN-Tenor-1,0.7469385862350464,0.7114231586456299,-0.1880224198102951
EN-Tenor-1__pharyngeal__technique__Unconditionally__0002_v1,pharyngeal,1,EN-Tenor-1,0.7061958909034729,0.7665562033653259,-0.1617489904165268
EN-Tenor-1__pharyngeal__technique__Unconditionally__0002_v2,pharyngeal,2,EN-Tenor-1,0.686830997467041,0.791415274143219,-0.13118769228458405
EN-Tenor-1__pharyngeal__technique__Unconditionally__0003_v0,pharyngeal,0,EN-Tenor-1,0.7505396604537964,0.7063431739807129,-0.13864749670028687
EN-Tenor-1__pharyngeal__technique__Unconditionally__0003_v1,pharyngeal,1,EN-Tenor-1,0.724684476852417,0.7420452237129211,-0.13581156730651855
EN-Tenor-1__pharyngeal__technique__Unconditionally__0003_v2,pharyngeal,2,EN-Tenor-1,0.7059001922607422,0.7669417262077332,-0.13528035581111908
EN-Tenor-1__pharyngeal__technique__What_Was_I_Made_For´╝ƒ__0000_v0,pharyngeal,0,EN-Tenor-1,0.6906208992004395,0.7866119742393494,-0.08151963353157043
EN-Tenor-1__pharyngeal__technique__What_Was_I_Made_For´╝ƒ__0000_v1,pharyngeal,1,EN-Tenor-1,0.6715071201324463,0.8105466365814209,-0.06177755072712898
EN-Tenor-1__pharyngeal__technique__What_Was_I_Made_For´╝ƒ__0000_v2,pharyngeal,2,EN-Tenor-1,0.6791840195655823,0.8010194301605225,-0.07219669967889786
EN-Tenor-1__pharyngeal__technique__What_Was_I_Made_For´╝ƒ__0001_v0,pharyngeal,0,EN-Tenor-1,0.6676959991455078,0.8152349591255188,-0.14357838034629822
EN-Tenor-1__pharyngeal__technique__What_Was_I_Made_For´╝ƒ__0001_v1,pharyngeal,1,EN-Tenor-1,0.6635575294494629,0.8202956914901733,-0.11590632796287537
EN-Tenor-1__pharyngeal__technique__What_Was_I_Made_For´╝ƒ__0001_v2,pharyngeal,2,EN-Tenor-1,0.6789972186088562,0.8012524843215942,-0.1317567378282547
EN-Tenor-1__pharyngeal__technique__What_Was_I_Made_For´╝ƒ__0002_v0,pharyngeal,0,EN-Tenor-1,0.7076248526573181,0.7646897435188293,-0.09246044605970383
EN-Tenor-1__pharyngeal__technique__What_Was_I_Made_For´╝ƒ__0002_v1,pharyngeal,1,EN-Tenor-1,0.7207329273223877,0.7473515272140503,-0.10227981954813004
EN-Tenor-1__pharyngeal__technique__What_Was_I_Made_For´╝ƒ__0002_v2,pharyngeal,2,EN-Tenor-1,0.7395455837249756,0.721740186214447,-0.08198437839746475
EN-Tenor-1__pharyngeal__technique__What_Was_I_Made_For´╝ƒ__0003_v0,pharyngeal,0,EN-Tenor-1,0.8005337715148926,0.6316111087799072,-0.03597452864050865
EN-Tenor-1__pharyngeal__technique__What_Was_I_Made_For´╝ƒ__0003_v1,pharyngeal,1,EN-Tenor-1,0.7754414081573486,0.6701620817184448,-0.011400064453482628
EN-Tenor-1__pharyngeal__technique__What_Was_I_Made_For´╝ƒ__0003_v2,pharyngeal,2,EN-Tenor-1,0.7719117999076843,0.6754085421562195,-0.023240087553858757
EN-Tenor-1__pharyngeal__technique__What_Was_I_Made_For´╝ƒ__0004_v0,pharyngeal,0,EN-Tenor-1,0.7140522599220276,0.756237804889679,-0.22367800772190094
EN-Tenor-1__pharyngeal__technique__What_Was_I_Made_For´╝ƒ__0004_v1,pharyngeal,1,EN-Tenor-1,0.67904132604599,0.8011976480484009,-0.18657389283180237
EN-Tenor-1__pharyngeal__technique__What_Was_I_Made_For´╝ƒ__0004_v2,pharyngeal,2,EN-Tenor-1,0.6767067313194275,0.8041061162948608,-0.20347420871257782
EN-Tenor-1__pharyngeal__technique__What_Was_I_Made_For´╝ƒ__0005_v0,pharyngeal,0,EN-Tenor-1,0.8041564226150513,0.6258491277694702,-0.007307376712560654
EN-Tenor-1__pharyngeal__technique__What_Was_I_Made_For´╝ƒ__0005_v1,pharyngeal,1,EN-Tenor-1,0.7906064391136169,0.6471376419067383,0.024191539734601974
EN-Tenor-1__pharyngeal__technique__What_Was_I_Made_For´╝ƒ__0005_v2,pharyngeal,2,EN-Tenor-1,0.7982989549636841,0.6351394057273865,0.012346689589321613
EN-Tenor-1__pharyngeal__technique__What_Was_I_Made_For´╝ƒ__0006_v0,pharyngeal,0,EN-Tenor-1,0.7953274846076965,0.6398007869720459,-0.08428991585969925
EN-Tenor-1__pharyngeal__technique__What_Was_I_Made_For´╝ƒ__0006_v1,pharyngeal,1,EN-Tenor-1,0.7614853382110596,0.6906731128692627,-0.04387287423014641
EN-Tenor-1__pharyngeal__technique__What_Was_I_Made_For´╝ƒ__0006_v2,pharyngeal,2,EN-Tenor-1,0.7493445873260498,0.7080332636833191,-0.07621675729751587
EN-Tenor-1__pharyngeal__technique__What_Was_I_Made_For´╝ƒ__0007_v0,pharyngeal,0,EN-Tenor-1,0.7023117542266846,0.7716064453125,-0.11832354962825775
EN-Tenor-1__pharyngeal__technique__What_Was_I_Made_For´╝ƒ__0007_v1,pharyngeal,1,EN-Tenor-1,0.6687291860580444,0.8139667510986328,-0.08604956418275833
EN-Tenor-1__pharyngeal__technique__What_Was_I_Made_For´╝ƒ__0007_v2,pharyngeal,2,EN-Tenor-1,0.6653496026992798,0.8181081414222717,-0.11548388004302979
EN-Tenor-1__pharyngeal__technique__What_Was_I_Made_For´╝ƒ__0008_v0,pharyngeal,0,EN-Tenor-1,0.7643156051635742,0.6865630745887756,-0.1529845893383026
EN-Tenor-1__pharyngeal__technique__What_Was_I_Made_For´╝ƒ__0008_v1,pharyngeal,1,EN-Tenor-1,0.7504952549934387,0.7064061164855957,-0.19290325045585632
EN-Tenor-1__pharyngeal__technique__What_Was_I_Made_For´╝ƒ__0008_v2,pharyngeal,2,EN-Tenor-1,0.7445664405822754,0.7147496342658997,-0.1835477203130722
EN-Tenor-1__pharyngeal__technique__What_Was_I_Made_For´╝ƒ__0009_v0,pharyngeal,0,EN-Tenor-1,0.761874258518219,0.6901097893714905,0.050444841384887695
EN-Tenor-1__pharyngeal__technique__What_Was_I_Made_For´╝ƒ__0009_v1,pharyngeal,1,EN-Tenor-1,0.7348178029060364,0.7282612323760986,0.05626021325588226
EN-Tenor-1__pharyngeal__technique__What_Was_I_Made_For´╝ƒ__0009_v2,pharyngeal,2,EN-Tenor-1,0.7269279360771179,0.7390157580375671,0.04284143075346947
EN-Tenor-1__pharyngeal__technique__What_Was_I_Made_For´╝ƒ__0010_v0,pharyngeal,0,EN-Tenor-1,0.7232242822647095,0.7440104484558105,-0.21271003782749176
EN-Tenor-1__pharyngeal__technique__What_Was_I_Made_For´╝ƒ__0010_v1,pharyngeal,1,EN-Tenor-1,0.6968255043029785,0.7786843180656433,-0.16641058027744293
EN-Tenor-1__pharyngeal__technique__What_Was_I_Made_For´╝ƒ__0010_v2,pharyngeal,2,EN-Tenor-1,0.6910933256149292,0.7860110402107239,-0.18706950545310974
EN-Tenor-1__pharyngeal__technique__What_Was_I_Made_For´╝ƒ__0011_v0,pharyngeal,0,EN-Tenor-1,0.7049010396003723,0.7682434916496277,-0.17664624750614166
EN-Tenor-1__pharyngeal__technique__What_Was_I_Made_For´╝ƒ__0011_v1,pharyngeal,1,EN-Tenor-1,0.6776770353317261,0.8028985261917114,-0.1768466979265213
EN-Tenor-1__pharyngeal__technique__What_Was_I_Made_For´╝ƒ__0011_v2,pharyngeal,2,EN-Tenor-1,0.6431240439414978,0.8448384404182434,-0.16314785182476044
EN-Tenor-1__pharyngeal__technique__What_Was_I_Made_For´╝ƒ__0012_v0,pharyngeal,0,EN-Tenor-1,0.776286244392395,0.6689002513885498,-0.21426451206207275
EN-Tenor-1__pharyngeal__technique__What_Was_I_Made_For´╝ƒ__0012_v1,pharyngeal,1,EN-Tenor-1,0.7404079437255859,0.7205444574356079,-0.19861173629760742
EN-Tenor-1__pharyngeal__technique__What_Was_I_Made_For´╝ƒ__0012_v2,pharyngeal,2,EN-Tenor-1,0.7252225875854492,0.7413198351860046,-0.20362868905067444
EN-Tenor-1__pharyngeal__technique__You_Belong_With_Me__0000_v0,pharyngeal,0,EN-Tenor-1,0.5946651697158813,0.9003720283508301,-0.09931706637144089
EN-Tenor-1__pharyngeal__technique__You_Belong_With_Me__0000_v1,pharyngeal,1,EN-Tenor-1,0.5632607340812683,0.9346007108688354,-0.07176614552736282
EN-Tenor-1__pharyngeal__technique__You_Belong_With_Me__0000_v2,pharyngeal,2,EN-Tenor-1,0.5334055423736572,0.9660170078277588,-0.07571685314178467
EN-Tenor-1__pharyngeal__technique__You_Belong_With_Me__0001_v0,pharyngeal,0,EN-Tenor-1,0.6831547617912292,0.7960469126701355,-0.16525991261005402
EN-Tenor-1__pharyngeal__technique__You_Belong_With_Me__0001_v1,pharyngeal,1,EN-Tenor-1,0.6238295435905457,0.8673759698867798,-0.13071885704994202
EN-Tenor-1__pharyngeal__technique__You_Belong_With_Me__0001_v2,pharyngeal,2,EN-Tenor-1,0.6140997409820557,0.8785218596458435,-0.13336387276649475
EN-Tenor-1__pharyngeal__technique__You_Belong_With_Me__0002_v0,pharyngeal,0,EN-Tenor-1,0.5693842172622681,0.9280257821083069,-0.12957914173603058
EN-Tenor-1__pharyngeal__technique__You_Belong_With_Me__0002_v1,pharyngeal,1,EN-Tenor-1,0.512984573841095,0.9869300723075867,-0.13585518300533295
EN-Tenor-1__pharyngeal__technique__You_Belong_With_Me__0002_v2,pharyngeal,2,EN-Tenor-1,0.522462010383606,0.9772800207138062,-0.1483340710401535
EN-Tenor-1__pharyngeal__technique__You_Belong_With_Me__0003_v0,pharyngeal,0,EN-Tenor-1,0.7272806763648987,0.7385383248329163,-0.14180883765220642
EN-Tenor-1__pharyngeal__technique__You_Belong_With_Me__0003_v1,pharyngeal,1,EN-Tenor-1,0.6759321689605713,0.8050686717033386,-0.12551583349704742
EN-Tenor-1__pharyngeal__technique__You_Belong_With_Me__0003_v2,pharyngeal,2,EN-Tenor-1,0.6464071869850159,0.8409433364868164,-0.10811930894851685
EN-Tenor-1__pharyngeal__technique__You_Belong_With_Me__0004_v0,pharyngeal,0,EN-Tenor-1,0.672073245048523,0.8098479509353638,-0.1413545161485672
EN-Tenor-1__pharyngeal__technique__You_Belong_With_Me__0004_v1,pharyngeal,1,EN-Tenor-1,0.6314823627471924,0.8585078120231628,-0.07897757738828659
EN-Tenor-1__pharyngeal__technique__You_Belong_With_Me__0004_v2,pharyngeal,2,EN-Tenor-1,0.6120072603225708,0.880900502204895,-0.09042278677225113
EN-Tenor-1__pharyngeal__technique__You_Belong_With_Me__0005_v0,pharyngeal,0,EN-Tenor-1,0.6746648550033569,0.8066413402557373,-0.1793149709701538
EN-Tenor-1__pharyngeal__technique__You_Belong_With_Me__0005_v1,pharyngeal,1,EN-Tenor-1,0.6369094848632812,0.8521627187728882,-0.15281112492084503
EN-Tenor-1__pharyngeal__technique__You_Belong_With_Me__0005_v2,pharyngeal,2,EN-Tenor-1,0.6112028956413269,0.8818131685256958,-0.1342776119709015
EN-Tenor-1__pharyngeal__technique__You_Belong_With_Me__0006_v0,pharyngeal,0,EN-Tenor-1,0.7544554471969604,0.700777530670166,-0.06424195319414139
EN-Tenor-1__pharyngeal__technique__You_Belong_With_Me__0006_v1,pharyngeal,1,EN-Tenor-1,0.7441973090171814,0.7152660489082336,-0.03167232871055603
EN-Tenor-1__pharyngeal__technique__You_Belong_With_Me__0006_v2,pharyngeal,2,EN-Tenor-1,0.7303266525268555,0.7344022989273071,-0.04841746762394905
EN-Tenor-1__pharyngeal__technique__You_Belong_With_Me__0007_v0,pharyngeal,0,EN-Tenor-1,0.7370162606239319,0.7252362966537476,-0.08469338715076447
EN-Tenor-1__pharyngeal__technique__You_Belong_With_Me__0007_v1,pharyngeal,1,EN-Tenor-1,0.7103101015090942,0.7611701488494873,-0.09013842046260834
EN-Tenor-1__pharyngeal__technique__You_Belong_With_Me__0007_v2,pharyngeal,2,EN-Tenor-1,0.6955934166908264,0.7802648544311523,-0.1212930753827095
EN-Tenor-1__pharyngeal__technique__You_Belong_With_Me__0008_v0,pharyngeal,0,EN-Tenor-1,0.7278274297714233,0.7377975583076477,-0.14567536115646362
EN-Tenor-1__pharyngeal__technique__You_Belong_With_Me__0008_v1,pharyngeal,1,EN-Tenor-1,0.7022556066513062,0.7716792821884155,-0.12097212672233582
EN-Tenor-1__pharyngeal__technique__You_Belong_With_Me__0008_v2,pharyngeal,2,EN-Tenor-1,0.7021225690841675,0.7718517184257507,-0.1285593956708908
EN-Tenor-1__pharyngeal__technique__You_Belong_With_Me__0009_v0,pharyngeal,0,EN-Tenor-1,0.795541524887085,0.6394662261009216,-0.11975061893463135
EN-Tenor-1__pharyngeal__technique__You_Belong_With_Me__0009_v1,pharyngeal,1,EN-Tenor-1,0.757480263710022,0.6964477896690369,-0.1075877919793129
EN-Tenor-1__pharyngeal__technique__You_Belong_With_Me__0009_v2,pharyngeal,2,EN-Tenor-1,0.7456691861152649,0.7132052779197693,-0.13513849675655365
EN-Tenor-1__pharyngeal__technique__You_Belong_With_Me__0010_v0,pharyngeal,0,EN-Tenor-1,0.754981517791748,0.7000265121459961,-0.2638052999973297
EN-Tenor-1__pharyngeal__technique__You_Belong_With_Me__0010_v1,pharyngeal,1,EN-Tenor-1,0.7293684482574463,0.7357060313224792,-0.2154306024312973
EN-Tenor-1__pharyngeal__technique__You_Belong_With_Me__0010_v2,pharyngeal,2,EN-Tenor-1,0.6848426461219788,0.7939237952232361,-0.17765170335769653
EN-Tenor-1__pharyngeal__technique__You_Belong_With_Me__0011_v0,pharyngeal,0,EN-Tenor-1,0.6848632097244263,0.793897807598114,-0.24757947027683258
EN-Tenor-1__pharyngeal__technique__You_Belong_With_Me__0011_v1,pharyngeal,1,EN-Tenor-1,0.6150491237640381,0.8774405717849731,-0.22711828351020813
EN-Tenor-1__pharyngeal__technique__You_Belong_With_Me__0011_v2,pharyngeal,2,EN-Tenor-1,0.5633931159973145,0.9344591498374939,-0.20744089782238007
EN-Tenor-1__pharyngeal__technique__You_Belong_With_Me__0012_v0,pharyngeal,0,EN-Tenor-1,0.7388131618499756,0.7227543592453003,-0.17439894378185272
EN-Tenor-1__pharyngeal__technique__You_Belong_With_Me__0012_v1,pharyngeal,1,EN-Tenor-1,0.7023252844810486,0.771588921546936,-0.1613110899925232
EN-Tenor-1__pharyngeal__technique__You_Belong_With_Me__0012_v2,pharyngeal,2,EN-Tenor-1,0.6468594670295715,0.8404053449630737,-0.10261768102645874
EN-Tenor-1__pharyngeal__technique__You_Belong_With_Me__0013_v0,pharyngeal,0,EN-Tenor-1,0.7488005757331848,0.7088012099266052,-0.20957854390144348
EN-Tenor-1__pharyngeal__technique__You_Belong_With_Me__0013_v1,pharyngeal,1,EN-Tenor-1,0.7438953518867493,0.7156881093978882,-0.22318516671657562
EN-Tenor-1__pharyngeal__technique__You_Belong_With_Me__0013_v2,pharyngeal,2,EN-Tenor-1,0.713642418384552,0.7567796111106873,-0.1935163140296936
EN-Tenor-1__vibrato__technique__All_I_Ask__0000_v0,vibrato,0,EN-Tenor-1,0.6478752493858337,0.839195728302002,0.26838964223861694
EN-Tenor-1__vibrato__technique__All_I_Ask__0000_v1,vibrato,1,EN-Tenor-1,0.6182067394256592,0.8738343715667725,0.32155612111091614
EN-Tenor-1__vibrato__technique__All_I_Ask__0000_v2,vibrato,2,EN-Tenor-1,0.6026009917259216,0.8915144205093384,0.3350456953048706
EN-Tenor-1__vibrato__technique__All_I_Ask__0001_v0,vibrato,0,EN-Tenor-1,0.5654056072235107,0.9323030114173889,0.10975395888090134
EN-Tenor-1__vibrato__technique__All_I_Ask__0001_v1,vibrato,1,EN-Tenor-1,0.5956273674964905,0.89930260181427,0.18558628857135773
EN-Tenor-1__vibrato__technique__All_I_Ask__0001_v2,vibrato,2,EN-Tenor-1,0.5994479060173035,0.8950443267822266,0.2247423380613327
EN-Tenor-1__vibrato__technique__All_I_Ask__0002_v0,vibrato,0,EN-Tenor-1,0.560005784034729,0.9380770325660706,0.24039910733699799
EN-Tenor-1__vibrato__technique__All_I_Ask__0002_v1,vibrato,1,EN-Tenor-1,0.5729724764823914,0.9241510033607483,0.29119592905044556
EN-Tenor-1__vibrato__technique__All_I_Ask__0002_v2,vibrato,2,EN-Tenor-1,0.5576362609863281,0.9405995607376099,0.3166608214378357
EN-Tenor-1__vibrato__technique__All_I_Ask__0003_v0,vibrato,0,EN-Tenor-1,0.7725855708122253,0.6744101047515869,0.33930665254592896
EN-Tenor-1__vibrato__technique__All_I_Ask__0003_v1,vibrato,1,EN-Tenor-1,0.7543856501579285,0.7008772492408752,0.4076252281665802
EN-Tenor-1__vibrato__technique__All_I_Ask__0003_v2,vibrato,2,EN-Tenor-1,0.7370768785476685,0.7251527309417725,0.34260106086730957
EN-Tenor-1__vibrato__technique__All_I_Ask__0004_v0,vibrato,0,EN-Tenor-1,0.7388002276420593,0.7227721810340881,0.46438896656036377
EN-Tenor-1__vibrato__technique__All_I_Ask__0004_v1,vibrato,1,EN-Tenor-1,0.7012666463851929,0.7729598879814148,0.48489993810653687
EN-Tenor-1__vibrato__technique__All_I_Ask__0004_v2,vibrato,2,EN-Tenor-1,0.6829770803451538,0.7962700128555298,0.46454787254333496
EN-Tenor-1__vibrato__technique__All_I_Ask__0005_v0,vibrato,0,EN-Tenor-1,0.7688585519790649,0.6799139976501465,0.32528311014175415
EN-Tenor-1__vibrato__technique__All_I_Ask__0005_v1,vibrato,1,EN-Tenor-1,0.7273063063621521,0.738503634929657,0.38200992345809937
EN-Tenor-1__vibrato__technique__All_I_Ask__0005_v2,vibrato,2,EN-Tenor-1,0.7230742573738098,0.7442121505737305,0.3422200083732605
EN-Tenor-1__vibrato__technique__All_I_Ask__0006_v0,vibrato,0,EN-Tenor-1,0.7477909326553345,0.7102241516113281,0.46067872643470764
EN-Tenor-1__vibrato__technique__All_I_Ask__0006_v1,vibrato,1,EN-Tenor-1,0.7153617143630981,0.7545042037963867,0.46358320116996765
EN-Tenor-1__vibrato__technique__All_I_Ask__0006_v2,vibrato,2,EN-Tenor-1,0.6977382302284241,0.7775111794471741,0.4191795885562897
EN-Tenor-1__vibrato__technique__All_I_Ask__0007_v0,vibrato,0,EN-Tenor-1,0.7435293197631836,0.7161992788314819,0.5463482141494751
EN-Tenor-1__vibrato__technique__All_I_Ask__0007_v1,vibrato,1,EN-Tenor-1,0.6762621402740479,0.8046587705612183,0.5502523183822632
EN-Tenor-1__vibrato__technique__All_I_Ask__0007_v2,vibrato,2,EN-Tenor-1,0.6678946018218994,0.8149914145469666,0.4891924560070038
EN-Tenor-1__vibrato__technique__All_I_Ask__0008_v0,vibrato,0,EN-Tenor-1,0.7562764286994934,0.6981741786003113,0.3638073205947876
EN-Tenor-1__vibrato__technique__All_I_Ask__0008_v1,vibrato,1,EN-Tenor-1,0.6986240148544312,0.7763710618019104,0.43572357296943665
EN-Tenor-1__vibrato__technique__All_I_Ask__0008_v2,vibrato,2,EN-Tenor-1,0.6801490187644958,0.7998138070106506,0.3767659366130829
EN-Tenor-1__vibrato__technique__Always_Remember_Us_This_Way__0000_v0,vibrato,0,EN-Tenor-1,0.7087033987045288,0.7632780075073242,0.261605441570282
EN-Tenor-1__vibrato__technique__Always_Remember_Us_This_Way__0000_v1,vibrato,1,EN-Tenor-1,0.6891944408416748,0.7884231209754944,0.29631760716438293
EN-Tenor-1__vibrato__technique__Always_Remember_Us_This_Way__0000_v2,vibrato,2,EN-Tenor-1,0.6595117449760437,0.8252130746841431,0.273193359375
EN-Tenor-1__vibrato__technique__Always_Remember_Us_This_Way__0001_v0,vibrato,0,EN-Tenor-1,0.6998984217643738,0.7747278809547424,0.395089328289032
EN-Tenor-1__vibrato__technique__Always_Remember_Us_This_Way__0001_v1,vibrato,1,EN-Tenor-1,0.6827780604362488,0.796519935131073,0.41798916459083557
EN-Tenor-1__vibrato__technique__Always_Remember_Us_This_Way__0001_v2,vibrato,2,EN-Tenor-1,0.6889662146568298,0.788712739944458,0.36606916785240173
EN-Tenor-1__vibrato__technique__Always_Remember_Us_This_Way__0002_v0,vibrato,0,EN-Tenor-1,0.7772948741912842,0.667390763759613,0.24862368404865265
EN-Tenor-1__vibrato__technique__Always_Remember_Us_This_Way__0002_v1,vibrato,1,EN-Tenor-1,0.7452519536018372,0.7137900590896606,0.27260109782218933
EN-Tenor-1__vibrato__technique__Always_Remember_Us_This_Way__0002_v2,vibrato,2,EN-Tenor-1,0.7464877963066101,0.7120564579963684,0.25136467814445496
EN-Tenor-1__vibrato__technique__Always_Remember_Us_This_Way__0003_v0,vibrato,0,EN-Tenor-1,0.827930212020874,0.5866342186927795,0.156587615609169
EN-Tenor-1__vibrato__technique__Always_Remember_Us_This_Way__0003_v1,vibrato,1,EN-Tenor-1,0.8018600940704346,0.6295076012611389,0.19441503286361694
EN-Tenor-1__vibrato__technique__Always_Remember_Us_This_Way__0003_v2,vibrato,2,EN-Tenor-1,0.7900716066360474,0.6479635834693909,0.17834846675395966
EN-Tenor-1__vibrato__technique__Always_Remember_Us_This_Way__0004_v0,vibrato,0,EN-Tenor-1,0.6997207999229431,0.7749570608139038,0.48119619488716125
EN-Tenor-1__vibrato__technique__Always_Remember_Us_This_Way__0004_v1,vibrato,1,EN-Tenor-1,0.6655100584030151,0.8179119229316711,0.4942633807659149
EN-Tenor-1__vibrato__technique__Always_Remember_Us_This_Way__0004_v2,vibrato,2,EN-Tenor-1,0.6454422473907471,0.8420899510383606,0.4429723620414734
EN-Tenor-1__vibrato__technique__Always_Remember_Us_This_Way__0005_v0,vibrato,0,EN-Tenor-1,0.6730751395225525,0.8086097240447998,0.4254319667816162
EN-Tenor-1__vibrato__technique__Always_Remember_Us_This_Way__0005_v1,vibrato,1,EN-Tenor-1,0.6404488682746887,0.8479990363121033,0.44948267936706543
EN-Tenor-1__vibrato__technique__Always_Remember_Us_This_Way__0005_v2,vibrato,2,EN-Tenor-1,0.6343331933021545,0.8551803827285767,0.4221704304218292
EN-Tenor-1__vibrato__technique__Always_Remember_Us_This_Way__0006_v0,vibrato,0,EN-Tenor-1,0.7536554336547852,0.7019182443618774,0.35350242257118225
EN-Tenor-1__vibrato__technique__Always_Remember_Us_This_Way__0006_v1,vibrato,1,EN-Tenor-1,0.7424191832542419,0.7177477478981018,0.3795744776725769
EN-Tenor-1__vibrato__technique__Always_Remember_Us_This_Way__0006_v2,vibrato,2,EN-Tenor-1,0.7261653542518616,0.7400469183921814,0.33802589774131775
EN-Tenor-1__vibrato__technique__Always_Remember_Us_This_Way__0007_v0,vibrato,0,EN-Tenor-1,0.7387799024581909,0.7228003144264221,0.3982720375061035
EN-Tenor-1__vibrato__technique__Always_Remember_Us_This_Way__0007_v1,vibrato,1,EN-Tenor-1,0.7320871353149414,0.7320012450218201,0.4175180196762085
EN-Tenor-1__vibrato__technique__Always_Remember_Us_This_Way__0007_v2,vibrato,2,EN-Tenor-1,0.7151522636413574,0.7547819018363953,0.3657810688018799
EN-Tenor-1__vibrato__technique__Always_Remember_Us_This_Way__0008_v0,vibrato,0,EN-Tenor-1,0.7112732529640198,0.7599037885665894,0.4594874083995819
EN-Tenor-1__vibrato__technique__Always_Remember_Us_This_Way__0008_v1,vibrato,1,EN-Tenor-1,0.6462039947509766,0.8411850333213806,0.5056950449943542
EN-Tenor-1__vibrato__technique__Always_Remember_Us_This_Way__0008_v2,vibrato,2,EN-Tenor-1,0.6349401473999023,0.854470431804657,0.47205936908721924
EN-Tenor-1__vibrato__technique__Always_Remember_Us_This_Way__0009_v0,vibrato,0,EN-Tenor-1,0.6263248920440674,0.864494264125824,0.4874921441078186
EN-Tenor-1__vibrato__technique__Always_Remember_Us_This_Way__0009_v1,vibrato,1,EN-Tenor-1,0.5752169489860535,0.9217191934585571,0.48729825019836426
EN-Tenor-1__vibrato__technique__Always_Remember_Us_This_Way__0009_v2,vibrato,2,EN-Tenor-1,0.5723165273666382,0.9248605370521545,0.4482360780239105
EN-Tenor-1__vibrato__technique__Always_Remember_Us_This_Way__0010_v0,vibrato,0,EN-Tenor-1,0.7334657907485962,0.7301152944564819,0.33117422461509705
EN-Tenor-1__vibrato__technique__Always_Remember_Us_This_Way__0010_v1,vibrato,1,EN-Tenor-1,0.707672119140625,0.7646278738975525,0.3549610674381256
EN-Tenor-1__vibrato__technique__Always_Remember_Us_This_Way__0010_v2,vibrato,2,EN-Tenor-1,0.691405177116394,0.7856143116950989,0.3072657287120819
EN-Tenor-1__vibrato__technique__Always_Remember_Us_This_Way__0011_v0,vibrato,0,EN-Tenor-1,0.7596098780632019,0.6933832168579102,0.16007187962532043
EN-Tenor-1__vibrato__technique__Always_Remember_Us_This_Way__0011_v1,vibrato,1,EN-Tenor-1,0.7614433765411377,0.6907339096069336,0.1925869584083557
EN-Tenor-1__vibrato__technique__Always_Remember_Us_This_Way__0011_v2,vibrato,2,EN-Tenor-1,0.7412229776382446,0.7194123864173889,0.19949238002300262
EN-Tenor-1__vibrato__technique__Always_Remember_Us_This_Way__0012_v0,vibrato,0,EN-Tenor-1,0.7597112655639648,0.6932370662689209,0.35756397247314453
EN-Tenor-1__vibrato__technique__Always_Remember_Us_This_Way__0012_v1,vibrato,1,EN-Tenor-1,0.7423776388168335,0.7178055644035339,0.4080008566379547
EN-Tenor-1__vibrato__technique__Always_Remember_Us_This_Way__0012_v2,vibrato,2,EN-Tenor-1,0.7394616007804871,0.7218564748764038,0.3863458037376404
EN-Tenor-1__vibrato__technique__Always_Remember_Us_This_Way__0013_v0,vibrato,0,EN-Tenor-1,0.7690781950950623,0.6795908808708191,0.26664280891418457
EN-Tenor-1__vibrato__technique__Always_Remember_Us_This_Way__0013_v1,vibrato,1,EN-Tenor-1,0.7580694556236267,0.6956013441085815,0.2835223078727722
EN-Tenor-1__vibrato__technique__Always_Remember_Us_This_Way__0013_v2,vibrato,2,EN-Tenor-1,0.7178362607955933,0.7512173056602478,0.2606773376464844
EN-Tenor-1__vibrato__technique__Enchanted__0000_v0,vibrato,0,EN-Tenor-1,0.789447546005249,0.6489260792732239,0.4247550666332245
EN-Tenor-1__vibrato__technique__Enchanted__0000_v1,vibrato,1,EN-Tenor-1,0.7371156215667725,0.7250993847846985,0.47087758779525757
EN-Tenor-1__vibrato__technique__Enchanted__0000_v2,vibrato,2,EN-Tenor-1,0.7299466133117676,0.7349197864532471,0.41129568219184875
EN-Tenor-1__vibrato__technique__Enchanted__0001_v0,vibrato,0,EN-Tenor-1,0.7086090445518494,0.7634015083312988,0.2516818642616272
EN-Tenor-1__vibrato__technique__Enchanted__0001_v1,vibrato,1,EN-Tenor-1,0.6960785984992981,0.7796427011489868,0.3139230012893677
EN-Tenor-1__vibrato__technique__Enchanted__0001_v2,vibrato,2,EN-Tenor-1,0.6861693263053894,0.7922508716583252,0.31245699524879456
EN-Tenor-1__vibrato__technique__Enchanted__0002_v0,vibrato,0,EN-Tenor-1,0.7364096641540527,0.7260721921920776,0.4587116241455078
EN-Tenor-1__vibrato__technique__Enchanted__0002_v1,vibrato,1,EN-Tenor-1,0.6973061561584473,0.7780666947364807,0.48744407296180725
EN-Tenor-1__vibrato__technique__Enchanted__0002_v2,vibrato,2,EN-Tenor-1,0.6944571733474731,0.7817197442054749,0.4644729197025299
EN-Tenor-1__vibrato__technique__Enchanted__0003_v0,vibrato,0,EN-Tenor-1,0.7246967554092407,0.7420287132263184,0.08690902590751648
EN-Tenor-1__vibrato__technique__Enchanted__0003_v1,vibrato,1,EN-Tenor-1,0.7186481356620789,0.7501358985900879,0.21364662051200867
EN-Tenor-1__vibrato__technique__Enchanted__0003_v2,vibrato,2,EN-Tenor-1,0.7068604230880737,0.7656887769699097,0.1874430626630783
EN-Tenor-1__vibrato__technique__Enchanted__0004_v0,vibrato,0,EN-Tenor-1,0.7870774269104004,0.6525681614875793,0.3089126944541931
EN-Tenor-1__vibrato__technique__Enchanted__0004_v1,vibrato,1,EN-Tenor-1,0.7467941045761108,0.7116261720657349,0.3902375102043152
EN-Tenor-1__vibrato__technique__Enchanted__0004_v2,vibrato,2,EN-Tenor-1,0.7427133321762085,0.7173376679420471,0.37942370772361755
EN-Tenor-1__vibrato__technique__Enchanted__0005_v0,vibrato,0,EN-Tenor-1,0.7912386059761047,0.6461600661277771,0.09018882364034653
EN-Tenor-1__vibrato__technique__Enchanted__0005_v1,vibrato,1,EN-Tenor-1,0.7640174627304077,0.6869972944259644,0.24816225469112396
EN-Tenor-1__vibrato__technique__Enchanted__0005_v2,vibrato,2,EN-Tenor-1,0.7496672868728638,0.7075772285461426,0.2271556258201599
EN-Tenor-1__vibrato__technique__Enchanted__0006_v0,vibrato,0,EN-Tenor-1,0.7950993776321411,0.6401573419570923,0.2202141433954239
EN-Tenor-1__vibrato__technique__Enchanted__0006_v1,vibrato,1,EN-Tenor-1,0.7527094483375549,0.7032646536827087,0.24396060407161713
EN-Tenor-1__vibrato__technique__Enchanted__0006_v2,vibrato,2,EN-Tenor-1,0.751276969909668,0.705298662185669,0.23275873064994812
EN-Tenor-1__vibrato__technique__Enchanted__0007_v0,vibrato,0,EN-Tenor-1,0.7976734042167664,0.6361236572265625,0.1541132628917694
EN-Tenor-1__vibrato__technique__Enchanted__0007_v1,vibrato,1,EN-Tenor-1,0.7880265116691589,0.6511121988296509,0.19103290140628815
EN-Tenor-1__vibrato__technique__Enchanted__0007_v2,vibrato,2,EN-Tenor-1,0.7729202508926392,0.6739136576652527,0.20367325842380524
EN-Tenor-1__vibrato__technique__Enchanted__0008_v0,vibrato,0,EN-Tenor-1,0.8025448322296143,0.6284189820289612,0.07468347996473312
EN-Tenor-1__vibrato__technique__Enchanted__0008_v1,vibrato,1,EN-Tenor-1,0.794559121131897,0.6410007476806641,0.1617344319820404
EN-Tenor-1__vibrato__technique__Enchanted__0008_v2,vibrato,2,EN-Tenor-1,0.7858332991600037,0.6544719934463501,0.1489173024892807
EN-Tenor-1__vibrato__technique__I_Knew_You_Were_Trouble__0000_v0,vibrato,0,EN-Tenor-1,0.6149642467498779,0.8775372505187988,0.342440664768219
EN-Tenor-1__vibrato__technique__I_Knew_You_Were_Trouble__0000_v1,vibrato,1,EN-Tenor-1,0.5791735649108887,0.9174165725708008,0.43176552653312683
EN-Tenor-1__vibrato__technique__I_Knew_You_Were_Trouble__0000_v2,vibrato,2,EN-Tenor-1,0.5618965029716492,0.9360593557357788,0.4279056787490845
EN-Tenor-1__vibrato__technique__I_Knew_You_Were_Trouble__0001_v0,vibrato,0,EN-Tenor-1,0.769301176071167,0.6792625784873962,0.3630529046058655
EN-Tenor-1__vibrato__technique__I_Knew_You_Were_Trouble__0001_v1,vibrato,1,EN-Tenor-1,0.7241042256355286,0.7428267598152161,0.40496325492858887
EN-Tenor-1__vibrato__technique__I_Knew_You_Were_Trouble__0001_v2,vibrato,2,EN-Tenor-1,0.7015928030014038,0.7725377082824707,0.37761372327804565
EN-Tenor-1__vibrato__technique__I_Knew_You_Were_Trouble__0002_v0,vibrato,0,EN-Tenor-1,0.7199336290359497,0.748420238494873,0.3807702660560608
EN-Tenor-1__vibrato__technique__I_Knew_You_Were_Trouble__0002_v1,vibrato,1,EN-Tenor-1,0.6817519068717957,0.7978071570396423,0.4550943374633789
EN-Tenor-1__vibrato__technique__I_Knew_You_Were_Trouble__0002_v2,vibrato,2,EN-Tenor-1,0.6950945258140564,0.7809039950370789,0.4467989206314087
EN-Tenor-1__vibrato__technique__I_Knew_You_Were_Trouble__0003_v0,vibrato,0,EN-Tenor-1,0.7198824882507324,0.7484885454177856,0.42511269450187683
EN-Tenor-1__vibrato__technique__I_Knew_You_Were_Trouble__0003_v1,vibrato,1,EN-Tenor-1,0.6853259205818176,0.7933146953582764,0.45928624272346497
EN-Tenor-1__vibrato__technique__I_Knew_You_Were_Trouble__0003_v2,vibrato,2,EN-Tenor-1,0.6763216257095337,0.8045849204063416,0.428221732378006
EN-Tenor-1__vibrato__technique__I_Knew_You_Were_Trouble__0004_v0,vibrato,0,EN-Tenor-1,0.7624794840812683,0.6892321705818176,0.34327131509780884
EN-Tenor-1__vibrato__technique__I_Knew_You_Were_Trouble__0004_v1,vibrato,1,EN-Tenor-1,0.728765070438385,0.7365255951881409,0.37612801790237427
EN-Tenor-1__vibrato__technique__I_Knew_You_Were_Trouble__0004_v2,vibrato,2,EN-Tenor-1,0.7212260365486145,0.7466914057731628,0.3481464982032776
EN-Tenor-1__vibrato__technique__I_Knew_You_Were_Trouble__0005_v0,vibrato,0,EN-Tenor-1,0.7419983744621277,0.7183337807655334,0.31269460916519165
EN-Tenor-1__vibrato__technique__I_Knew_You_Were_Trouble__0005_v1,vibrato,1,EN-Tenor-1,0.720873236656189,0.7471638321876526,0.36082977056503296
EN-Tenor-1__vibrato__technique__I_Knew_You_Were_Trouble__0005_v2,vibrato,2,EN-Tenor-1,0.6983401775360107,0.7767366170883179,0.3344739079475403
EN-Tenor-1__vibrato__technique__I_Knew_You_Were_Trouble__0006_v0,vibrato,0,EN-Tenor-1,0.7406539916992188,0.7202028632164001,0.39038920402526855
EN-Tenor-1__vibrato__technique__I_Knew_You_Were_Trouble__0006_v1,vibrato,1,EN-Tenor-1,0.7205394506454468,0.7476102709770203,0.44560369849205017
EN-Tenor-1__vibrato__technique__I_Knew_You_Were_Trouble__0006_v2,vibrato,2,EN-Tenor-1,0.6851980090141296,0.7934759855270386,0.460236519575119
EN-Tenor-1__vibrato__technique__I_Knew_You_Were_Trouble__0007_v0,vibrato,0,EN-Tenor-1,0.6724014282226562,0.8094425797462463,0.47194403409957886
EN-Tenor-1__vibrato__technique__I_Knew_You_Were_Trouble__0007_v1,vibrato,1,EN-Tenor-1,0.6423183083534241,0.8457915782928467,0.48188909888267517
EN-Tenor-1__vibrato__technique__I_Knew_You_Were_Trouble__0007_v2,vibrato,2,EN-Tenor-1,0.6130030155181885,0.8797693848609924,0.4761526584625244
EN-Tenor-1__vibrato__technique__I_Knew_You_Were_Trouble__0008_v0,vibrato,0,EN-Tenor-1,0.72185218334198,0.7458523511886597,0.3760133683681488
EN-Tenor-1__vibrato__technique__I_Knew_You_Were_Trouble__0008_v1,vibrato,1,EN-Tenor-1,0.6978939771652222,0.7773107886314392,0.4526723325252533
EN-Tenor-1__vibrato__technique__I_Knew_You_Were_Trouble__0008_v2,vibrato,2,EN-Tenor-1,0.6848816275596619,0.7938745021820068,0.418949693441391
EN-Tenor-1__vibrato__technique__I_Knew_You_Were_Trouble__0009_v0,vibrato,0,EN-Tenor-1,0.6823222041130066,0.7970920205116272,0.28310003876686096
EN-Tenor-1__vibrato__technique__I_Knew_You_Were_Trouble__0009_v1,vibrato,1,EN-Tenor-1,0.6331534385681152,0.8565590381622314,0.3588047921657562
EN-Tenor-1__vibrato__technique__I_Knew_You_Were_Trouble__0009_v2,vibrato,2,EN-Tenor-1,0.6249639987945557,0.8660670518875122,0.32860440015792847
EN-Tenor-1__vibrato__technique__I_Knew_You_Were_Trouble__0010_v0,vibrato,0,EN-Tenor-1,0.781971275806427,0.6603465676307678,0.3328835964202881
EN-Tenor-1__vibrato__technique__I_Knew_You_Were_Trouble__0010_v1,vibrato,1,EN-Tenor-1,0.748523473739624,0.7091919779777527,0.39922571182250977
EN-Tenor-1__vibrato__technique__I_Knew_You_Were_Trouble__0010_v2,vibrato,2,EN-Tenor-1,0.7378860116004944,0.7240360379219055,0.3796778917312622
EN-Tenor-1__vibrato__technique__Long_Live__0000_v0,vibrato,0,EN-Tenor-1,0.6628637909889221,0.8211409449577332,0.32697445154190063
EN-Tenor-1__vibrato__technique__Long_Live__0000_v1,vibrato,1,EN-Tenor-1,0.6054108738899231,0.8883570432662964,0.41663703322410583
EN-Tenor-1__vibrato__technique__Long_Live__0000_v2,vibrato,2,EN-Tenor-1,0.5722877383232117,0.9248916506767273,0.40220531821250916
EN-Tenor-1__vibrato__technique__Long_Live__0001_v0,vibrato,0,EN-Tenor-1,0.6654436588287354,0.8179932236671448,0.48661109805107117
EN-Tenor-1__vibrato__technique__Long_Live__0001_v1,vibrato,1,EN-Tenor-1,0.5976948738098145,0.8970006704330444,0.544026255607605
EN-Tenor-1__vibrato__technique__Long_Live__0001_v2,vibrato,2,EN-Tenor-1,0.5694570541381836,0.9279472231864929,0.519974946975708
EN-Tenor-1__vibrato__technique__Long_Live__0002_v0,vibrato,0,EN-Tenor-1,0.668939471244812,0.8137083053588867,0.26823732256889343
EN-Tenor-1__vibrato__technique__Long_Live__0002_v1,vibrato,1,EN-Tenor-1,0.6369760632514954,0.8520844578742981,0.3461809456348419
EN-Tenor-1__vibrato__technique__Long_Live__0002_v2,vibrato,2,EN-Tenor-1,0.6224468350410461,0.8689686059951782,0.30036690831184387
EN-Tenor-1__vibrato__technique__Long_Live__0003_v0,vibrato,0,EN-Tenor-1,0.6391125917434692,0.8495734333992004,0.4103837013244629
EN-Tenor-1__vibrato__technique__Long_Live__0003_v1,vibrato,1,EN-Tenor-1,0.6204640865325928,0.8712473511695862,0.4311681389808655
EN-Tenor-1__vibrato__technique__Long_Live__0003_v2,vibrato,2,EN-Tenor-1,0.6038298010826111,0.8901351690292358,0.3907071650028229
EN-Tenor-1__vibrato__technique__Long_Live__0004_v0,vibrato,0,EN-Tenor-1,0.6407454609870911,0.847649097442627,0.3001226484775543
EN-Tenor-1__vibrato__technique__Long_Live__0004_v1,vibrato,1,EN-Tenor-1,0.6078400611877441,0.8856183290481567,0.3929351568222046
EN-Tenor-1__vibrato__technique__Long_Live__0004_v2,vibrato,2,EN-Tenor-1,0.6021025776863098,0.8920733332633972,0.37127581238746643
EN-Tenor-1__vibrato__technique__Long_Live__0005_v0,vibrato,0,EN-Tenor-1,0.7481769919395447,0.7096803784370422,0.24023738503456116
EN-Tenor-1__vibrato__technique__Long_Live__0005_v1,vibrato,1,EN-Tenor-1,0.7120952606201172,0.7588211297988892,0.32579606771469116
EN-Tenor-1__vibrato__technique__Long_Live__0005_v2,vibrato,2,EN-Tenor-1,0.6796908974647522,0.800386369228363,0.29124003648757935
EN-Tenor-1__vibrato__technique__Long_Live__0006_v0,vibrato,0,EN-Tenor-1,0.6856969594955444,0.7928469181060791,0.4649750292301178
EN-Tenor-1__vibrato__technique__Long_Live__0006_v1,vibrato,1,EN-Tenor-1,0.6490954756736755,0.8377405405044556,0.5079813003540039
EN-Tenor-1__vibrato__technique__Long_Live__0006_v2,vibrato,2,EN-Tenor-1,0.6240450739860535,0.8671274185180664,0.49545255303382874
EN-Tenor-1__vibrato__technique__Long_Live__0007_v0,vibrato,0,EN-Tenor-1,0.6512072682380676,0.8352158069610596,0.3730520009994507
EN-Tenor-1__vibrato__technique__Long_Live__0007_v1,vibrato,1,EN-Tenor-1,0.6055242419242859,0.888229489326477,0.3651359975337982
EN-Tenor-1__vibrato__technique__Long_Live__0007_v2,vibrato,2,EN-Tenor-1,0.5804517269134521,0.9160221815109253,0.34243249893188477
EN-Tenor-1__vibrato__technique__Long_Live__0008_v0,vibrato,0,EN-Tenor-1,0.6689884066581726,0.8136480450630188,0.3646475374698639
EN-Tenor-1__vibrato__technique__Long_Live__0008_v1,vibrato,1,EN-Tenor-1,0.6230167150497437,0.8683125376701355,0.43092629313468933
EN-Tenor-1__vibrato__technique__Long_Live__0008_v2,vibrato,2,EN-Tenor-1,0.6141850352287292,0.8784247636795044,0.41408446431159973
EN-Tenor-1__vibrato__technique__Long_Live__0009_v0,vibrato,0,EN-Tenor-1,0.6700333952903748,0.812362790107727,0.3727986514568329
EN-Tenor-1__vibrato__technique__Long_Live__0009_v1,vibrato,1,EN-Tenor-1,0.6353901624679565,0.8539436459541321,0.4112056493759155
EN-Tenor-1__vibrato__technique__Long_Live__0009_v2,vibrato,2,EN-Tenor-1,0.6109548807144165,0.8820943236351013,0.36702069640159607
EN-Tenor-1__vibrato__technique__Long_Live__0010_v0,vibrato,0,EN-Tenor-1,0.7244470715522766,0.7423651814460754,0.4592377543449402
EN-Tenor-1__vibrato__technique__Long_Live__0010_v1,vibrato,1,EN-Tenor-1,0.6952331066131592,0.7807264924049377,0.46087974309921265
EN-Tenor-1__vibrato__technique__Long_Live__0010_v2,vibrato,2,EN-Tenor-1,0.6849713325500488,0.793761670589447,0.4245547652244568
EN-Tenor-1__vibrato__technique__Million_Reasons__0000_v0,vibrato,0,EN-Tenor-1,0.73032546043396,0.7344039678573608,0.24039308726787567
EN-Tenor-1__vibrato__technique__Million_Reasons__0000_v1,vibrato,1,EN-Tenor-1,0.7243999242782593,0.7424286603927612,0.33053362369537354
EN-Tenor-1__vibrato__technique__Million_Reasons__0000_v2,vibrato,2,EN-Tenor-1,0.7216634154319763,0.7461053133010864,0.33724871277809143
EN-Tenor-1__vibrato__technique__Million_Reasons__0001_v0,vibrato,0,EN-Tenor-1,0.7061651945114136,0.7665961384773254,0.1140776202082634
EN-Tenor-1__vibrato__technique__Million_Reasons__0001_v1,vibrato,1,EN-Tenor-1,0.7196512222290039,0.7487974762916565,0.12278042733669281
EN-Tenor-1__vibrato__technique__Million_Reasons__0001_v2,vibrato,2,EN-Tenor-1,0.7079095840454102,0.7643173336982727,0.13181231915950775
EN-Tenor-1__vibrato__technique__Million_Reasons__0002_v0,vibrato,0,EN-Tenor-1,0.7538914680480957,0.7015819549560547,0.1635919064283371
EN-Tenor-1__vibrato__technique__Million_Reasons__0002_v1,vibrato,1,EN-Tenor-1,0.7235883474349976,0.7435210347175598,0.20669123530387878
EN-Tenor-1__vibrato__technique__Million_Reasons__0002_v2,vibrato,2,EN-Tenor-1,0.7087721824645996,0.7631879448890686,0.195038840174675
EN-Tenor-1__vibrato__technique__Million_Reasons__0003_v0,vibrato,0,EN-Tenor-1,0.6498823761940002,0.8368006944656372,0.09885701537132263
EN-Tenor-1__vibrato__technique__Million_Reasons__0003_v1,vibrato,1,EN-Tenor-1,0.6441259980201721,0.8436517119407654,0.12470850348472595
EN-Tenor-1__vibrato__technique__Million_Reasons__0003_v2,vibrato,2,EN-Tenor-1,0.6418156623840332,0.8463857173919678,0.12440671771764755
EN-Tenor-1__vibrato__technique__Million_Reasons__0004_v0,vibrato,0,EN-Tenor-1,0.765655517578125,0.6846088171005249,0.38907790184020996
EN-Tenor-1__vibrato__technique__Million_Reasons__0004_v1,vibrato,1,EN-Tenor-1,0.74421226978302,0.7152451872825623,0.4409430921077728
EN-Tenor-1__vibrato__technique__Million_Reasons__0004_v2,vibrato,2,EN-Tenor-1,0.7336215972900391,0.7299020886421204,0.43346530199050903
EN-Tenor-1__vibrato__technique__Million_Reasons__0005_v0,vibrato,0,EN-Tenor-1,0.7682759165763855,0.6807702779769897,0.3916424512863159
EN-Tenor-1__vibrato__technique__Million_Reasons__0005_v1,vibrato,1,EN-Tenor-1,0.7446060180664062,0.7146943807601929,0.4164609909057617
EN-Tenor-1__vibrato__technique__Million_Reasons__0005_v2,vibrato,2,EN-Tenor-1,0.7270879149436951,0.7387991547584534,0.4172280728816986
EN-Tenor-1__vibrato__technique__Million_Reasons__0006_v0,vibrato,0,EN-Tenor-1,0.7517848014831543,0.7045782804489136,0.2843618094921112
EN-Tenor-1__vibrato__technique__Million_Reasons__0006_v1,vibrato,1,EN-Tenor-1,0.6978417634963989,0.7773780226707458,0.342914342880249
EN-Tenor-1__vibrato__technique__Million_Reasons__0006_v2,vibrato,2,EN-Tenor-1,0.6637879610061646,0.8200147151947021,0.3085786700248718
EN-Tenor-1__vibrato__technique__Million_Reasons__0007_v0,vibrato,0,EN-Tenor-1,0.7648041248321533,0.6858512163162231,0.21285377442836761
EN-Tenor-1__vibrato__technique__Million_Reasons__0007_v1,vibrato,1,EN-Tenor-1,0.7506796717643738,0.7061450481414795,0.25440630316734314
EN-Tenor-1__vibrato__technique__Million_Reasons__0007_v2,vibrato,2,EN-Tenor-1,0.7422221899032593,0.7180221080780029,0.21901069581508636
EN-Tenor-1__vibrato__technique__Million_Reasons__0008_v0,vibrato,0,EN-Tenor-1,0.7590457201004028,0.6941964030265808,0.2842860817909241
EN-Tenor-1__vibrato__technique__Million_Reasons__0008_v1,vibrato,1,EN-Tenor-1,0.6941636204719543,0.7820951342582703,0.37529513239860535
EN-Tenor-1__vibrato__technique__Million_Reasons__0008_v2,vibrato,2,EN-Tenor-1,0.6666862368583679,0.8164727091789246,0.3427031934261322
EN-Tenor-1__vibrato__technique__Rolling_in_the_Deep__0000_v0,vibrato,0,EN-Tenor-1,0.7359470129013062,0.7267090678215027,0.24932019412517548
EN-Tenor-1__vibrato__technique__Rolling_in_the_Deep__0000_v1,vibrato,1,EN-Tenor-1,0.7155497074127197,0.7542549967765808,0.2645799219608307
EN-Tenor-1__vibrato__technique__Rolling_in_the_Deep__0000_v2,vibrato,2,EN-Tenor-1,0.6746596097946167,0.8066478967666626,0.22942890226840973
EN-Tenor-1__vibrato__technique__Rolling_in_the_Deep__0001_v0,vibrato,0,EN-Tenor-1,0.7840859889984131,0.6571363210678101,0.2774333357810974
EN-Tenor-1__vibrato__technique__Rolling_in_the_Deep__0001_v1,vibrato,1,EN-Tenor-1,0.7568318843841553,0.6973780989646912,0.3060224652290344
EN-Tenor-1__vibrato__technique__Rolling_in_the_Deep__0001_v2,vibrato,2,EN-Tenor-1,0.7505967020988464,0.706262469291687,0.27067646384239197
EN-Tenor-1__vibrato__technique__Rolling_in_the_Deep__0002_v0,vibrato,0,EN-Tenor-1,0.7360059022903442,0.7266279458999634,0.26781609654426575
EN-Tenor-1__vibrato__technique__Rolling_in_the_Deep__0002_v1,vibrato,1,EN-Tenor-1,0.6778883337974548,0.8026353120803833,0.346271812915802
EN-Tenor-1__vibrato__technique__Rolling_in_the_Deep__0002_v2,vibrato,2,EN-Tenor-1,0.6758614182472229,0.8051566481590271,0.27838245034217834
EN-Tenor-1__vibrato__technique__Rolling_in_the_Deep__0003_v0,vibrato,0,EN-Tenor-1,0.759672999382019,0.6932922601699829,0.1249479427933693
EN-Tenor-1__vibrato__technique__Rolling_in_the_Deep__0003_v1,vibrato,1,EN-Tenor-1,0.7566249370574951,0.6976748108863831,0.17333315312862396
EN-Tenor-1__vibrato__technique__Rolling_in_the_Deep__0003_v2,vibrato,2,EN-Tenor-1,0.7382662892341614,0.7235105037689209,0.1811140775680542
EN-Tenor-1__vibrato__technique__Rolling_in_the_Deep__0004_v0,vibrato,0,EN-Tenor-1,0.728920578956604,0.7363144159317017,0.2711929976940155
EN-Tenor-1__vibrato__technique__Rolling_in_the_Deep__0004_v1,vibrato,1,EN-Tenor-1,0.7244430780410767,0.7423704862594604,0.2669287323951721
EN-Tenor-1__vibrato__technique__Rolling_in_the_Deep__0004_v2,vibrato,2,EN-Tenor-1,0.7070276737213135,0.7654702663421631,0.2793757915496826
EN-Tenor-1__vibrato__technique__Rolling_in_the_Deep__0005_v0,vibrato,0,EN-Tenor-1,0.7404781579971313,0.7204468846321106,0.3578484058380127
EN-Tenor-1__vibrato__technique__Rolling_in_the_Deep__0005_v1,vibrato,1,EN-Tenor-1,0.725649356842041,0.7407437562942505,0.34537848830223083
EN-Tenor-1__vibrato__technique__Rolling_in_the_Deep__0005_v2,vibrato,2,EN-Tenor-1,0.7362831830978394,0.7262463569641113,0.3238550126552582
EN-Tenor-1__vibrato__technique__Rolling_in_the_Deep__0006_v0,vibrato,0,EN-Tenor-1,0.7701689600944519,0.6779839992523193,0.44702455401420593
EN-Tenor-1__vibrato__technique__Rolling_in_the_Deep__0006_v1,vibrato,1,EN-Tenor-1,0.756069540977478,0.698470413684845,0.4414288401603699
EN-Tenor-1__vibrato__technique__Rolling_in_the_Deep__0006_v2,vibrato,2,EN-Tenor-1,0.7384126782417297,0.7233082056045532,0.41369035840034485
EN-Tenor-1__vibrato__technique__Rolling_in_the_Deep__0007_v0,vibrato,0,EN-Tenor-1,0.7216600775718689,0.7461099028587341,0.3728961944580078
EN-Tenor-1__vibrato__technique__Rolling_in_the_Deep__0007_v1,vibrato,1,EN-Tenor-1,0.70900559425354,0.7628819942474365,0.4169009029865265
EN-Tenor-1__vibrato__technique__Rolling_in_the_Deep__0007_v2,vibrato,2,EN-Tenor-1,0.7247470021247864,0.7419610619544983,0.3702958822250366
EN-Tenor-1__vibrato__technique__Shallow__0000_v0,vibrato,0,EN-Tenor-1,0.7244968414306641,0.7422980666160583,0.5019669532775879
EN-Tenor-1__vibrato__technique__Shallow__0000_v1,vibrato,1,EN-Tenor-1,0.6775895953178406,0.8030074834823608,0.5111364126205444
EN-Tenor-1__vibrato__technique__Shallow__0000_v2,vibrato,2,EN-Tenor-1,0.6585867404937744,0.826333224773407,0.47276827692985535
EN-Tenor-1__vibrato__technique__Shallow__0001_v0,vibrato,0,EN-Tenor-1,0.8267567157745361,0.5886311531066895,0.4057489037513733
EN-Tenor-1__vibrato__technique__Shallow__0001_v1,vibrato,1,EN-Tenor-1,0.7778988480567932,0.666485071182251,0.420489639043808
EN-Tenor-1__vibrato__technique__Shallow__0001_v2,vibrato,2,EN-Tenor-1,0.769481360912323,0.6789974570274353,0.35926946997642517
EN-Tenor-1__vibrato__technique__Shallow__0002_v0,vibrato,0,EN-Tenor-1,0.7316314578056335,0.7326235771179199,0.40950074791908264
EN-Tenor-1__vibrato__technique__Shallow__0002_v1,vibrato,1,EN-Tenor-1,0.6794290542602539,0.8007134199142456,0.43450266122817993
EN-Tenor-1__vibrato__technique__Shallow__0002_v2,vibrato,2,EN-Tenor-1,0.6623385548591614,0.8217803239822388,0.4059964716434479
EN-Tenor-1__vibrato__technique__Shallow__0003_v0,vibrato,0,EN-Tenor-1,0.7341195940971375,0.729219377040863,0.43033623695373535
EN-Tenor-1__vibrato__technique__Shallow__0003_v1,vibrato,1,EN-Tenor-1,0.6952402591705322,0.7807173728942871,0.47860831022262573
EN-Tenor-1__vibrato__technique__Shallow__0003_v2,vibrato,2,EN-Tenor-1,0.6782544851303101,0.8021789193153381,0.4387715458869934
EN-Tenor-1__vibrato__technique__Shallow__0004_v0,vibrato,0,EN-Tenor-1,0.7059372067451477,0.7668935656547546,0.4009471833705902
EN-Tenor-1__vibrato__technique__Shallow__0004_v1,vibrato,1,EN-Tenor-1,0.6434008479118347,0.8445107340812683,0.45115652680397034
EN-Tenor-1__vibrato__technique__Shallow__0004_v2,vibrato,2,EN-Tenor-1,0.6378036737442017,0.8511125445365906,0.40545108914375305
EN-Tenor-1__vibrato__technique__Shallow__0005_v0,vibrato,0,EN-Tenor-1,0.7871926426887512,0.6523917317390442,0.3414252996444702
EN-Tenor-1__vibrato__technique__Shallow__0005_v1,vibrato,1,EN-Tenor-1,0.7681493759155273,0.6809561848640442,0.38485318422317505
EN-Tenor-1__vibrato__technique__Shallow__0005_v2,vibrato,2,EN-Tenor-1,0.7612208127975464,0.6910560727119446,0.35965272784233093
EN-Tenor-1__vibrato__technique__Shallow__0006_v0,vibrato,0,EN-Tenor-1,0.7303889989852905,0.734317421913147,0.34042516350746155
EN-Tenor-1__vibrato__technique__Shallow__0006_v1,vibrato,1,EN-Tenor-1,0.6774771213531494,0.8031474351882935,0.3632015287876129
EN-Tenor-1__vibrato__technique__Shallow__0006_v2,vibrato,2,EN-Tenor-1,0.6598947048187256,0.8247488737106323,0.35076048970222473
EN-Tenor-1__vibrato__technique__Someone_Like_You__0000_v0,vibrato,0,EN-Tenor-1,0.7259556651115417,0.740330159664154,0.40641114115715027
EN-Tenor-1__vibrato__technique__Someone_Like_You__0000_v1,vibrato,1,EN-Tenor-1,0.6916974782943726,0.7852420806884766,0.41687092185020447
EN-Tenor-1__vibrato__technique__Someone_Like_You__0000_v2,vibrato,2,EN-Tenor-1,0.6949188709259033,0.7811288833618164,0.3666937053203583
EN-Tenor-1__vibrato__technique__Someone_Like_You__0001_v0,vibrato,0,EN-Tenor-1,0.6560697555541992,0.8293737173080444,0.5586526989936829
EN-Tenor-1__vibrato__technique__Someone_Like_You__0001_v1,vibrato,1,EN-Tenor-1,0.6286232471466064,0.861831545829773,0.5875586271286011
EN-Tenor-1__vibrato__technique__Someone_Like_You__0001_v2,vibrato,2,EN-Tenor-1,0.6134458184242249,0.8792659640312195,0.5617736577987671
EN-Tenor-1__vibrato__technique__Someone_Like_You__0002_v0,vibrato,0,EN-Tenor-1,0.8137311935424805,0.6103585362434387,0.2956969738006592
EN-Tenor-1__vibrato__technique__Someone_Like_You__0002_v1,vibrato,1,EN-Tenor-1,0.7915139198303223,0.6457338333129883,0.33462652564048767
EN-Tenor-1__vibrato__technique__Someone_Like_You__0002_v2,vibrato,2,EN-Tenor-1,0.7793039083480835,0.6643734574317932,0.2827033996582031
EN-Tenor-1__vibrato__technique__Someone_Like_You__0003_v0,vibrato,0,EN-Tenor-1,0.6755404472351074,0.8055552244186401,0.2782343029975891
EN-Tenor-1__vibrato__technique__Someone_Like_You__0003_v1,vibrato,1,EN-Tenor-1,0.6659196019172668,0.8174110054969788,0.29955995082855225
EN-Tenor-1__vibrato__technique__Someone_Like_You__0003_v2,vibrato,2,EN-Tenor-1,0.6719492077827454,0.8100010752677917,0.29626864194869995
EN-Tenor-1__vibrato__technique__Someone_Like_You__0004_v0,vibrato,0,EN-Tenor-1,0.821326494216919,0.5977852940559387,0.21783678233623505
EN-Tenor-1__vibrato__technique__Someone_Like_You__0004_v1,vibrato,1,EN-Tenor-1,0.8174209594726562,0.6042832136154175,0.3112006187438965
EN-Tenor-1__vibrato__technique__Someone_Like_You__0004_v2,vibrato,2,EN-Tenor-1,0.7929955720901489,0.6434353590011597,0.2657392919063568
EN-Tenor-1__vibrato__technique__Someone_Like_You__0005_v0,vibrato,0,EN-Tenor-1,0.5909850001335144,0.9044501781463623,0.11584445089101791
EN-Tenor-1__vibrato__technique__Someone_Like_You__0005_v1,vibrato,1,EN-Tenor-1,0.6004087924957275,0.8939700722694397,0.21042877435684204
EN-Tenor-1__vibrato__technique__Someone_Like_You__0005_v2,vibrato,2,EN-Tenor-1,0.5784912109375,0.9181599020957947,0.24172499775886536
EN-Tenor-1__vibrato__technique__Someone_Like_You__0006_v0,vibrato,0,EN-Tenor-1,0.6822845935821533,0.7971391677856445,0.24146799743175507
EN-Tenor-1__vibrato__technique__Someone_Like_You__0006_v1,vibrato,1,EN-Tenor-1,0.689900279045105,0.7875275611877441,0.3053901791572571
EN-Tenor-1__vibrato__technique__Someone_Like_You__0006_v2,vibrato,2,EN-Tenor-1,0.6764112710952759,0.8044734001159668,0.27543771266937256
EN-Tenor-1__vibrato__technique__Someone_Like_You__0007_v0,vibrato,0,EN-Tenor-1,0.7341333627700806,0.7292004823684692,0.1455817073583603
EN-Tenor-1__vibrato__technique__Someone_Like_You__0007_v1,vibrato,1,EN-Tenor-1,0.7119135856628418,0.7590604424476624,0.28134670853614807
EN-Tenor-1__vibrato__technique__Someone_Like_You__0007_v2,vibrato,2,EN-Tenor-1,0.6783490777015686,0.8020609617233276,0.27668675780296326
EN-Tenor-1__vibrato__technique__Stay__0000_v0,vibrato,0,EN-Tenor-1,0.7984613180160522,0.6348838210105896,0.17210568487644196
EN-Tenor-1__vibrato__technique__Stay__0000_v1,vibrato,1,EN-Tenor-1,0.7553099393844604,0.6995571255683899,0.19167688488960266
EN-Tenor-1__vibrato__technique__Stay__0000_v2,vibrato,2,EN-Tenor-1,0.7560904026031494,0.698440670967102,0.15518036484718323
EN-Tenor-1__vibrato__technique__Stay__0001_v0,vibrato,0,EN-Tenor-1,0.621781587600708,0.8697338104248047,0.3684665560722351
EN-Tenor-1__vibrato__technique__Stay__0001_v1,vibrato,1,EN-Tenor-1,0.5518807768821716,0.946698784828186,0.38320496678352356
EN-Tenor-1__vibrato__technique__Stay__0001_v2,vibrato,2,EN-Tenor-1,0.52684485912323,0.9727848768234253,0.3423585295677185
EN-Tenor-1__vibrato__technique__Stay__0002_v0,vibrato,0,EN-Tenor-1,0.6627247333526611,0.8213104009628296,0.3885820806026459
EN-Tenor-1__vibrato__technique__Stay__0002_v1,vibrato,1,EN-Tenor-1,0.6420446038246155,0.846115231513977,0.42772480845451355
EN-Tenor-1__vibrato__technique__Stay__0002_v2,vibrato,2,EN-Tenor-1,0.6260896921157837,0.8647662401199341,0.39457419514656067
EN-Tenor-1__vibrato__technique__Stay__0003_v0,vibrato,0,EN-Tenor-1,0.7651206254959106,0.685389518737793,0.2034890502691269
EN-Tenor-1__vibrato__technique__Stay__0003_v1,vibrato,1,EN-Tenor-1,0.7331714630126953,0.7305183410644531,0.30552032589912415
EN-Tenor-1__vibrato__technique__Stay__0003_v2,vibrato,2,EN-Tenor-1,0.6909715533256531,0.7861660122871399,0.2627418637275696
EN-Tenor-1__vibrato__technique__Stay__0004_v0,vibrato,0,EN-Tenor-1,0.7119321823120117,0.7590360641479492,0.3174571096897125
EN-Tenor-1__vibrato__technique__Stay__0004_v1,vibrato,1,EN-Tenor-1,0.665307343006134,0.8181597590446472,0.40632033348083496
EN-Tenor-1__vibrato__technique__Stay__0004_v2,vibrato,2,EN-Tenor-1,0.6686139106750488,0.8141082525253296,0.372986763715744
EN-Tenor-1__vibrato__technique__Stay__0005_v0,vibrato,0,EN-Tenor-1,0.7958464026451111,0.6389892101287842,0.40224289894104004
EN-Tenor-1__vibrato__technique__Stay__0005_v1,vibrato,1,EN-Tenor-1,0.7407158613204956,0.720116913318634,0.41744527220726013
EN-Tenor-1__vibrato__technique__Stay__0005_v2,vibrato,2,EN-Tenor-1,0.7184275388717651,0.7504299283027649,0.38532692193984985
EN-Tenor-1__vibrato__technique__Stay__0006_v0,vibrato,0,EN-Tenor-1,0.7856403589248657,0.6547667980194092,0.4168962240219116
EN-Tenor-1__vibrato__technique__Stay__0006_v1,vibrato,1,EN-Tenor-1,0.7636350393295288,0.6875536441802979,0.4301033020019531
EN-Tenor-1__vibrato__technique__Stay__0006_v2,vibrato,2,EN-Tenor-1,0.745460033416748,0.7134985327720642,0.4040946066379547
EN-Tenor-1__vibrato__technique__Stay__0007_v0,vibrato,0,EN-Tenor-1,0.7755487561225891,0.6700019240379333,0.24037839472293854
EN-Tenor-1__vibrato__technique__Stay__0007_v1,vibrato,1,EN-Tenor-1,0.7519550323486328,0.7043365240097046,0.34177252650260925
EN-Tenor-1__vibrato__technique__Stay__0007_v2,vibrato,2,EN-Tenor-1,0.749007523059845,0.7085090279579163,0.3070673942565918
EN-Tenor-1__vibrato__technique__Stay__0008_v0,vibrato,0,EN-Tenor-1,0.7466897368431091,0.7117729783058167,0.31909599900245667
EN-Tenor-1__vibrato__technique__Stay__0008_v1,vibrato,1,EN-Tenor-1,0.7138349413871765,0.7565250396728516,0.3925040066242218
EN-Tenor-1__vibrato__technique__Stay__0008_v2,vibrato,2,EN-Tenor-1,0.7177191376686096,0.7513734102249146,0.386821448802948
EN-Tenor-1__vibrato__technique__Stay__0009_v0,vibrato,0,EN-Tenor-1,0.7250579595565796,0.7415416836738586,0.36286211013793945
EN-Tenor-1__vibrato__technique__Stay__0009_v1,vibrato,1,EN-Tenor-1,0.680972695350647,0.7987831830978394,0.44652873277664185
EN-Tenor-1__vibrato__technique__Stay__0009_v2,vibrato,2,EN-Tenor-1,0.6591038107872009,0.8257071375846863,0.4070674479007721
EN-Tenor-1__vibrato__technique__Stay__0010_v0,vibrato,0,EN-Tenor-1,0.6166543960571289,0.8756090998649597,0.47193393111228943
EN-Tenor-1__vibrato__technique__Stay__0010_v1,vibrato,1,EN-Tenor-1,0.543051540851593,0.9559797048568726,0.5028051733970642
EN-Tenor-1__vibrato__technique__Stay__0010_v2,vibrato,2,EN-Tenor-1,0.5341137647628784,0.9652836322784424,0.47323110699653625
EN-Tenor-1__vibrato__technique__Stay__0011_v0,vibrato,0,EN-Tenor-1,0.6862634420394897,0.7921320796012878,0.23371680080890656
EN-Tenor-1__vibrato__technique__Stay__0011_v1,vibrato,1,EN-Tenor-1,0.6816151738166809,0.7979785799980164,0.277932345867157
EN-Tenor-1__vibrato__technique__Stay__0011_v2,vibrato,2,EN-Tenor-1,0.6753686666488647,0.8057684898376465,0.2568180561065674
EN-Tenor-1__vibrato__technique__Unconditionally__0000_v0,vibrato,0,EN-Tenor-1,0.7810205221176147,0.6617849469184875,0.3483518958091736
EN-Tenor-1__vibrato__technique__Unconditionally__0000_v1,vibrato,1,EN-Tenor-1,0.7740951776504517,0.672167956829071,0.357599139213562
EN-Tenor-1__vibrato__technique__Unconditionally__0000_v2,vibrato,2,EN-Tenor-1,0.7712488770484924,0.6763892769813538,0.313326895236969
EN-Tenor-1__vibrato__technique__Unconditionally__0001_v0,vibrato,0,EN-Tenor-1,0.7759671211242676,0.6693771481513977,0.3211589455604553
EN-Tenor-1__vibrato__technique__Unconditionally__0001_v1,vibrato,1,EN-Tenor-1,0.7765700817108154,0.6684756875038147,0.34731242060661316
EN-Tenor-1__vibrato__technique__Unconditionally__0001_v2,vibrato,2,EN-Tenor-1,0.7712146043777466,0.6764399409294128,0.31680095195770264
EN-Tenor-1__vibrato__technique__What_Was_I_Made_For´╝ƒ__0000_v0,vibrato,0,EN-Tenor-1,0.7136385440826416,0.7567846179008484,0.5584898591041565
EN-Tenor-1__vibrato__technique__What_Was_I_Made_For´╝ƒ__0000_v1,vibrato,1,EN-Tenor-1,0.6812987327575684,0.7983749508857727,0.580170750617981
EN-Tenor-1__vibrato__technique__What_Was_I_Made_For´╝ƒ__0000_v2,vibrato,2,EN-Tenor-1,0.6542481184005737,0.8315671682357788,0.5507670044898987
EN-Tenor-1__vibrato__technique__What_Was_I_Made_For´╝ƒ__0001_v0,vibrato,0,EN-Tenor-1,0.699257493019104,0.7755547165870667,0.5086108446121216
EN-Tenor-1__vibrato__technique__What_Was_I_Made_For´╝ƒ__0001_v1,vibrato,1,EN-Tenor-1,0.6818918585777283,0.7976317405700684,0.5137991905212402
EN-Tenor-1__vibrato__technique__What_Was_I_Made_For´╝ƒ__0001_v2,vibrato,2,EN-Tenor-1,0.6692202091217041,0.813363254070282,0.4831305742263794
EN-Tenor-1__vibrato__technique__What_Was_I_Made_For´╝ƒ__0002_v0,vibrato,0,EN-Tenor-1,0.7610939145088196,0.6912397146224976,0.2838258743286133
EN-Tenor-1__vibrato__technique__What_Was_I_Made_For´╝ƒ__0002_v1,vibrato,1,EN-Tenor-1,0.7416549921035767,0.7188116312026978,0.3193974196910858
EN-Tenor-1__vibrato__technique__What_Was_I_Made_For´╝ƒ__0002_v2,vibrato,2,EN-Tenor-1,0.7442203760147095,0.7152338027954102,0.29137104749679565
EN-Tenor-1__vibrato__technique__What_Was_I_Made_For´╝ƒ__0003_v0,vibrato,0,EN-Tenor-1,0.7893021106719971,0.6491501331329346,0.27046555280685425
EN-Tenor-1__vibrato__technique__What_Was_I_Made_For´╝ƒ__0003_v1,vibrato,1,EN-Tenor-1,0.7898193001747131,0.648352861404419,0.24772880971431732
EN-Tenor-1__vibrato__technique__What_Was_I_Made_For´╝ƒ__0003_v2,vibrato,2,EN-Tenor-1,0.777501106262207,0.6670816540718079,0.215631902217865
EN-Tenor-1__vibrato__technique__What_Was_I_Made_For´╝ƒ__0004_v0,vibrato,0,EN-Tenor-1,0.7322897911071777,0.7317243814468384,0.42703622579574585
EN-Tenor-1__vibrato__technique__What_Was_I_Made_For´╝ƒ__0004_v1,vibrato,1,EN-Tenor-1,0.6726256608963013,0.8091654777526855,0.41376787424087524
EN-Tenor-1__vibrato__technique__What_Was_I_Made_For´╝ƒ__0004_v2,vibrato,2,EN-Tenor-1,0.6816757917404175,0.7979026436805725,0.3798459470272064
EN-Tenor-1__vibrato__technique__What_Was_I_Made_For´╝ƒ__0005_v0,vibrato,0,EN-Tenor-1,0.8366197943687439,0.5716297030448914,0.11984226852655411
EN-Tenor-1__vibrato__technique__What_Was_I_Made_For´╝ƒ__0005_v1,vibrato,1,EN-Tenor-1,0.8301159739494324,0.5828964710235596,0.16194655001163483
EN-Tenor-1__vibrato__technique__What_Was_I_Made_For´╝ƒ__0005_v2,vibrato,2,EN-Tenor-1,0.8212615847587585,0.5978937745094299,0.12000135332345963
EN-Tenor-1__vibrato__technique__What_Was_I_Made_For´╝ƒ__0006_v0,vibrato,0,EN-Tenor-1,0.7568783760070801,0.6973114609718323,0.40842869877815247
EN-Tenor-1__vibrato__technique__What_Was_I_Made_For´╝ƒ__0006_v1,vibrato,1,EN-Tenor-1,0.7351359128952026,0.7278243899345398,0.36643868684768677
EN-Tenor-1__vibrato__technique__What_Was_I_Made_For´╝ƒ__0006_v2,vibrato,2,EN-Tenor-1,0.7265098690986633,0.739581286907196,0.34500956535339355
EN-Tenor-1__vibrato__technique__What_Was_I_Made_For´╝ƒ__0007_v0,vibrato,0,EN-Tenor-1,0.7334055304527283,0.7301979064941406,0.2701979875564575
EN-Tenor-1__vibrato__technique__What_Was_I_Made_For´╝ƒ__0007_v1,vibrato,1,EN-Tenor-1,0.714813232421875,0.7552308440208435,0.30187809467315674
EN-Tenor-1__vibrato__technique__What_Was_I_Made_For´╝ƒ__0007_v2,vibrato,2,EN-Tenor-1,0.7076201438903809,0.7646958827972412,0.24819053709506989
EN-Tenor-1__vibrato__technique__What_Was_I_Made_For´╝ƒ__0008_v0,vibrato,0,EN-Tenor-1,0.7387641072273254,0.7228220105171204,0.434170663356781
EN-Tenor-1__vibrato__technique__What_Was_I_Made_For´╝ƒ__0008_v1,vibrato,1,EN-Tenor-1,0.6980974078178406,0.7770490646362305,0.44580140709877014
EN-Tenor-1__vibrato__technique__What_Was_I_Made_For´╝ƒ__0008_v2,vibrato,2,EN-Tenor-1,0.678547203540802,0.8018139600753784,0.40056270360946655
EN-Tenor-1__vibrato__technique__What_Was_I_Made_For´╝ƒ__0009_v0,vibrato,0,EN-Tenor-1,0.7825881838798523,0.6594115495681763,0.3569987118244171
EN-Tenor-1__vibrato__technique__What_Was_I_Made_For´╝ƒ__0009_v1,vibrato,1,EN-Tenor-1,0.7389106154441833,0.722619354724884,0.37954989075660706
EN-Tenor-1__vibrato__technique__What_Was_I_Made_For´╝ƒ__0009_v2,vibrato,2,EN-Tenor-1,0.7175061106681824,0.751656711101532,0.33443349599838257
EN-Tenor-1__vibrato__technique__What_Was_I_Made_For´╝ƒ__0010_v0,vibrato,0,EN-Tenor-1,0.7101885080337524,0.7613298892974854,0.5472766160964966
EN-Tenor-1__vibrato__technique__What_Was_I_Made_For´╝ƒ__0010_v1,vibrato,1,EN-Tenor-1,0.6707966327667236,0.8114228248596191,0.5744903683662415
EN-Tenor-1__vibrato__technique__What_Was_I_Made_For´╝ƒ__0010_v2,vibrato,2,EN-Tenor-1,0.6474213004112244,0.8397366404533386,0.5657515525817871
EN-Tenor-1__vibrato__technique__What_Was_I_Made_For´╝ƒ__0011_v0,vibrato,0,EN-Tenor-1,0.6837674975395203,0.7952767610549927,0.5472872257232666
EN-Tenor-1__vibrato__technique__What_Was_I_Made_For´╝ƒ__0011_v1,vibrato,1,EN-Tenor-1,0.6495546102523804,0.8371922969818115,0.5423834323883057
EN-Tenor-1__vibrato__technique__What_Was_I_Made_For´╝ƒ__0011_v2,vibrato,2,EN-Tenor-1,0.6269383430480957,0.8637843132019043,0.5016711950302124
EN-Tenor-1__vibrato__technique__What_Was_I_Made_For´╝ƒ__0012_v0,vibrato,0,EN-Tenor-1,0.7774515151977539,0.6671558022499084,0.41957560181617737
EN-Tenor-1__vibrato__technique__What_Was_I_Made_For´╝ƒ__0012_v1,vibrato,1,EN-Tenor-1,0.7260331511497498,0.7402254343032837,0.36540648341178894
EN-Tenor-1__vibrato__technique__What_Was_I_Made_For´╝ƒ__0012_v2,vibrato,2,EN-Tenor-1,0.7224289178848267,0.7450786828994751,0.3086046576499939
EN-Tenor-1__vibrato__technique__You_Belong_With_Me__0000_v0,vibrato,0,EN-Tenor-1,0.6554309129714966,0.8301435112953186,0.34026429057121277
EN-Tenor-1__vibrato__technique__You_Belong_With_Me__0000_v1,vibrato,1,EN-Tenor-1,0.6127389669418335,0.8800694346427917,0.4319024384021759
EN-Tenor-1__vibrato__technique__You_Belong_With_Me__0000_v2,vibrato,2,EN-Tenor-1,0.5958688855171204,0.8990340828895569,0.4207726716995239
EN-Tenor-1__vibrato__technique__You_Belong_With_Me__0001_v0,vibrato,0,EN-Tenor-1,0.6784017086029053,0.8019955158233643,0.40668997168540955
EN-Tenor-1__vibrato__technique__You_Belong_With_Me__0001_v1,vibrato,1,EN-Tenor-1,0.6298155784606934,0.8604469299316406,0.42466333508491516
EN-Tenor-1__vibrato__technique__You_Belong_With_Me__0001_v2,vibrato,2,EN-Tenor-1,0.6318555474281311,0.8580728769302368,0.4160999655723572
EN-Tenor-1__vibrato__technique__You_Belong_With_Me__0002_v0,vibrato,0,EN-Tenor-1,0.6681298017501831,0.8147026300430298,0.25270703434944153
EN-Tenor-1__vibrato__technique__You_Belong_With_Me__0002_v1,vibrato,1,EN-Tenor-1,0.6405850052833557,0.8478385210037231,0.37091320753097534
EN-Tenor-1__vibrato__technique__You_Belong_With_Me__0002_v2,vibrato,2,EN-Tenor-1,0.6411669254302979,0.8471517562866211,0.3602643311023712
EN-Tenor-1__vibrato__technique__You_Belong_With_Me__0003_v0,vibrato,0,EN-Tenor-1,0.7138157486915588,0.7565504312515259,0.3895668387413025
EN-Tenor-1__vibrato__technique__You_Belong_With_Me__0003_v1,vibrato,1,EN-Tenor-1,0.6952238082885742,0.7807384133338928,0.4363434612751007
EN-Tenor-1__vibrato__technique__You_Belong_With_Me__0003_v2,vibrato,2,EN-Tenor-1,0.6665806770324707,0.8166019916534424,0.39430296421051025
EN-Tenor-1__vibrato__technique__You_Belong_With_Me__0004_v0,vibrato,0,EN-Tenor-1,0.6914555430412292,0.7855501174926758,0.445487916469574
EN-Tenor-1__vibrato__technique__You_Belong_With_Me__0004_v1,vibrato,1,EN-Tenor-1,0.6149647235870361,0.8775367140769958,0.5302902460098267
EN-Tenor-1__vibrato__technique__You_Belong_With_Me__0004_v2,vibrato,2,EN-Tenor-1,0.601464033126831,0.8927888870239258,0.5080252289772034
EN-Tenor-1__vibrato__technique__You_Belong_With_Me__0005_v0,vibrato,0,EN-Tenor-1,0.7319955229759216,0.7321263551712036,0.37466052174568176
EN-Tenor-1__vibrato__technique__You_Belong_With_Me__0005_v1,vibrato,1,EN-Tenor-1,0.7011464834213257,0.7731152176856995,0.4399798512458801
EN-Tenor-1__vibrato__technique__You_Belong_With_Me__0005_v2,vibrato,2,EN-Tenor-1,0.6958894729614258,0.7798853516578674,0.45509737730026245
EN-Tenor-1__vibrato__technique__You_Belong_With_Me__0006_v0,vibrato,0,EN-Tenor-1,0.7405002117156982,0.7204163074493408,0.41785386204719543
EN-Tenor-1__vibrato__technique__You_Belong_With_Me__0006_v1,vibrato,1,EN-Tenor-1,0.729577362537384,0.7354218363761902,0.4632343351840973
EN-Tenor-1__vibrato__technique__You_Belong_With_Me__0006_v2,vibrato,2,EN-Tenor-1,0.7201328277587891,0.7481539845466614,0.4698455035686493
EN-Tenor-1__vibrato__technique__You_Belong_With_Me__0007_v0,vibrato,0,EN-Tenor-1,0.8116378784179688,0.6137787103652954,0.3406775891780853
EN-Tenor-1__vibrato__technique__You_Belong_With_Me__0007_v1,vibrato,1,EN-Tenor-1,0.7854194045066833,0.6551039814949036,0.4171105921268463
EN-Tenor-1__vibrato__technique__You_Belong_With_Me__0007_v2,vibrato,2,EN-Tenor-1,0.778859555721283,0.6650419235229492,0.34674131870269775
EN-Tenor-1__vibrato__technique__You_Belong_With_Me__0008_v0,vibrato,0,EN-Tenor-1,0.7745173573493958,0.6715396642684937,0.4359726905822754
EN-Tenor-1__vibrato__technique__You_Belong_With_Me__0008_v1,vibrato,1,EN-Tenor-1,0.7567300796508789,0.6975240707397461,0.4589598476886749
EN-Tenor-1__vibrato__technique__You_Belong_With_Me__0008_v2,vibrato,2,EN-Tenor-1,0.7528570890426636,0.703054666519165,0.4327048063278198
EN-Tenor-1__vibrato__technique__You_Belong_With_Me__0009_v0,vibrato,0,EN-Tenor-1,0.7852623462677002,0.655343770980835,0.2577498257160187
EN-Tenor-1__vibrato__technique__You_Belong_With_Me__0009_v1,vibrato,1,EN-Tenor-1,0.7446930408477783,0.7145726680755615,0.36818578839302063
EN-Tenor-1__vibrato__technique__You_Belong_With_Me__0009_v2,vibrato,2,EN-Tenor-1,0.7393894791603088,0.7219564914703369,0.3407532572746277
EN-Tenor-1__vibrato__technique__You_Belong_With_Me__0010_v0,vibrato,0,EN-Tenor-1,0.7575340867042542,0.696370542049408,0.4212220311164856
EN-Tenor-1__vibrato__technique__You_Belong_With_Me__0010_v1,vibrato,1,EN-Tenor-1,0.7273344397544861,0.7384654879570007,0.45654675364494324
EN-Tenor-1__vibrato__technique__You_Belong_With_Me__0010_v2,vibrato,2,EN-Tenor-1,0.7144127488136292,0.7557610273361206,0.4393901228904724
EN-Tenor-1__vibrato__technique__You_Belong_With_Me__0011_v0,vibrato,0,EN-Tenor-1,0.7109099626541138,0.7603816390037537,0.21339185535907745
EN-Tenor-1__vibrato__technique__You_Belong_With_Me__0011_v1,vibrato,1,EN-Tenor-1,0.6965075731277466,0.7790924310684204,0.2863044738769531
EN-Tenor-1__vibrato__technique__You_Belong_With_Me__0011_v2,vibrato,2,EN-Tenor-1,0.6926664710044861,0.78400719165802,0.2978641092777252
EN-Tenor-1__vibrato__technique__You_Belong_With_Me__0012_v0,vibrato,0,EN-Tenor-1,0.7522279620170593,0.703948974609375,0.40651294589042664
EN-Tenor-1__vibrato__technique__You_Belong_With_Me__0012_v1,vibrato,1,EN-Tenor-1,0.6890850067138672,0.7885620594024658,0.43332719802856445
EN-Tenor-1__vibrato__technique__You_Belong_With_Me__0012_v2,vibrato,2,EN-Tenor-1,0.6845821738243103,0.7942517995834351,0.41426417231559753
EN-Tenor-1__vibrato__technique__You_Belong_With_Me__0013_v0,vibrato,0,EN-Tenor-1,0.7831235527992249,0.6585994362831116,0.4243215322494507
EN-Tenor-1__vibrato__technique__You_Belong_With_Me__0013_v1,vibrato,1,EN-Tenor-1,0.7224481105804443,0.7450529336929321,0.4924253821372986
EN-Tenor-1__vibrato__technique__You_Belong_With_Me__0013_v2,vibrato,2,EN-Tenor-1,0.728962242603302,0.7362579703330994,0.4771846532821655
