n,wer,per,hallucination_rate,wer_no_halluc,technique
906,0.2879292089079022,0.15608998001096738,0.019867549668874173,0.1601587906843493,vibrato
1047,0.20961535274221887,0.13799634642281075,0.009551098376313277,0.14764778455349345,pharyngeal
675,0.20885074565608286,0.14255392463325323,0.013333333333333334,0.12765425161970795,breathy
459,0.1391374717409986,0.08394573836802147,0.0,0.1391374717409986,mixed_falsetto
900,0.137637311938621,0.08593463633863388,0.008888888888888889,0.1258992737369174,glissando
