n,wer,per,hallucination_rate,wer_no_halluc,singer_id
756,0.33805203949299106,0.18341802558864784,0.015873015873015872,0.19143075902398407,EN-Tenor-1
1158,0.22644531804082024,0.16044904409584596,0.02158894645941278,0.11892251212849106,EN-Alto-1
2073,0.14049785385211028,0.08371048814749163,0.003859141341051616,0.13527944360068986,EN-Alto-2
