n,wer,per,hallucination_rate,wer_no_halluc,group
3987,0.20292025863641727,0.12490490653066405,0.011286681715575621,0.1411759873137618,technique
