n,wer,per,hallucination_rate,wer_no_halluc,singer_id
77,0.20744691765717216,0.13540133434301202,0.0,0.20744691765717216,EN-Tenor-1
233,0.16266504191916867,0.09597661919271411,0.012875536480686695,0.1477577743499984,EN-Alto-2
118,0.11630805530610977,0.06805551788073447,0.00847457627118644,0.10875513270188848,EN-Alto-1
