n,wer,per,hallucination_rate,wer_no_halluc
428,0.15794092979647079,0.09537150964074995,0.009345794392523364,0.14783502661845008
