n,wer,per,hallucination_rate,wer_no_halluc,technique
91,0.21226148368554723,0.1283409708003096,0.02197802197802198,0.19268683537885542,vibrato
68,0.16510584586683913,0.09173363518557842,0.014705882352941176,0.141450709237986,glissando
105,0.1464580928442731,0.09613128702467032,0.009523809523809525,0.1382509591216219,pharyngeal
68,0.14030523480916118,0.07676938144637786,0.0,0.14030523480916118,breathy
96,0.1264257260717501,0.07904153661301454,0.0,0.1264257260717501,mixed_falsetto
