level,n,mean_tbe,median_tbe,within_20ms,within_50ms,within_100ms
word,30652,0.2675968973313324,0.1848776717343077,0.35710557223019707,0.5871068772021402,0.7011288007307843
phone,84640,0.49090119613067107,0.3946060175508034,0.18206521739130435,0.2621219281663516,0.3655600189035917
