n,wer,per,hallucination_rate,wer_no_halluc,singer_id
807,0.21051973918317946,0.15228325959297978,0.028500619578686492,0.12215261829958561,EN-Alto-1
756,0.20283352321253947,0.11720488677945222,0.006613756613756613,0.15063629538534504,EN-Tenor-1
1142,0.16112185511074,0.10239034347824608,0.03940455341506129,0.11956511707223336,EN-Alto-2
