n,wer,per,hallucination_rate,wer_no_halluc
2705,0.23134188609496864,0.15716172386525018,0.03290203327171904,0.1293219934705946
