n,wer,per,hallucination_rate,wer_no_halluc,singer_id
756,0.6022158823963112,0.36372028491489716,0.15476190476190477,0.5146247459435687,EN-Tenor-1
1142,0.5312855143456627,0.31607314281728316,0.11295971978984239,0.46152582625898464,EN-Alto-2
807,0.46200621901900013,0.2632255034782253,0.07434944237918216,0.3895049944706095,EN-Alto-1
