n,wer,per,hallucination_rate,wer_no_halluc
2705,0.18751672148095036,0.12141562186652777,0.026987060998151572,0.12920153647777707
