n,wer,per,hallucination_rate,wer_no_halluc,technique
675,0.5706097710258585,0.3362886493037721,0.13185185185185186,0.4837213684093934,vibrato
855,0.5351038777936618,0.3238814280459051,0.11929824561403508,0.45259052942952704,pharyngeal
368,0.5186246686698016,0.2905532667410238,0.10326086956521739,0.4547664414834381,mixed_falsetto
474,0.4983153371606658,0.2974803279272825,0.09282700421940929,0.42831349569183463,breathy
333,0.49583040354958957,0.28981474156878023,0.0990990990990991,0.429406620474917,glissando
