n,wer,per,hallucination_rate,wer_no_halluc,singer_id
807,0.3965444593047722,0.2916173662479104,0.03965303593556382,0.16754126028427105,EN-Alto-1
756,0.2638321176385804,0.16765600800381725,0.018518518518518517,0.22212159540688636,EN-Tenor-1
1142,0.2514816721772261,0.15772652330158946,0.03940455341506129,0.18464122176457873,EN-Alto-2
