n,wer,per,hallucination_rate,wer_no_halluc
2705,0.5304407701377786,0.3136233071349085,0.11312384473197781,0.45324347875274573
