n,wer,per,hallucination_rate,wer_no_halluc
2705,0.29821091653238824,0.20044615387185385,0.03364140480591497,0.19021045171689463
