n,wer,per,hallucination_rate,wer_no_halluc,singer_id
807,0.4054661784269641,0.2875491961756265,0.042131350681536554,0.13612438027057197,EN-Alto-1
756,0.16318285755808778,0.10532475042976802,0.010582010582010581,0.15022224640897644,EN-Tenor-1
1142,0.15341712397759702,0.0993386606102159,0.04115586690017513,0.11024287548493962,EN-Alto-2
