n,wer,per,hallucination_rate,wer_no_halluc
428,0.15800768547070312,0.09548141227515682,0.009345794392523364,0.14790241206319404
