n,wer,per,hallucination_rate,wer_no_halluc,technique
91,0.21336038478444833,0.12912590015666753,0.02197802197802198,0.1938104308844734,vibrato
68,0.1640554256987719,0.0913749551281896,0.014705882352941176,0.14038461115696255,glissando
105,0.1464580928442731,0.09613128702467032,0.009523809523809525,0.1382509591216219,pharyngeal
68,0.14030523480916118,0.07676938144637786,0.0,0.14030523480916118,breathy
96,0.1264257260717501,0.07904153661301454,0.0,0.1264257260717501,mixed_falsetto
